<?xml version="1.0"?>
<Runs Version="1" Minor="0">
	<Run Id="system_axi_smc_0_synth_1" LaunchDir="/home/ispr/Documentos/ispr/tutorials/lab4/hw/system_axi_smc_0_synth_1" FlowId="Vivado_Synthesis" FromStepId="vivado" ToStepId="vivado"/>
	<Run Id="system_auto_pc_1_synth_1" LaunchDir="/home/ispr/Documentos/ispr/tutorials/lab4/hw/system_auto_pc_1_synth_1" FlowId="Vivado_Synthesis" FromStepId="vivado" ToStepId="vivado"/>
	<Run Id="system_axi_bram_ctrl_1_0_synth_1" LaunchDir="/home/ispr/Documentos/ispr/tutorials/lab4/hw/system_axi_bram_ctrl_1_0_synth_1" FlowId="Vivado_Synthesis" FromStepId="vivado" ToStepId="vivado"/>
	<Run Id="system_auto_pc_0_synth_1" LaunchDir="/home/ispr/Documentos/ispr/tutorials/lab4/hw/system_auto_pc_0_synth_1" FlowId="Vivado_Synthesis" FromStepId="vivado" ToStepId="vivado"/>
	<Run Id="system_xbar_1_synth_1" LaunchDir="/home/ispr/Documentos/ispr/tutorials/lab4/hw/system_xbar_1_synth_1" FlowId="Vivado_Synthesis" FromStepId="vivado" ToStepId="vivado"/>
	<Run Id="system_axi_bram_ctrl_0_bram_0_synth_1" LaunchDir="/home/ispr/Documentos/ispr/tutorials/lab4/hw/system_axi_bram_ctrl_0_bram_0_synth_1" FlowId="Vivado_Synthesis" FromStepId="vivado" ToStepId="vivado"/>
	<Run Id="system_axi_bram_ctrl_0_0_synth_1" LaunchDir="/home/ispr/Documentos/ispr/tutorials/lab4/hw/system_axi_bram_ctrl_0_0_synth_1" FlowId="Vivado_Synthesis" FromStepId="vivado" ToStepId="vivado"/>
	<Run Id="synth_1" LaunchDir="/home/ispr/Documentos/ispr/tutorials/lab4/hw/synth_1" FlowId="Vivado_Synthesis" FromStepId="vivado" ToStepId="vivado">
		<Parent Id="system_axi_smc_0_synth_1"/>
		<Parent Id="system_auto_pc_1_synth_1"/>
		<Parent Id="system_axi_bram_ctrl_1_0_synth_1"/>
		<Parent Id="system_auto_pc_0_synth_1"/>
		<Parent Id="system_xbar_1_synth_1"/>
		<Parent Id="system_axi_bram_ctrl_0_bram_0_synth_1"/>
		<Parent Id="system_axi_bram_ctrl_0_0_synth_1"/>
	</Run>
	<Run Id="impl_1" LaunchDir="/home/ispr/Documentos/ispr/tutorials/lab4/hw/impl_1" FlowId="Vivado_Implementation" FromStepId="init_design" ToStepId="write_bitstream">
		<Parent Id="synth_1"/>
		<Parent Id="system_axi_smc_0_synth_1"/>
		<Parent Id="system_auto_pc_1_synth_1"/>
		<Parent Id="system_axi_bram_ctrl_1_0_synth_1"/>
		<Parent Id="system_auto_pc_0_synth_1"/>
		<Parent Id="system_xbar_1_synth_1"/>
		<Parent Id="system_axi_bram_ctrl_0_bram_0_synth_1"/>
		<Parent Id="system_axi_bram_ctrl_0_0_synth_1"/>
	</Run>
	<Parameters>
		<Parameter Name="runs.monitorLSFJobs" Val="true" Type="bool"/>
		<Parameter Name="runs.enableClusterConf" Val="true" Type="bool"/>
	</Parameters>
</Runs>

