<?xml version="1.0" encoding="UTF-8"?>
<vivadoHLSLog:LogRoot xmlns:vivadoHLSLog="www.xilinx.com/vivadoHLSLog">
  <errorLogs>
    <logs>
      <synLog/>
      <simLog/>
      <mgLog/>
      <packageLog/>
      <csimLog/>
    </logs>
  </errorLogs>
  <warningLogs>
    <logs>
      <synLog>
        <logs message="WARNING: [RTGEN 206-101] RTL name 'dct_mac_muladd_16eOg' is changed to 'dct_mac_muladd_16eOg_x' due to conflict." projectName="dct.pr" solutionName="solution7" date="2023-04-19T18:35:30.643+0200" type="Warning"/>
        <logs message="WARNING: [RTGEN 206-101] RTL name 'dct_mac_muladd_16dEe' is changed to 'dct_mac_muladd_16dEe_x' due to conflict." projectName="dct.pr" solutionName="solution7" date="2023-04-19T18:35:30.643+0200" type="Warning"/>
        <logs message="WARNING: [RTGEN 206-101] RTL name 'dct_mul_mul_16s_1cud' is changed to 'dct_mul_mul_16s_1cud_x' due to conflict." projectName="dct.pr" solutionName="solution7" date="2023-04-19T18:35:30.636+0200" type="Warning"/>
        <logs message="WARNING: [SCHED 204-21] The critical path consists of the following:&#xD;&#xA;&#x9;'mul' operation ('tmp_3_7_i', dct.c:17) (3.36 ns)&#xD;&#xA;&#x9;'add' operation ('tmp6', dct.c:19) (3.02 ns)&#xD;&#xA;&#x9;'add' operation ('tmp5', dct.c:19) (3.02 ns)" projectName="dct.pr" solutionName="solution7" date="2023-04-19T18:35:29.640+0200" type="Warning"/>
        <logs message="WARNING: [SCHED 204-21] Estimated clock period (9.4ns) exceeds the target (target clock period: 8ns, clock uncertainty: 1ns, effective delay budget: 7ns)." projectName="dct.pr" solutionName="solution7" date="2023-04-19T18:35:29.618+0200" type="Warning"/>
        <logs message="WARNING: [SCHED 204-21] The critical path consists of the following:&#xD;&#xA;&#x9;'load' operation ('col_inbuf_load', dct.c:40->dct.c:87) on array 'col_inbuf' (3.25 ns)&#xD;&#xA;&#x9;'and' operation ('tmp_46', dct.c:40->dct.c:87) (0 ns)&#xD;&#xA;&#x9;'or' operation ('tmp_48', dct.c:40->dct.c:87) (2.07 ns)&#xD;&#xA;&#x9;'store' operation (dct.c:40->dct.c:87) of variable 'tmp_48', dct.c:40->dct.c:87 on array 'col_inbuf' (3.25 ns)" projectName="dct.pr" solutionName="solution7" date="2023-04-19T18:35:29.534+0200" type="Warning"/>
        <logs message="WARNING: [SCHED 204-21] Estimated clock period (8.58ns) exceeds the target (target clock period: 8ns, clock uncertainty: 1ns, effective delay budget: 7ns)." projectName="dct.pr" solutionName="solution7" date="2023-04-19T18:35:29.518+0200" type="Warning"/>
        <logs message="WARNING: [SCHED 204-68] Unable to enforce a carried dependence constraint (II = 1, distance = 1, offset = 1)&#xD;&#xA;   between 'store' operation (dct.c:40->dct.c:87) of variable 'tmp_48', dct.c:40->dct.c:87 on array 'col_inbuf' and 'load' operation ('col_inbuf_load', dct.c:40->dct.c:87) on array 'col_inbuf'." projectName="dct.pr" solutionName="solution7" date="2023-04-19T18:35:29.502+0200" type="Warning"/>
        <logs message="WARNING: [SCHED 204-21] The critical path consists of the following:&#xD;&#xA;&#x9;'mul' operation ('tmp_3_7_i', dct.c:17) (3.36 ns)&#xD;&#xA;&#x9;'add' operation ('tmp7', dct.c:19) (3.02 ns)&#xD;&#xA;&#x9;'add' operation ('tmp6', dct.c:19) (3.02 ns)" projectName="dct.pr" solutionName="solution7" date="2023-04-19T18:35:29.402+0200" type="Warning"/>
        <logs message="WARNING: [SCHED 204-21] Estimated clock period (9.4ns) exceeds the target (target clock period: 8ns, clock uncertainty: 1ns, effective delay budget: 7ns)." projectName="dct.pr" solutionName="solution7" date="2023-04-19T18:35:29.386+0200" type="Warning"/>
        <logs message="WARNING: [SCHED 204-21] The critical path consists of the following:&#xD;&#xA;&#x9;'load' operation ('buf_load', dct.c:62) on array 'buf_r' (3.25 ns)&#xD;&#xA;&#x9;'and' operation ('tmp_24', dct.c:62) (0 ns)&#xD;&#xA;&#x9;'or' operation ('tmp_26', dct.c:62) (2.07 ns)&#xD;&#xA;&#x9;'store' operation (dct.c:62) of variable 'tmp_26', dct.c:62 on array 'buf_r' (3.25 ns)" projectName="dct.pr" solutionName="solution7" date="2023-04-19T18:35:29.286+0200" type="Warning"/>
        <logs message="WARNING: [SCHED 204-21] Estimated clock period (8.58ns) exceeds the target (target clock period: 8ns, clock uncertainty: 1ns, effective delay budget: 7ns)." projectName="dct.pr" solutionName="solution7" date="2023-04-19T18:35:29.271+0200" type="Warning"/>
        <logs message="WARNING: [SCHED 204-68] Unable to enforce a carried dependence constraint (II = 1, distance = 1, offset = 1)&#xD;&#xA;   between 'store' operation (dct.c:62) of variable 'tmp_26', dct.c:62 on array 'buf_r' and 'load' operation ('buf_load', dct.c:62) on array 'buf_r'." projectName="dct.pr" solutionName="solution7" date="2023-04-19T18:35:29.271+0200" type="Warning"/>
        <logs message="WARNING: [SYN 201-107] Renaming port name 'dct/output' to 'dct/output_r' to avoid the conflict with HDL keywords or other object names." projectName="dct.pr" solutionName="solution7" date="2023-04-19T18:35:29.239+0200" type="Warning"/>
        <logs message="WARNING: [SYN 201-107] Renaming port name 'dct/input' to 'dct/input_r' to avoid the conflict with HDL keywords or other object names." projectName="dct.pr" solutionName="solution7" date="2023-04-19T18:35:29.217+0200" type="Warning"/>
        <logs message="WARNING: [XFORM 203-631] Renaming function 'Loop_Xpose_Row_Outer_Loop_proc' (dct.c:37:63) into Loop_Xpose_Row_Outer." projectName="dct.pr" solutionName="solution7" date="2023-04-19T18:35:29.202+0200" type="Warning"/>
        <logs message="WARNING: [XFORM 203-631] Renaming function 'Loop_Xpose_Col_Outer_Loop_proc' (dct.c:48:63) into Loop_Xpose_Col_Outer." projectName="dct.pr" solutionName="solution7" date="2023-04-19T18:35:29.001+0200" type="Warning"/>
        <logs message="WARNING: [XFORM 203-631] Renaming function 'Loop_Col_DCT_Loop_proc' (dct.c:13:61) into Loop_Col_DCT_Loop_pr." projectName="dct.pr" solutionName="solution7" date="2023-04-19T18:35:28.985+0200" type="Warning"/>
        <logs message="WARNING: [XFORM 203-631] Renaming function 'Loop_Row_DCT_Loop_proc' (dct.c:13:61) into Loop_Row_DCT_Loop_pr." projectName="dct.pr" solutionName="solution7" date="2023-04-19T18:35:28.985+0200" type="Warning"/>
        <logs message="WARNING: [XFORM 203-542] the outer loop is not a perfect loop." projectName="dct.pr" solutionName="solution7" date="2023-04-19T18:35:28.970+0200" type="Warning"/>
        <logs message="WARNING: [XFORM 203-542] Cannot flatten a loop nest 'Col_DCT_Loop' (dct.c:43:67) in function 'Loop_Col_DCT_Loop_proc' : " projectName="dct.pr" solutionName="solution7" date="2023-04-19T18:35:28.939+0200" type="Warning"/>
        <logs message="WARNING: [XFORM 203-542] the outer loop is not a perfect loop." projectName="dct.pr" solutionName="solution7" date="2023-04-19T18:35:28.932+0200" type="Warning"/>
        <logs message="WARNING: [XFORM 203-542] Cannot flatten a loop nest 'Row_DCT_Loop' (dct.c:32:66) in function 'Loop_Row_DCT_Loop_proc' : " projectName="dct.pr" solutionName="solution7" date="2023-04-19T18:35:28.916+0200" type="Warning"/>
        <logs message="WARNING: [XFORM 203-713] All the elements of global array 'col_outbuf.i' should be updated in process function 'Loop_Col_DCT_Loop_proc' (dct.c:43:61), otherwise it may not be synthesized correctly." projectName="dct.pr" solutionName="solution7" date="2023-04-19T18:35:28.716+0200" type="Warning"/>
        <logs message="WARNING: [XFORM 203-713] All the elements of global array 'row_outbuf.i' should be updated in process function 'Loop_Row_DCT_Loop_proc' (dct.c:32:60), otherwise it may not be synthesized correctly." projectName="dct.pr" solutionName="solution7" date="2023-04-19T18:35:28.716+0200" type="Warning"/>
        <logs message="WARNING: [XFORM 203-713] All the elements of global array 'col_inbuf' (dct.c:27) should be updated in process function 'Loop_Xpose_Row_Outer_Loop_proc' (dct.c:37:63), otherwise it may not be synthesized correctly." projectName="dct.pr" solutionName="solution7" date="2023-04-19T18:35:28.700+0200" type="Warning"/>
        <logs message="WARNING: [XFORM 203-713] All the elements of global array 'buf_2d_in' (dct.c:81) should be updated in process function 'read_data' (dct.c:54), otherwise it may not be synthesized correctly." projectName="dct.pr" solutionName="solution7" date="2023-04-19T18:35:28.685+0200" type="Warning"/>
        <logs message="WARNING: [RTGEN 206-101] RTL name 'dct_mac_muladd_15mb6' is changed to 'dct_mac_muladd_15mb6_x' due to conflict." projectName="dct.pr" solutionName="solution6" date="2023-04-19T18:31:20.252+0200" type="Warning"/>
        <logs message="WARNING: [RTGEN 206-101] RTL name 'dct_mac_muladd_15lbW' is changed to 'dct_mac_muladd_15lbW_x' due to conflict." projectName="dct.pr" solutionName="solution6" date="2023-04-19T18:31:20.236+0200" type="Warning"/>
        <logs message="WARNING: [RTGEN 206-101] RTL name 'dct_mac_muladd_14kbM' is changed to 'dct_mac_muladd_14kbM_x' due to conflict." projectName="dct.pr" solutionName="solution6" date="2023-04-19T18:31:20.236+0200" type="Warning"/>
        <logs message="WARNING: [RTGEN 206-101] RTL name 'dct_mul_mul_15s_1jbC' is changed to 'dct_mul_mul_15s_1jbC_x' due to conflict." projectName="dct.pr" solutionName="solution6" date="2023-04-19T18:31:20.221+0200" type="Warning"/>
        <logs message="WARNING: [SCHED 204-21] The critical path consists of the following:&#xD;&#xA;&#x9;'mul' operation ('tmp_3_7_i', dct.c:17->dct.c:44->dct.c:87) (3.36 ns)&#xD;&#xA;&#x9;'add' operation ('tmp6', dct.c:19->dct.c:44->dct.c:87) (3.02 ns)&#xD;&#xA;&#x9;'add' operation ('tmp5', dct.c:19->dct.c:44->dct.c:87) (3.02 ns)" projectName="dct.pr" solutionName="solution6" date="2023-04-19T18:31:19.165+0200" type="Warning"/>
        <logs message="WARNING: [SCHED 204-21] Estimated clock period (9.4ns) exceeds the target (target clock period: 8ns, clock uncertainty: 1ns, effective delay budget: 7ns)." projectName="dct.pr" solutionName="solution6" date="2023-04-19T18:31:19.165+0200" type="Warning"/>
        <logs message="WARNING: [SCHED 204-21] The critical path consists of the following:&#xD;&#xA;&#x9;'mul' operation ('tmp_3_7_i', dct.c:17->dct.c:33->dct.c:87) (3.36 ns)&#xD;&#xA;&#x9;'add' operation ('tmp7', dct.c:19->dct.c:33->dct.c:87) (3.02 ns)&#xD;&#xA;&#x9;'add' operation ('tmp6', dct.c:19->dct.c:33->dct.c:87) (3.02 ns)" projectName="dct.pr" solutionName="solution6" date="2023-04-19T18:31:18.933+0200" type="Warning"/>
        <logs message="WARNING: [SCHED 204-21] Estimated clock period (9.4ns) exceeds the target (target clock period: 8ns, clock uncertainty: 1ns, effective delay budget: 7ns)." projectName="dct.pr" solutionName="solution6" date="2023-04-19T18:31:18.917+0200" type="Warning"/>
        <logs message="WARNING: [SYN 201-107] Renaming port name 'dct/output' to 'dct/output_r' to avoid the conflict with HDL keywords or other object names." projectName="dct.pr" solutionName="solution6" date="2023-04-19T18:31:18.764+0200" type="Warning"/>
        <logs message="WARNING: [SYN 201-107] Renaming port name 'dct/input' to 'dct/input_r' to avoid the conflict with HDL keywords or other object names." projectName="dct.pr" solutionName="solution6" date="2023-04-19T18:31:18.748+0200" type="Warning"/>
        <logs message="WARNING: [XFORM 203-631] Renaming function 'Loop_Xpose_Col_Outer_Loop_proc' (dct.c:48:63) into Loop_Xpose_Col_Outer." projectName="dct.pr" solutionName="solution6" date="2023-04-19T18:31:18.733+0200" type="Warning"/>
        <logs message="WARNING: [XFORM 203-631] Renaming function 'Loop_Col_DCT_Loop_proc' (dct.c:13:61) into Loop_Col_DCT_Loop_pr." projectName="dct.pr" solutionName="solution6" date="2023-04-19T18:31:18.598+0200" type="Warning"/>
        <logs message="WARNING: [XFORM 203-631] Renaming function 'Loop_Xpose_Row_Outer_Loop_proc' (dct.c:37:63) into Loop_Xpose_Row_Outer." projectName="dct.pr" solutionName="solution6" date="2023-04-19T18:31:18.588+0200" type="Warning"/>
        <logs message="WARNING: [XFORM 203-631] Renaming function 'Loop_Row_DCT_Loop_proc' (dct.c:13:61) into Loop_Row_DCT_Loop_pr." projectName="dct.pr" solutionName="solution6" date="2023-04-19T18:31:18.576+0200" type="Warning"/>
        <logs message="WARNING: [XFORM 203-542] the outer loop is not a perfect loop." projectName="dct.pr" solutionName="solution6" date="2023-04-19T18:31:18.568+0200" type="Warning"/>
        <logs message="WARNING: [XFORM 203-542] Cannot flatten a loop nest 'Col_DCT_Loop' (dct.c:43:67) in function 'Loop_Col_DCT_Loop_proc' : " projectName="dct.pr" solutionName="solution6" date="2023-04-19T18:31:18.558+0200" type="Warning"/>
        <logs message="WARNING: [XFORM 203-542] the outer loop is not a perfect loop." projectName="dct.pr" solutionName="solution6" date="2023-04-19T18:31:18.550+0200" type="Warning"/>
        <logs message="WARNING: [XFORM 203-542] Cannot flatten a loop nest 'Row_DCT_Loop' (dct.c:32:66) in function 'Loop_Row_DCT_Loop_proc' : " projectName="dct.pr" solutionName="solution6" date="2023-04-19T18:31:18.534+0200" type="Warning"/>
        <logs message="WARNING: [XFORM 203-713] All the elements of global array 'row_outbuf.i' should be updated in process function 'Loop_Row_DCT_Loop_proc' (dct.c:32:60), otherwise it may not be synthesized correctly." projectName="dct.pr" solutionName="solution6" date="2023-04-19T18:31:18.487+0200" type="Warning"/>
        <logs message="WARNING: [XFORM 203-713] All the elements of global array 'col_outbuf.i' should be updated in process function 'Loop_Col_DCT_Loop_proc' (dct.c:43:61), otherwise it may not be synthesized correctly." projectName="dct.pr" solutionName="solution6" date="2023-04-19T18:31:18.472+0200" type="Warning"/>
        <logs message="WARNING: [XFORM 203-713] All the elements of global array 'buf_2d_in[1]' (dct.c:81) should be updated in process function 'read_data' (dct.c:54), otherwise it may not be synthesized correctly." projectName="dct.pr" solutionName="solution6" date="2023-04-19T18:31:18.456+0200" type="Warning"/>
        <logs message="WARNING: [XFORM 203-713] All the elements of global array 'col_inbuf[5]' (dct.c:27) should be updated in process function 'Loop_Xpose_Row_Outer_Loop_proc' (dct.c:37:63), otherwise it may not be synthesized correctly." projectName="dct.pr" solutionName="solution6" date="2023-04-19T18:31:18.456+0200" type="Warning"/>
        <logs message="WARNING: [XFORM 203-713] All the elements of global array 'col_inbuf[2]' (dct.c:27) should be updated in process function 'Loop_Xpose_Row_Outer_Loop_proc' (dct.c:37:63), otherwise it may not be synthesized correctly." projectName="dct.pr" solutionName="solution6" date="2023-04-19T18:31:18.434+0200" type="Warning"/>
        <logs message="WARNING: [XFORM 203-713] All the elements of global array 'col_inbuf[1]' (dct.c:27) should be updated in process function 'Loop_Xpose_Row_Outer_Loop_proc' (dct.c:37:63), otherwise it may not be synthesized correctly." projectName="dct.pr" solutionName="solution6" date="2023-04-19T18:31:18.434+0200" type="Warning"/>
        <logs message="WARNING: [XFORM 203-713] All the elements of global array 'buf_2d_in[2]' (dct.c:81) should be updated in process function 'read_data' (dct.c:54), otherwise it may not be synthesized correctly." projectName="dct.pr" solutionName="solution6" date="2023-04-19T18:31:18.418+0200" type="Warning"/>
        <logs message="WARNING: [XFORM 203-713] All the elements of global array 'buf_2d_in[0]' (dct.c:81) should be updated in process function 'read_data' (dct.c:54), otherwise it may not be synthesized correctly." projectName="dct.pr" solutionName="solution6" date="2023-04-19T18:31:18.418+0200" type="Warning"/>
        <logs message="WARNING: [XFORM 203-713] All the elements of global array 'buf_2d_in[5]' (dct.c:81) should be updated in process function 'read_data' (dct.c:54), otherwise it may not be synthesized correctly." projectName="dct.pr" solutionName="solution6" date="2023-04-19T18:31:18.403+0200" type="Warning"/>
        <logs message="WARNING: [XFORM 203-713] All the elements of global array 'col_inbuf[7]' (dct.c:27) should be updated in process function 'Loop_Xpose_Row_Outer_Loop_proc' (dct.c:37:63), otherwise it may not be synthesized correctly." projectName="dct.pr" solutionName="solution6" date="2023-04-19T18:31:18.387+0200" type="Warning"/>
        <logs message="WARNING: [XFORM 203-713] All the elements of global array 'col_inbuf[4]' (dct.c:27) should be updated in process function 'Loop_Xpose_Row_Outer_Loop_proc' (dct.c:37:63), otherwise it may not be synthesized correctly." projectName="dct.pr" solutionName="solution6" date="2023-04-19T18:31:18.371+0200" type="Warning"/>
        <logs message="WARNING: [XFORM 203-713] All the elements of global array 'buf_2d_in[7]' (dct.c:81) should be updated in process function 'read_data' (dct.c:54), otherwise it may not be synthesized correctly." projectName="dct.pr" solutionName="solution6" date="2023-04-19T18:31:18.371+0200" type="Warning"/>
        <logs message="WARNING: [XFORM 203-713] All the elements of global array 'buf_2d_in[6]' (dct.c:81) should be updated in process function 'read_data' (dct.c:54), otherwise it may not be synthesized correctly." projectName="dct.pr" solutionName="solution6" date="2023-04-19T18:31:18.356+0200" type="Warning"/>
        <logs message="WARNING: [XFORM 203-713] All the elements of global array 'buf_2d_in[3]' (dct.c:81) should be updated in process function 'read_data' (dct.c:54), otherwise it may not be synthesized correctly." projectName="dct.pr" solutionName="solution6" date="2023-04-19T18:31:18.346+0200" type="Warning"/>
        <logs message="WARNING: [XFORM 203-713] All the elements of global array 'col_inbuf[3]' (dct.c:27) should be updated in process function 'Loop_Xpose_Row_Outer_Loop_proc' (dct.c:37:63), otherwise it may not be synthesized correctly." projectName="dct.pr" solutionName="solution6" date="2023-04-19T18:31:18.338+0200" type="Warning"/>
        <logs message="WARNING: [XFORM 203-713] All the elements of global array 'buf_2d_in[4]' (dct.c:81) should be updated in process function 'read_data' (dct.c:54), otherwise it may not be synthesized correctly." projectName="dct.pr" solutionName="solution6" date="2023-04-19T18:31:18.328+0200" type="Warning"/>
        <logs message="WARNING: [XFORM 203-713] All the elements of global array 'col_inbuf[6]' (dct.c:27) should be updated in process function 'Loop_Xpose_Row_Outer_Loop_proc' (dct.c:37:63), otherwise it may not be synthesized correctly." projectName="dct.pr" solutionName="solution6" date="2023-04-19T18:31:18.317+0200" type="Warning"/>
        <logs message="WARNING: [XFORM 203-713] All the elements of global array 'col_inbuf[0]' (dct.c:27) should be updated in process function 'Loop_Xpose_Row_Outer_Loop_proc' (dct.c:37:63), otherwise it may not be synthesized correctly." projectName="dct.pr" solutionName="solution6" date="2023-04-19T18:31:18.307+0200" type="Warning"/>
        <logs message="WARNING: [SCHED 204-21] The critical path consists of the following:&#xD;&#xA;&#x9;'mul' operation ('tmp_7_7', dct.c:17) (3.36 ns)&#xD;&#xA;&#x9;'add' operation ('tmp7', dct.c:19) (3.02 ns)&#xD;&#xA;&#x9;'add' operation ('tmp6', dct.c:19) (3.02 ns)" projectName="dct.pr" solutionName="solution5" date="2023-04-19T18:29:02.028+0200" type="Warning"/>
        <logs message="WARNING: [SCHED 204-21] Estimated clock period (9.4ns) exceeds the target (target clock period: 8ns, clock uncertainty: 1ns, effective delay budget: 7ns)." projectName="dct.pr" solutionName="solution5" date="2023-04-19T18:29:02.028+0200" type="Warning"/>
        <logs message="WARNING: [SYN 201-107] Renaming port name 'dct/output' to 'dct/output_r' to avoid the conflict with HDL keywords or other object names." projectName="dct.pr" solutionName="solution5" date="2023-04-19T18:29:01.890+0200" type="Warning"/>
        <logs message="WARNING: [SYN 201-107] Renaming port name 'dct/input' to 'dct/input_r' to avoid the conflict with HDL keywords or other object names." projectName="dct.pr" solutionName="solution5" date="2023-04-19T18:29:01.874+0200" type="Warning"/>
        <logs message="WARNING: [XFORM 203-713] All the elements of global array 'buf_2d_in[7]' (dct.c:81) should be updated in process function 'read_data' (dct.c:54), otherwise it may not be synthesized correctly." projectName="dct.pr" solutionName="solution5" date="2023-04-19T18:29:01.511+0200" type="Warning"/>
        <logs message="WARNING: [XFORM 203-713] All the elements of global array 'buf_2d_in[2]' (dct.c:81) should be updated in process function 'read_data' (dct.c:54), otherwise it may not be synthesized correctly." projectName="dct.pr" solutionName="solution5" date="2023-04-19T18:29:01.505+0200" type="Warning"/>
        <logs message="WARNING: [XFORM 203-713] All the elements of global array 'buf_2d_in[1]' (dct.c:81) should be updated in process function 'read_data' (dct.c:54), otherwise it may not be synthesized correctly." projectName="dct.pr" solutionName="solution5" date="2023-04-19T18:29:01.489+0200" type="Warning"/>
        <logs message="WARNING: [XFORM 203-713] All the elements of global array 'buf_2d_in[6]' (dct.c:81) should be updated in process function 'read_data' (dct.c:54), otherwise it may not be synthesized correctly." projectName="dct.pr" solutionName="solution5" date="2023-04-19T18:29:01.473+0200" type="Warning"/>
        <logs message="WARNING: [XFORM 203-713] All the elements of global array 'buf_2d_in[4]' (dct.c:81) should be updated in process function 'read_data' (dct.c:54), otherwise it may not be synthesized correctly." projectName="dct.pr" solutionName="solution5" date="2023-04-19T18:29:01.473+0200" type="Warning"/>
        <logs message="WARNING: [XFORM 203-713] All the elements of global array 'buf_2d_in[5]' (dct.c:81) should be updated in process function 'read_data' (dct.c:54), otherwise it may not be synthesized correctly." projectName="dct.pr" solutionName="solution5" date="2023-04-19T18:29:01.458+0200" type="Warning"/>
        <logs message="WARNING: [XFORM 203-713] All the elements of global array 'buf_2d_in[3]' (dct.c:81) should be updated in process function 'read_data' (dct.c:54), otherwise it may not be synthesized correctly." projectName="dct.pr" solutionName="solution5" date="2023-04-19T18:29:01.458+0200" type="Warning"/>
        <logs message="WARNING: [XFORM 203-713] All the elements of global array 'buf_2d_in[0]' (dct.c:81) should be updated in process function 'read_data' (dct.c:54), otherwise it may not be synthesized correctly." projectName="dct.pr" solutionName="solution5" date="2023-04-19T18:29:01.442+0200" type="Warning"/>
        <logs message="WARNING: [SCHED 204-21] The critical path consists of the following:&#xD;&#xA;&#x9;'mul' operation ('tmp_7_7', dct.c:17) (3.36 ns)&#xD;&#xA;&#x9;'add' operation ('tmp7', dct.c:19) (3.02 ns)&#xD;&#xA;&#x9;'add' operation ('tmp6', dct.c:19) (3.02 ns)" projectName="dct.pr" solutionName="solution4" date="2023-04-19T18:25:35.619+0200" type="Warning"/>
        <logs message="WARNING: [SCHED 204-21] Estimated clock period (9.4ns) exceeds the target (target clock period: 8ns, clock uncertainty: 1ns, effective delay budget: 7ns)." projectName="dct.pr" solutionName="solution4" date="2023-04-19T18:25:35.604+0200" type="Warning"/>
        <logs message="WARNING: [SYN 201-107] Renaming port name 'dct/output' to 'dct/output_r' to avoid the conflict with HDL keywords or other object names." projectName="dct.pr" solutionName="solution4" date="2023-04-19T18:25:35.472+0200" type="Warning"/>
        <logs message="WARNING: [SYN 201-107] Renaming port name 'dct/input' to 'dct/input_r' to avoid the conflict with HDL keywords or other object names." projectName="dct.pr" solutionName="solution4" date="2023-04-19T18:25:35.472+0200" type="Warning"/>
        <logs message="WARNING: [SCHED 204-21] The critical path consists of the following:&#xD;&#xA;&#x9;'mul' operation ('tmp_7_7', dct.c:17) (3.36 ns)&#xD;&#xA;&#x9;'add' operation ('tmp7', dct.c:19) (3.02 ns)&#xD;&#xA;&#x9;'add' operation ('tmp6', dct.c:19) (3.02 ns)" projectName="dct.pr" solutionName="solution3" date="2023-04-19T18:15:57.803+0200" type="Warning"/>
        <logs message="WARNING: [SCHED 204-21] Estimated clock period (9.4ns) exceeds the target (target clock period: 8ns, clock uncertainty: 1ns, effective delay budget: 7ns)." projectName="dct.pr" solutionName="solution3" date="2023-04-19T18:15:57.787+0200" type="Warning"/>
        <logs message="WARNING: [SCHED 204-69] Unable to schedule 'load' operation ('src_load_5', dct.c:17) on array 'src' due to limited memory ports." projectName="dct.pr" solutionName="solution3" date="2023-04-19T18:15:57.787+0200" type="Warning"/>
        <logs message="WARNING: [SYN 201-107] Renaming port name 'dct/output' to 'dct/output_r' to avoid the conflict with HDL keywords or other object names." projectName="dct.pr" solutionName="solution3" date="2023-04-19T18:15:57.740+0200" type="Warning"/>
        <logs message="WARNING: [SYN 201-107] Renaming port name 'dct/input' to 'dct/input_r' to avoid the conflict with HDL keywords or other object names." projectName="dct.pr" solutionName="solution3" date="2023-04-19T18:15:57.725+0200" type="Warning"/>
        <logs message="WARNING: [SYN 201-107] Renaming port name 'dct/output' to 'dct/output_r' to avoid the conflict with HDL keywords or other object names." projectName="dct.pr" solutionName="solution2" date="2023-04-19T18:09:36.787+0200" type="Warning"/>
        <logs message="WARNING: [SYN 201-107] Renaming port name 'dct/input' to 'dct/input_r' to avoid the conflict with HDL keywords or other object names." projectName="dct.pr" solutionName="solution2" date="2023-04-19T18:09:36.765+0200" type="Warning"/>
        <logs message="WARNING: [XFORM 203-542] the outer loop is not a perfect loop because there is nontrivial logic in the loop latch." projectName="dct.pr" solutionName="solution2" date="2023-04-19T18:09:36.433+0200" type="Warning"/>
        <logs message="WARNING: [XFORM 203-542] Cannot flatten a loop nest 'DCT_Outer_Loop' (dct.c:13:67) in function 'dct_1d' : " projectName="dct.pr" solutionName="solution2" date="2023-04-19T18:09:36.417+0200" type="Warning"/>
        <logs message="WARNING: [SYN 201-107] Renaming port name 'dct/output' to 'dct/output_r' to avoid the conflict with HDL keywords or other object names." projectName="dct.pr" solutionName="solution1" date="2023-04-19T17:56:15.722+0200" type="Warning"/>
        <logs message="WARNING: [SYN 201-107] Renaming port name 'dct/input' to 'dct/input_r' to avoid the conflict with HDL keywords or other object names." projectName="dct.pr" solutionName="solution1" date="2023-04-19T17:56:15.707+0200" type="Warning"/>
      </synLog>
      <simLog/>
      <mgLog/>
      <packageLog/>
      <csimLog/>
    </logs>
  </warningLogs>
</vivadoHLSLog:LogRoot>
