<stg><name>dct</name>


<trans_list>

<trans id="49" from="1" to="2">
<condition id="0">
<or_exp><and_exp></and_exp></or_exp>
</condition>
</trans>

<trans id="50" from="2" to="3">
<condition id="1">
<or_exp><and_exp></and_exp></or_exp>
</condition>
</trans>

<trans id="51" from="3" to="4">
<condition id="2">
<or_exp><and_exp></and_exp></or_exp>
</condition>
</trans>

<trans id="52" from="4" to="5">
<condition id="3">
<or_exp><and_exp></and_exp></or_exp>
</condition>
</trans>

<trans id="53" from="5" to="6">
<condition id="4">
<or_exp><and_exp></and_exp></or_exp>
</condition>
</trans>

<trans id="54" from="6" to="7">
<condition id="5">
<or_exp><and_exp></and_exp></or_exp>
</condition>
</trans>

<trans id="55" from="7" to="8">
<condition id="6">
<or_exp><and_exp></and_exp></or_exp>
</condition>
</trans>

<trans id="56" from="8" to="9">
<condition id="7">
<or_exp><and_exp></and_exp></or_exp>
</condition>
</trans>

<trans id="57" from="9" to="10">
<condition id="8">
<or_exp><and_exp></and_exp></or_exp>
</condition>
</trans>

<trans id="58" from="10" to="11">
<condition id="9">
<or_exp><and_exp></and_exp></or_exp>
</condition>
</trans>

<trans id="59" from="11" to="12">
<condition id="10">
<or_exp><and_exp></and_exp></or_exp>
</condition>
</trans>
</trans_list>



<state_list>

<state id="1" st_id="1">

<operation id="13" st_id="1" stage="1" lat="1">
<core>NULL</core>
<MemPortIdVec></MemPortIdVec>
<condition id="-1">
<or_exp><and_exp></and_exp></or_exp>
</condition>

<Node id="14" bw="16" op_0_bw="32">
<![CDATA[
codeRepl:3  %row_outbuf_i = alloca [64 x i16], align 2

]]></Node>
<StgValue><ssdm name="row_outbuf_i"/><MemPortTyVec>2 3 </MemPortTyVec>
</StgValue>
</operation>

<operation id="14" st_id="1" stage="1" lat="1">
<core>NULL</core>
<MemPortIdVec></MemPortIdVec>
<condition id="-1">
<or_exp><and_exp></and_exp></or_exp>
</condition>

<Node id="15" bw="16" op_0_bw="32">
<![CDATA[
codeRepl:4  %col_outbuf_i = alloca [64 x i16], align 2

]]></Node>
<StgValue><ssdm name="col_outbuf_i"/><MemPortTyVec>2 3 </MemPortTyVec>
</StgValue>
</operation>

<operation id="15" st_id="1" stage="1" lat="1">
<core>NULL</core>
<MemPortIdVec></MemPortIdVec>
<condition id="-1">
<or_exp><and_exp></and_exp></or_exp>
</condition>

<Node id="16" bw="16" op_0_bw="32">
<![CDATA[
codeRepl:5  %col_inbuf_0 = alloca [8 x i16], align 2

]]></Node>
<StgValue><ssdm name="col_inbuf_0"/><MemPortTyVec>2 3 </MemPortTyVec>
</StgValue>
</operation>

<operation id="16" st_id="1" stage="1" lat="1">
<core>NULL</core>
<MemPortIdVec></MemPortIdVec>
<condition id="-1">
<or_exp><and_exp></and_exp></or_exp>
</condition>

<Node id="17" bw="16" op_0_bw="32">
<![CDATA[
codeRepl:6  %col_inbuf_1 = alloca [8 x i16], align 2

]]></Node>
<StgValue><ssdm name="col_inbuf_1"/><MemPortTyVec>2 3 </MemPortTyVec>
</StgValue>
</operation>

<operation id="17" st_id="1" stage="1" lat="1">
<core>NULL</core>
<MemPortIdVec></MemPortIdVec>
<condition id="-1">
<or_exp><and_exp></and_exp></or_exp>
</condition>

<Node id="18" bw="16" op_0_bw="32">
<![CDATA[
codeRepl:7  %col_inbuf_2 = alloca [8 x i16], align 2

]]></Node>
<StgValue><ssdm name="col_inbuf_2"/><MemPortTyVec>2 3 </MemPortTyVec>
</StgValue>
</operation>

<operation id="18" st_id="1" stage="1" lat="1">
<core>NULL</core>
<MemPortIdVec></MemPortIdVec>
<condition id="-1">
<or_exp><and_exp></and_exp></or_exp>
</condition>

<Node id="19" bw="16" op_0_bw="32">
<![CDATA[
codeRepl:8  %col_inbuf_3 = alloca [8 x i16], align 2

]]></Node>
<StgValue><ssdm name="col_inbuf_3"/><MemPortTyVec>2 3 </MemPortTyVec>
</StgValue>
</operation>

<operation id="19" st_id="1" stage="1" lat="1">
<core>NULL</core>
<MemPortIdVec></MemPortIdVec>
<condition id="-1">
<or_exp><and_exp></and_exp></or_exp>
</condition>

<Node id="20" bw="16" op_0_bw="32">
<![CDATA[
codeRepl:9  %col_inbuf_4 = alloca [8 x i16], align 2

]]></Node>
<StgValue><ssdm name="col_inbuf_4"/><MemPortTyVec>2 3 </MemPortTyVec>
</StgValue>
</operation>

<operation id="20" st_id="1" stage="1" lat="1">
<core>NULL</core>
<MemPortIdVec></MemPortIdVec>
<condition id="-1">
<or_exp><and_exp></and_exp></or_exp>
</condition>

<Node id="21" bw="16" op_0_bw="32">
<![CDATA[
codeRepl:10  %col_inbuf_5 = alloca [8 x i16], align 2

]]></Node>
<StgValue><ssdm name="col_inbuf_5"/><MemPortTyVec>2 3 </MemPortTyVec>
</StgValue>
</operation>

<operation id="21" st_id="1" stage="1" lat="1">
<core>NULL</core>
<MemPortIdVec></MemPortIdVec>
<condition id="-1">
<or_exp><and_exp></and_exp></or_exp>
</condition>

<Node id="22" bw="16" op_0_bw="32">
<![CDATA[
codeRepl:11  %col_inbuf_6 = alloca [8 x i16], align 2

]]></Node>
<StgValue><ssdm name="col_inbuf_6"/><MemPortTyVec>2 3 </MemPortTyVec>
</StgValue>
</operation>

<operation id="22" st_id="1" stage="1" lat="1">
<core>NULL</core>
<MemPortIdVec></MemPortIdVec>
<condition id="-1">
<or_exp><and_exp></and_exp></or_exp>
</condition>

<Node id="23" bw="16" op_0_bw="32">
<![CDATA[
codeRepl:12  %col_inbuf_7 = alloca [8 x i16], align 2

]]></Node>
<StgValue><ssdm name="col_inbuf_7"/><MemPortTyVec>2 3 </MemPortTyVec>
</StgValue>
</operation>

<operation id="23" st_id="1" stage="1" lat="1">
<core>NULL</core>
<MemPortIdVec></MemPortIdVec>
<condition id="-1">
<or_exp><and_exp></and_exp></or_exp>
</condition>

<Node id="25" bw="16" op_0_bw="32">
<![CDATA[
codeRepl:14  %buf_2d_in_0 = alloca [8 x i16], align 2

]]></Node>
<StgValue><ssdm name="buf_2d_in_0"/><MemPortTyVec>2 3 </MemPortTyVec>
</StgValue>
</operation>

<operation id="24" st_id="1" stage="1" lat="1">
<core>NULL</core>
<MemPortIdVec></MemPortIdVec>
<condition id="-1">
<or_exp><and_exp></and_exp></or_exp>
</condition>

<Node id="26" bw="16" op_0_bw="32">
<![CDATA[
codeRepl:15  %buf_2d_in_1 = alloca [8 x i16], align 2

]]></Node>
<StgValue><ssdm name="buf_2d_in_1"/><MemPortTyVec>2 3 </MemPortTyVec>
</StgValue>
</operation>

<operation id="25" st_id="1" stage="1" lat="1">
<core>NULL</core>
<MemPortIdVec></MemPortIdVec>
<condition id="-1">
<or_exp><and_exp></and_exp></or_exp>
</condition>

<Node id="27" bw="16" op_0_bw="32">
<![CDATA[
codeRepl:16  %buf_2d_in_2 = alloca [8 x i16], align 2

]]></Node>
<StgValue><ssdm name="buf_2d_in_2"/><MemPortTyVec>2 3 </MemPortTyVec>
</StgValue>
</operation>

<operation id="26" st_id="1" stage="1" lat="1">
<core>NULL</core>
<MemPortIdVec></MemPortIdVec>
<condition id="-1">
<or_exp><and_exp></and_exp></or_exp>
</condition>

<Node id="28" bw="16" op_0_bw="32">
<![CDATA[
codeRepl:17  %buf_2d_in_3 = alloca [8 x i16], align 2

]]></Node>
<StgValue><ssdm name="buf_2d_in_3"/><MemPortTyVec>2 3 </MemPortTyVec>
</StgValue>
</operation>

<operation id="27" st_id="1" stage="1" lat="1">
<core>NULL</core>
<MemPortIdVec></MemPortIdVec>
<condition id="-1">
<or_exp><and_exp></and_exp></or_exp>
</condition>

<Node id="29" bw="16" op_0_bw="32">
<![CDATA[
codeRepl:18  %buf_2d_in_4 = alloca [8 x i16], align 2

]]></Node>
<StgValue><ssdm name="buf_2d_in_4"/><MemPortTyVec>2 3 </MemPortTyVec>
</StgValue>
</operation>

<operation id="28" st_id="1" stage="1" lat="1">
<core>NULL</core>
<MemPortIdVec></MemPortIdVec>
<condition id="-1">
<or_exp><and_exp></and_exp></or_exp>
</condition>

<Node id="30" bw="16" op_0_bw="32">
<![CDATA[
codeRepl:19  %buf_2d_in_5 = alloca [8 x i16], align 2

]]></Node>
<StgValue><ssdm name="buf_2d_in_5"/><MemPortTyVec>2 3 </MemPortTyVec>
</StgValue>
</operation>

<operation id="29" st_id="1" stage="1" lat="1">
<core>NULL</core>
<MemPortIdVec></MemPortIdVec>
<condition id="-1">
<or_exp><and_exp></and_exp></or_exp>
</condition>

<Node id="31" bw="16" op_0_bw="32">
<![CDATA[
codeRepl:20  %buf_2d_in_6 = alloca [8 x i16], align 2

]]></Node>
<StgValue><ssdm name="buf_2d_in_6"/><MemPortTyVec>2 3 </MemPortTyVec>
</StgValue>
</operation>

<operation id="30" st_id="1" stage="1" lat="1">
<core>NULL</core>
<MemPortIdVec></MemPortIdVec>
<condition id="-1">
<or_exp><and_exp></and_exp></or_exp>
</condition>

<Node id="32" bw="16" op_0_bw="32">
<![CDATA[
codeRepl:21  %buf_2d_in_7 = alloca [8 x i16], align 2

]]></Node>
<StgValue><ssdm name="buf_2d_in_7"/><MemPortTyVec>2 3 </MemPortTyVec>
</StgValue>
</operation>

<operation id="31" st_id="1" stage="1" lat="1">
<core>NULL</core>
<MemPortIdVec></MemPortIdVec>
<condition id="-1">
<or_exp><and_exp></and_exp></or_exp>
</condition>

<Node id="33" bw="16" op_0_bw="32">
<![CDATA[
codeRepl:22  %buf_2d_out = alloca [64 x i16], align 2

]]></Node>
<StgValue><ssdm name="buf_2d_out"/><MemPortTyVec>2 3 </MemPortTyVec>
</StgValue>
</operation>

<operation id="32" st_id="1" stage="2" lat="2">
<core></core>
<MemPortIdVec></MemPortIdVec>
<condition id="-1">
<or_exp><and_exp></and_exp></or_exp>
</condition>

<Node id="34" bw="0" op_0_bw="0" op_1_bw="16" op_2_bw="16" op_3_bw="16" op_4_bw="16" op_5_bw="16" op_6_bw="16" op_7_bw="16" op_8_bw="16" op_9_bw="16">
<![CDATA[
codeRepl:23  call fastcc void @read_data([64 x i16]* %input_r, [8 x i16]* %buf_2d_in_0, [8 x i16]* %buf_2d_in_1, [8 x i16]* %buf_2d_in_2, [8 x i16]* %buf_2d_in_3, [8 x i16]* %buf_2d_in_4, [8 x i16]* %buf_2d_in_5, [8 x i16]* %buf_2d_in_6, [8 x i16]* %buf_2d_in_7) nounwind

]]></Node>
<StgValue><ssdm name=""/></StgValue>
</operation>
</state>

<state id="2" st_id="2">

<operation id="33" st_id="2" stage="1" lat="2">
<core></core>
<MemPortIdVec></MemPortIdVec>
<condition id="-1">
<or_exp><and_exp></and_exp></or_exp>
</condition>

<Node id="34" bw="0" op_0_bw="0" op_1_bw="16" op_2_bw="16" op_3_bw="16" op_4_bw="16" op_5_bw="16" op_6_bw="16" op_7_bw="16" op_8_bw="16" op_9_bw="16">
<![CDATA[
codeRepl:23  call fastcc void @read_data([64 x i16]* %input_r, [8 x i16]* %buf_2d_in_0, [8 x i16]* %buf_2d_in_1, [8 x i16]* %buf_2d_in_2, [8 x i16]* %buf_2d_in_3, [8 x i16]* %buf_2d_in_4, [8 x i16]* %buf_2d_in_5, [8 x i16]* %buf_2d_in_6, [8 x i16]* %buf_2d_in_7) nounwind

]]></Node>
<StgValue><ssdm name=""/></StgValue>
</operation>
</state>

<state id="3" st_id="3">

<operation id="34" st_id="3" stage="2" lat="2">
<core></core>
<MemPortIdVec></MemPortIdVec>
<condition id="-1">
<or_exp><and_exp></and_exp></or_exp>
</condition>

<Node id="35" bw="0" op_0_bw="0" op_1_bw="16" op_2_bw="16" op_3_bw="16" op_4_bw="16" op_5_bw="16" op_6_bw="16" op_7_bw="16" op_8_bw="16" op_9_bw="16">
<![CDATA[
codeRepl:24  call fastcc void @Loop_Row_DCT_Loop_pr([8 x i16]* %buf_2d_in_0, [8 x i16]* %buf_2d_in_1, [8 x i16]* %buf_2d_in_2, [8 x i16]* %buf_2d_in_3, [8 x i16]* %buf_2d_in_4, [8 x i16]* %buf_2d_in_5, [8 x i16]* %buf_2d_in_6, [8 x i16]* %buf_2d_in_7, [64 x i16]* %row_outbuf_i)

]]></Node>
<StgValue><ssdm name=""/></StgValue>
</operation>
</state>

<state id="4" st_id="4">

<operation id="35" st_id="4" stage="1" lat="2">
<core></core>
<MemPortIdVec></MemPortIdVec>
<condition id="-1">
<or_exp><and_exp></and_exp></or_exp>
</condition>

<Node id="35" bw="0" op_0_bw="0" op_1_bw="16" op_2_bw="16" op_3_bw="16" op_4_bw="16" op_5_bw="16" op_6_bw="16" op_7_bw="16" op_8_bw="16" op_9_bw="16">
<![CDATA[
codeRepl:24  call fastcc void @Loop_Row_DCT_Loop_pr([8 x i16]* %buf_2d_in_0, [8 x i16]* %buf_2d_in_1, [8 x i16]* %buf_2d_in_2, [8 x i16]* %buf_2d_in_3, [8 x i16]* %buf_2d_in_4, [8 x i16]* %buf_2d_in_5, [8 x i16]* %buf_2d_in_6, [8 x i16]* %buf_2d_in_7, [64 x i16]* %row_outbuf_i)

]]></Node>
<StgValue><ssdm name=""/></StgValue>
</operation>
</state>

<state id="5" st_id="5">

<operation id="36" st_id="5" stage="2" lat="2">
<core></core>
<MemPortIdVec></MemPortIdVec>
<condition id="-1">
<or_exp><and_exp></and_exp></or_exp>
</condition>

<Node id="36" bw="0" op_0_bw="0" op_1_bw="16" op_2_bw="16" op_3_bw="16" op_4_bw="16" op_5_bw="16" op_6_bw="16" op_7_bw="16" op_8_bw="16" op_9_bw="16">
<![CDATA[
codeRepl:25  call fastcc void @Loop_Xpose_Row_Outer([64 x i16]* %row_outbuf_i, [8 x i16]* %col_inbuf_0, [8 x i16]* %col_inbuf_1, [8 x i16]* %col_inbuf_2, [8 x i16]* %col_inbuf_3, [8 x i16]* %col_inbuf_4, [8 x i16]* %col_inbuf_5, [8 x i16]* %col_inbuf_6, [8 x i16]* %col_inbuf_7)

]]></Node>
<StgValue><ssdm name=""/></StgValue>
</operation>
</state>

<state id="6" st_id="6">

<operation id="37" st_id="6" stage="1" lat="2">
<core></core>
<MemPortIdVec></MemPortIdVec>
<condition id="-1">
<or_exp><and_exp></and_exp></or_exp>
</condition>

<Node id="36" bw="0" op_0_bw="0" op_1_bw="16" op_2_bw="16" op_3_bw="16" op_4_bw="16" op_5_bw="16" op_6_bw="16" op_7_bw="16" op_8_bw="16" op_9_bw="16">
<![CDATA[
codeRepl:25  call fastcc void @Loop_Xpose_Row_Outer([64 x i16]* %row_outbuf_i, [8 x i16]* %col_inbuf_0, [8 x i16]* %col_inbuf_1, [8 x i16]* %col_inbuf_2, [8 x i16]* %col_inbuf_3, [8 x i16]* %col_inbuf_4, [8 x i16]* %col_inbuf_5, [8 x i16]* %col_inbuf_6, [8 x i16]* %col_inbuf_7)

]]></Node>
<StgValue><ssdm name=""/></StgValue>
</operation>
</state>

<state id="7" st_id="7">

<operation id="38" st_id="7" stage="2" lat="2">
<core></core>
<MemPortIdVec></MemPortIdVec>
<condition id="-1">
<or_exp><and_exp></and_exp></or_exp>
</condition>

<Node id="37" bw="0" op_0_bw="0" op_1_bw="16" op_2_bw="16" op_3_bw="16" op_4_bw="16" op_5_bw="16" op_6_bw="16" op_7_bw="16" op_8_bw="16" op_9_bw="16">
<![CDATA[
codeRepl:26  call fastcc void @Loop_Col_DCT_Loop_pr([8 x i16]* %col_inbuf_0, [8 x i16]* %col_inbuf_1, [8 x i16]* %col_inbuf_2, [8 x i16]* %col_inbuf_3, [8 x i16]* %col_inbuf_4, [8 x i16]* %col_inbuf_5, [8 x i16]* %col_inbuf_6, [8 x i16]* %col_inbuf_7, [64 x i16]* %col_outbuf_i)

]]></Node>
<StgValue><ssdm name=""/></StgValue>
</operation>
</state>

<state id="8" st_id="8">

<operation id="39" st_id="8" stage="1" lat="2">
<core></core>
<MemPortIdVec></MemPortIdVec>
<condition id="-1">
<or_exp><and_exp></and_exp></or_exp>
</condition>

<Node id="37" bw="0" op_0_bw="0" op_1_bw="16" op_2_bw="16" op_3_bw="16" op_4_bw="16" op_5_bw="16" op_6_bw="16" op_7_bw="16" op_8_bw="16" op_9_bw="16">
<![CDATA[
codeRepl:26  call fastcc void @Loop_Col_DCT_Loop_pr([8 x i16]* %col_inbuf_0, [8 x i16]* %col_inbuf_1, [8 x i16]* %col_inbuf_2, [8 x i16]* %col_inbuf_3, [8 x i16]* %col_inbuf_4, [8 x i16]* %col_inbuf_5, [8 x i16]* %col_inbuf_6, [8 x i16]* %col_inbuf_7, [64 x i16]* %col_outbuf_i)

]]></Node>
<StgValue><ssdm name=""/></StgValue>
</operation>
</state>

<state id="9" st_id="9">

<operation id="40" st_id="9" stage="2" lat="2">
<core></core>
<MemPortIdVec></MemPortIdVec>
<condition id="-1">
<or_exp><and_exp></and_exp></or_exp>
</condition>

<Node id="38" bw="0" op_0_bw="0" op_1_bw="16" op_2_bw="16">
<![CDATA[
codeRepl:27  call fastcc void @Loop_Xpose_Col_Outer([64 x i16]* %col_outbuf_i, [64 x i16]* %buf_2d_out)

]]></Node>
<StgValue><ssdm name=""/></StgValue>
</operation>
</state>

<state id="10" st_id="10">

<operation id="41" st_id="10" stage="1" lat="2">
<core></core>
<MemPortIdVec></MemPortIdVec>
<condition id="-1">
<or_exp><and_exp></and_exp></or_exp>
</condition>

<Node id="38" bw="0" op_0_bw="0" op_1_bw="16" op_2_bw="16">
<![CDATA[
codeRepl:27  call fastcc void @Loop_Xpose_Col_Outer([64 x i16]* %col_outbuf_i, [64 x i16]* %buf_2d_out)

]]></Node>
<StgValue><ssdm name=""/></StgValue>
</operation>
</state>

<state id="11" st_id="11">

<operation id="42" st_id="11" stage="2" lat="2">
<core></core>
<MemPortIdVec></MemPortIdVec>
<condition id="-1">
<or_exp><and_exp></and_exp></or_exp>
</condition>

<Node id="39" bw="0" op_0_bw="0" op_1_bw="16" op_2_bw="16">
<![CDATA[
codeRepl:28  call fastcc void @write_data([64 x i16]* %buf_2d_out, [64 x i16]* %output_r) nounwind

]]></Node>
<StgValue><ssdm name=""/></StgValue>
</operation>
</state>

<state id="12" st_id="12">

<operation id="43" st_id="12" stage="1" lat="1">
<core>NULL</core>
<MemPortIdVec></MemPortIdVec>
<condition id="-1">
<or_exp><and_exp></and_exp></or_exp>
</condition>

<Node id="11" bw="0" op_0_bw="0" op_1_bw="32" op_2_bw="0">
<![CDATA[
codeRepl:0  call void (...)* @_ssdm_op_SpecDataflowPipeline(i32 -1, [1 x i8]* @p_str1) nounwind

]]></Node>
<StgValue><ssdm name=""/></StgValue>
</operation>

<operation id="44" st_id="12" stage="1" lat="1">
<core>NULL</core>
<MemPortIdVec></MemPortIdVec>
<condition id="-1">
<or_exp><and_exp></and_exp></or_exp>
</condition>

<Node id="12" bw="0" op_0_bw="0" op_1_bw="16">
<![CDATA[
codeRepl:1  call void (...)* @_ssdm_op_SpecBitsMap([64 x i16]* %input_r) nounwind, !map !19

]]></Node>
<StgValue><ssdm name=""/></StgValue>
</operation>

<operation id="45" st_id="12" stage="1" lat="1">
<core>NULL</core>
<MemPortIdVec></MemPortIdVec>
<condition id="-1">
<or_exp><and_exp></and_exp></or_exp>
</condition>

<Node id="13" bw="0" op_0_bw="0" op_1_bw="16">
<![CDATA[
codeRepl:2  call void (...)* @_ssdm_op_SpecBitsMap([64 x i16]* %output_r) nounwind, !map !25

]]></Node>
<StgValue><ssdm name=""/></StgValue>
</operation>

<operation id="46" st_id="12" stage="1" lat="1">
<core>NULL</core>
<MemPortIdVec></MemPortIdVec>
<condition id="-1">
<or_exp><and_exp></and_exp></or_exp>
</condition>

<Node id="24" bw="0" op_0_bw="0" op_1_bw="0">
<![CDATA[
codeRepl:13  call void (...)* @_ssdm_op_SpecTopModule([4 x i8]* @dct_str) nounwind

]]></Node>
<StgValue><ssdm name=""/></StgValue>
</operation>

<operation id="47" st_id="12" stage="1" lat="2">
<core></core>
<MemPortIdVec></MemPortIdVec>
<condition id="-1">
<or_exp><and_exp></and_exp></or_exp>
</condition>

<Node id="39" bw="0" op_0_bw="0" op_1_bw="16" op_2_bw="16">
<![CDATA[
codeRepl:28  call fastcc void @write_data([64 x i16]* %buf_2d_out, [64 x i16]* %output_r) nounwind

]]></Node>
<StgValue><ssdm name=""/></StgValue>
</operation>

<operation id="48" st_id="12" stage="1" lat="1">
<core>NULL</core>
<MemPortIdVec></MemPortIdVec>
<condition id="-1">
<or_exp><and_exp></and_exp></or_exp>
</condition>

<Node id="40" bw="0">
<![CDATA[
codeRepl:29  ret void

]]></Node>
<StgValue><ssdm name=""/></StgValue>
</operation>
</state>
</state_list>


<ports>
<port id="61" name="input_r" dir="0" iftype="1">
<core>RAM</core><StgValue><ssdm name="input_r"/><MemPortTyVec>1 3 </MemPortTyVec>
</StgValue>
</port>
<port id="62" name="output_r" dir="1" iftype="1">
<core>RAM</core><StgValue><ssdm name="output_r"/><MemPortTyVec>0 3 </MemPortTyVec>
</StgValue>
</port>
<port id="63" name="dct_coeff_table_0" dir="0" iftype="1">
<core>ROM_nP</core><StgValue><ssdm name="dct_coeff_table_0"/><MemPortTyVec>1 </MemPortTyVec>
</StgValue>
</port>
<port id="64" name="dct_coeff_table_1" dir="0" iftype="1">
<core>ROM_nP</core><StgValue><ssdm name="dct_coeff_table_1"/><MemPortTyVec>1 </MemPortTyVec>
</StgValue>
</port>
<port id="65" name="dct_coeff_table_2" dir="0" iftype="1">
<core>ROM_nP</core><StgValue><ssdm name="dct_coeff_table_2"/><MemPortTyVec>1 </MemPortTyVec>
</StgValue>
</port>
<port id="66" name="dct_coeff_table_3" dir="0" iftype="1">
<core>ROM_nP</core><StgValue><ssdm name="dct_coeff_table_3"/><MemPortTyVec>1 </MemPortTyVec>
</StgValue>
</port>
<port id="67" name="dct_coeff_table_4" dir="0" iftype="1">
<core>ROM_nP</core><StgValue><ssdm name="dct_coeff_table_4"/><MemPortTyVec>1 </MemPortTyVec>
</StgValue>
</port>
<port id="68" name="dct_coeff_table_5" dir="0" iftype="1">
<core>ROM_nP</core><StgValue><ssdm name="dct_coeff_table_5"/><MemPortTyVec>1 </MemPortTyVec>
</StgValue>
</port>
<port id="69" name="dct_coeff_table_6" dir="0" iftype="1">
<core>ROM_nP</core><StgValue><ssdm name="dct_coeff_table_6"/><MemPortTyVec>1 </MemPortTyVec>
</StgValue>
</port>
<port id="70" name="dct_coeff_table_7" dir="0" iftype="1">
<core>ROM_nP</core><StgValue><ssdm name="dct_coeff_table_7"/><MemPortTyVec>1 </MemPortTyVec>
</StgValue>
</port>
</ports>


<dataflows>
<dataflow id="72" from="StgValue_71" to="row_outbuf_i" fromId="71" toId="13">
</dataflow>
<dataflow id="73" from="StgValue_71" to="col_outbuf_i" fromId="71" toId="14">
</dataflow>
<dataflow id="74" from="StgValue_71" to="col_inbuf_0" fromId="71" toId="15">
</dataflow>
<dataflow id="75" from="StgValue_71" to="col_inbuf_1" fromId="71" toId="16">
</dataflow>
<dataflow id="76" from="StgValue_71" to="col_inbuf_2" fromId="71" toId="17">
</dataflow>
<dataflow id="77" from="StgValue_71" to="col_inbuf_3" fromId="71" toId="18">
</dataflow>
<dataflow id="78" from="StgValue_71" to="col_inbuf_4" fromId="71" toId="19">
</dataflow>
<dataflow id="79" from="StgValue_71" to="col_inbuf_5" fromId="71" toId="20">
</dataflow>
<dataflow id="80" from="StgValue_71" to="col_inbuf_6" fromId="71" toId="21">
</dataflow>
<dataflow id="81" from="StgValue_71" to="col_inbuf_7" fromId="71" toId="22">
</dataflow>
<dataflow id="82" from="StgValue_71" to="buf_2d_in_0" fromId="71" toId="23">
</dataflow>
<dataflow id="83" from="StgValue_71" to="buf_2d_in_1" fromId="71" toId="24">
</dataflow>
<dataflow id="84" from="StgValue_71" to="buf_2d_in_2" fromId="71" toId="25">
</dataflow>
<dataflow id="85" from="StgValue_71" to="buf_2d_in_3" fromId="71" toId="26">
</dataflow>
<dataflow id="86" from="StgValue_71" to="buf_2d_in_4" fromId="71" toId="27">
</dataflow>
<dataflow id="87" from="StgValue_71" to="buf_2d_in_5" fromId="71" toId="28">
</dataflow>
<dataflow id="88" from="StgValue_71" to="buf_2d_in_6" fromId="71" toId="29">
</dataflow>
<dataflow id="89" from="StgValue_71" to="buf_2d_in_7" fromId="71" toId="30">
</dataflow>
<dataflow id="90" from="StgValue_71" to="buf_2d_out" fromId="71" toId="31">
</dataflow>
<dataflow id="92" from="read_data" to="StgValue_32" fromId="91" toId="32">
</dataflow>
<dataflow id="93" from="input_r" to="StgValue_32" fromId="61" toId="32">
</dataflow>
<dataflow id="94" from="buf_2d_in_0" to="StgValue_32" fromId="23" toId="32">
</dataflow>
<dataflow id="95" from="buf_2d_in_1" to="StgValue_32" fromId="24" toId="32">
</dataflow>
<dataflow id="96" from="buf_2d_in_2" to="StgValue_32" fromId="25" toId="32">
</dataflow>
<dataflow id="97" from="buf_2d_in_3" to="StgValue_32" fromId="26" toId="32">
</dataflow>
<dataflow id="98" from="buf_2d_in_4" to="StgValue_32" fromId="27" toId="32">
</dataflow>
<dataflow id="99" from="buf_2d_in_5" to="StgValue_32" fromId="28" toId="32">
</dataflow>
<dataflow id="100" from="buf_2d_in_6" to="StgValue_32" fromId="29" toId="32">
</dataflow>
<dataflow id="101" from="buf_2d_in_7" to="StgValue_32" fromId="30" toId="32">
</dataflow>
<dataflow id="102" from="read_data" to="StgValue_33" fromId="91" toId="33">
</dataflow>
<dataflow id="103" from="input_r" to="StgValue_33" fromId="61" toId="33">
</dataflow>
<dataflow id="104" from="buf_2d_in_0" to="StgValue_33" fromId="23" toId="33">
</dataflow>
<dataflow id="105" from="buf_2d_in_1" to="StgValue_33" fromId="24" toId="33">
</dataflow>
<dataflow id="106" from="buf_2d_in_2" to="StgValue_33" fromId="25" toId="33">
</dataflow>
<dataflow id="107" from="buf_2d_in_3" to="StgValue_33" fromId="26" toId="33">
</dataflow>
<dataflow id="108" from="buf_2d_in_4" to="StgValue_33" fromId="27" toId="33">
</dataflow>
<dataflow id="109" from="buf_2d_in_5" to="StgValue_33" fromId="28" toId="33">
</dataflow>
<dataflow id="110" from="buf_2d_in_6" to="StgValue_33" fromId="29" toId="33">
</dataflow>
<dataflow id="111" from="buf_2d_in_7" to="StgValue_33" fromId="30" toId="33">
</dataflow>
<dataflow id="113" from="Loop_Row_DCT_Loop_pr" to="StgValue_34" fromId="112" toId="34">
</dataflow>
<dataflow id="114" from="buf_2d_in_0" to="StgValue_34" fromId="23" toId="34">
</dataflow>
<dataflow id="115" from="buf_2d_in_1" to="StgValue_34" fromId="24" toId="34">
</dataflow>
<dataflow id="116" from="buf_2d_in_2" to="StgValue_34" fromId="25" toId="34">
</dataflow>
<dataflow id="117" from="buf_2d_in_3" to="StgValue_34" fromId="26" toId="34">
</dataflow>
<dataflow id="118" from="buf_2d_in_4" to="StgValue_34" fromId="27" toId="34">
</dataflow>
<dataflow id="119" from="buf_2d_in_5" to="StgValue_34" fromId="28" toId="34">
</dataflow>
<dataflow id="120" from="buf_2d_in_6" to="StgValue_34" fromId="29" toId="34">
</dataflow>
<dataflow id="121" from="buf_2d_in_7" to="StgValue_34" fromId="30" toId="34">
</dataflow>
<dataflow id="122" from="row_outbuf_i" to="StgValue_34" fromId="13" toId="34">
</dataflow>
<dataflow id="123" from="dct_coeff_table_0" to="StgValue_34" fromId="63" toId="34">
</dataflow>
<dataflow id="124" from="dct_coeff_table_1" to="StgValue_34" fromId="64" toId="34">
</dataflow>
<dataflow id="125" from="dct_coeff_table_2" to="StgValue_34" fromId="65" toId="34">
</dataflow>
<dataflow id="126" from="dct_coeff_table_3" to="StgValue_34" fromId="66" toId="34">
</dataflow>
<dataflow id="127" from="dct_coeff_table_4" to="StgValue_34" fromId="67" toId="34">
</dataflow>
<dataflow id="128" from="dct_coeff_table_5" to="StgValue_34" fromId="68" toId="34">
</dataflow>
<dataflow id="129" from="dct_coeff_table_6" to="StgValue_34" fromId="69" toId="34">
</dataflow>
<dataflow id="130" from="dct_coeff_table_7" to="StgValue_34" fromId="70" toId="34">
</dataflow>
<dataflow id="131" from="Loop_Row_DCT_Loop_pr" to="StgValue_35" fromId="112" toId="35">
</dataflow>
<dataflow id="132" from="buf_2d_in_0" to="StgValue_35" fromId="23" toId="35">
</dataflow>
<dataflow id="133" from="buf_2d_in_1" to="StgValue_35" fromId="24" toId="35">
</dataflow>
<dataflow id="134" from="buf_2d_in_2" to="StgValue_35" fromId="25" toId="35">
</dataflow>
<dataflow id="135" from="buf_2d_in_3" to="StgValue_35" fromId="26" toId="35">
</dataflow>
<dataflow id="136" from="buf_2d_in_4" to="StgValue_35" fromId="27" toId="35">
</dataflow>
<dataflow id="137" from="buf_2d_in_5" to="StgValue_35" fromId="28" toId="35">
</dataflow>
<dataflow id="138" from="buf_2d_in_6" to="StgValue_35" fromId="29" toId="35">
</dataflow>
<dataflow id="139" from="buf_2d_in_7" to="StgValue_35" fromId="30" toId="35">
</dataflow>
<dataflow id="140" from="row_outbuf_i" to="StgValue_35" fromId="13" toId="35">
</dataflow>
<dataflow id="141" from="dct_coeff_table_0" to="StgValue_35" fromId="63" toId="35">
</dataflow>
<dataflow id="142" from="dct_coeff_table_1" to="StgValue_35" fromId="64" toId="35">
</dataflow>
<dataflow id="143" from="dct_coeff_table_2" to="StgValue_35" fromId="65" toId="35">
</dataflow>
<dataflow id="144" from="dct_coeff_table_3" to="StgValue_35" fromId="66" toId="35">
</dataflow>
<dataflow id="145" from="dct_coeff_table_4" to="StgValue_35" fromId="67" toId="35">
</dataflow>
<dataflow id="146" from="dct_coeff_table_5" to="StgValue_35" fromId="68" toId="35">
</dataflow>
<dataflow id="147" from="dct_coeff_table_6" to="StgValue_35" fromId="69" toId="35">
</dataflow>
<dataflow id="148" from="dct_coeff_table_7" to="StgValue_35" fromId="70" toId="35">
</dataflow>
<dataflow id="150" from="Loop_Xpose_Row_Outer" to="StgValue_36" fromId="149" toId="36">
</dataflow>
<dataflow id="151" from="row_outbuf_i" to="StgValue_36" fromId="13" toId="36">
</dataflow>
<dataflow id="152" from="col_inbuf_0" to="StgValue_36" fromId="15" toId="36">
</dataflow>
<dataflow id="153" from="col_inbuf_1" to="StgValue_36" fromId="16" toId="36">
</dataflow>
<dataflow id="154" from="col_inbuf_2" to="StgValue_36" fromId="17" toId="36">
</dataflow>
<dataflow id="155" from="col_inbuf_3" to="StgValue_36" fromId="18" toId="36">
</dataflow>
<dataflow id="156" from="col_inbuf_4" to="StgValue_36" fromId="19" toId="36">
</dataflow>
<dataflow id="157" from="col_inbuf_5" to="StgValue_36" fromId="20" toId="36">
</dataflow>
<dataflow id="158" from="col_inbuf_6" to="StgValue_36" fromId="21" toId="36">
</dataflow>
<dataflow id="159" from="col_inbuf_7" to="StgValue_36" fromId="22" toId="36">
</dataflow>
<dataflow id="160" from="Loop_Xpose_Row_Outer" to="StgValue_37" fromId="149" toId="37">
</dataflow>
<dataflow id="161" from="row_outbuf_i" to="StgValue_37" fromId="13" toId="37">
</dataflow>
<dataflow id="162" from="col_inbuf_0" to="StgValue_37" fromId="15" toId="37">
</dataflow>
<dataflow id="163" from="col_inbuf_1" to="StgValue_37" fromId="16" toId="37">
</dataflow>
<dataflow id="164" from="col_inbuf_2" to="StgValue_37" fromId="17" toId="37">
</dataflow>
<dataflow id="165" from="col_inbuf_3" to="StgValue_37" fromId="18" toId="37">
</dataflow>
<dataflow id="166" from="col_inbuf_4" to="StgValue_37" fromId="19" toId="37">
</dataflow>
<dataflow id="167" from="col_inbuf_5" to="StgValue_37" fromId="20" toId="37">
</dataflow>
<dataflow id="168" from="col_inbuf_6" to="StgValue_37" fromId="21" toId="37">
</dataflow>
<dataflow id="169" from="col_inbuf_7" to="StgValue_37" fromId="22" toId="37">
</dataflow>
<dataflow id="171" from="Loop_Col_DCT_Loop_pr" to="StgValue_38" fromId="170" toId="38">
</dataflow>
<dataflow id="172" from="col_inbuf_0" to="StgValue_38" fromId="15" toId="38">
</dataflow>
<dataflow id="173" from="col_inbuf_1" to="StgValue_38" fromId="16" toId="38">
</dataflow>
<dataflow id="174" from="col_inbuf_2" to="StgValue_38" fromId="17" toId="38">
</dataflow>
<dataflow id="175" from="col_inbuf_3" to="StgValue_38" fromId="18" toId="38">
</dataflow>
<dataflow id="176" from="col_inbuf_4" to="StgValue_38" fromId="19" toId="38">
</dataflow>
<dataflow id="177" from="col_inbuf_5" to="StgValue_38" fromId="20" toId="38">
</dataflow>
<dataflow id="178" from="col_inbuf_6" to="StgValue_38" fromId="21" toId="38">
</dataflow>
<dataflow id="179" from="col_inbuf_7" to="StgValue_38" fromId="22" toId="38">
</dataflow>
<dataflow id="180" from="col_outbuf_i" to="StgValue_38" fromId="14" toId="38">
</dataflow>
<dataflow id="181" from="dct_coeff_table_0" to="StgValue_38" fromId="63" toId="38">
</dataflow>
<dataflow id="182" from="dct_coeff_table_1" to="StgValue_38" fromId="64" toId="38">
</dataflow>
<dataflow id="183" from="dct_coeff_table_2" to="StgValue_38" fromId="65" toId="38">
</dataflow>
<dataflow id="184" from="dct_coeff_table_3" to="StgValue_38" fromId="66" toId="38">
</dataflow>
<dataflow id="185" from="dct_coeff_table_4" to="StgValue_38" fromId="67" toId="38">
</dataflow>
<dataflow id="186" from="dct_coeff_table_5" to="StgValue_38" fromId="68" toId="38">
</dataflow>
<dataflow id="187" from="dct_coeff_table_6" to="StgValue_38" fromId="69" toId="38">
</dataflow>
<dataflow id="188" from="dct_coeff_table_7" to="StgValue_38" fromId="70" toId="38">
</dataflow>
<dataflow id="189" from="Loop_Col_DCT_Loop_pr" to="StgValue_39" fromId="170" toId="39">
</dataflow>
<dataflow id="190" from="col_inbuf_0" to="StgValue_39" fromId="15" toId="39">
</dataflow>
<dataflow id="191" from="col_inbuf_1" to="StgValue_39" fromId="16" toId="39">
</dataflow>
<dataflow id="192" from="col_inbuf_2" to="StgValue_39" fromId="17" toId="39">
</dataflow>
<dataflow id="193" from="col_inbuf_3" to="StgValue_39" fromId="18" toId="39">
</dataflow>
<dataflow id="194" from="col_inbuf_4" to="StgValue_39" fromId="19" toId="39">
</dataflow>
<dataflow id="195" from="col_inbuf_5" to="StgValue_39" fromId="20" toId="39">
</dataflow>
<dataflow id="196" from="col_inbuf_6" to="StgValue_39" fromId="21" toId="39">
</dataflow>
<dataflow id="197" from="col_inbuf_7" to="StgValue_39" fromId="22" toId="39">
</dataflow>
<dataflow id="198" from="col_outbuf_i" to="StgValue_39" fromId="14" toId="39">
</dataflow>
<dataflow id="199" from="dct_coeff_table_0" to="StgValue_39" fromId="63" toId="39">
</dataflow>
<dataflow id="200" from="dct_coeff_table_1" to="StgValue_39" fromId="64" toId="39">
</dataflow>
<dataflow id="201" from="dct_coeff_table_2" to="StgValue_39" fromId="65" toId="39">
</dataflow>
<dataflow id="202" from="dct_coeff_table_3" to="StgValue_39" fromId="66" toId="39">
</dataflow>
<dataflow id="203" from="dct_coeff_table_4" to="StgValue_39" fromId="67" toId="39">
</dataflow>
<dataflow id="204" from="dct_coeff_table_5" to="StgValue_39" fromId="68" toId="39">
</dataflow>
<dataflow id="205" from="dct_coeff_table_6" to="StgValue_39" fromId="69" toId="39">
</dataflow>
<dataflow id="206" from="dct_coeff_table_7" to="StgValue_39" fromId="70" toId="39">
</dataflow>
<dataflow id="208" from="Loop_Xpose_Col_Outer" to="StgValue_40" fromId="207" toId="40">
</dataflow>
<dataflow id="209" from="col_outbuf_i" to="StgValue_40" fromId="14" toId="40">
</dataflow>
<dataflow id="210" from="buf_2d_out" to="StgValue_40" fromId="31" toId="40">
</dataflow>
<dataflow id="211" from="Loop_Xpose_Col_Outer" to="StgValue_41" fromId="207" toId="41">
</dataflow>
<dataflow id="212" from="col_outbuf_i" to="StgValue_41" fromId="14" toId="41">
</dataflow>
<dataflow id="213" from="buf_2d_out" to="StgValue_41" fromId="31" toId="41">
</dataflow>
<dataflow id="215" from="write_data" to="StgValue_42" fromId="214" toId="42">
</dataflow>
<dataflow id="216" from="buf_2d_out" to="StgValue_42" fromId="31" toId="42">
</dataflow>
<dataflow id="217" from="output_r" to="StgValue_42" fromId="62" toId="42">
</dataflow>
<dataflow id="219" from="_ssdm_op_SpecDataflowPipeline" to="StgValue_43" fromId="218" toId="43">
</dataflow>
<dataflow id="221" from="StgValue_220" to="StgValue_43" fromId="220" toId="43">
</dataflow>
<dataflow id="223" from="p_str1" to="StgValue_43" fromId="222" toId="43">
</dataflow>
<dataflow id="225" from="_ssdm_op_SpecBitsMap" to="StgValue_44" fromId="224" toId="44">
</dataflow>
<dataflow id="226" from="input_r" to="StgValue_44" fromId="61" toId="44">
</dataflow>
<dataflow id="227" from="_ssdm_op_SpecBitsMap" to="StgValue_45" fromId="224" toId="45">
</dataflow>
<dataflow id="228" from="output_r" to="StgValue_45" fromId="62" toId="45">
</dataflow>
<dataflow id="230" from="_ssdm_op_SpecTopModule" to="StgValue_46" fromId="229" toId="46">
</dataflow>
<dataflow id="232" from="dct_str" to="StgValue_46" fromId="231" toId="46">
</dataflow>
<dataflow id="233" from="write_data" to="StgValue_47" fromId="214" toId="47">
</dataflow>
<dataflow id="234" from="buf_2d_out" to="StgValue_47" fromId="31" toId="47">
</dataflow>
<dataflow id="235" from="output_r" to="StgValue_47" fromId="62" toId="47">
</dataflow>
</dataflows>


</stg>
