<stg><name>Loop_Col_DCT_Loop_pr</name>


<trans_list>

<trans id="120" from="1" to="2">
<condition id="17">
<or_exp><and_exp></and_exp></or_exp>
</condition>
</trans>

<trans id="121" from="2" to="3">
<condition id="19">
<or_exp><and_exp><literal name="tmp_5" val="0"/>
</and_exp></or_exp>
</condition>
</trans>

<trans id="137" from="3" to="9">
<condition id="32">
<or_exp><and_exp><literal name="tmp_i" val="1"/>
</and_exp></or_exp>
</condition>
</trans>

<trans id="138" from="3" to="4">
<condition id="38">
<or_exp><and_exp><literal name="tmp_i" val="0"/>
</and_exp></or_exp>
</condition>
</trans>

<trans id="132" from="4" to="5">
<condition id="33">
<or_exp><and_exp></and_exp></or_exp>
</condition>
</trans>

<trans id="133" from="5" to="6">
<condition id="34">
<or_exp><and_exp></and_exp></or_exp>
</condition>
</trans>

<trans id="134" from="6" to="7">
<condition id="35">
<or_exp><and_exp></and_exp></or_exp>
</condition>
</trans>

<trans id="135" from="7" to="8">
<condition id="36">
<or_exp><and_exp></and_exp></or_exp>
</condition>
</trans>

<trans id="136" from="8" to="3">
<condition id="37">
<or_exp><and_exp></and_exp></or_exp>
</condition>
</trans>

<trans id="130" from="9" to="2">
<condition id="31">
<or_exp><and_exp></and_exp></or_exp>
</condition>
</trans>
</trans_list>



<state_list>

<state id="1" st_id="1">

<operation id="10" st_id="1" stage="1" lat="1">
<core>NULL</core>
<MemPortIdVec></MemPortIdVec>
<condition id="9">
<or_exp><and_exp></and_exp></or_exp>
</condition>

<Node id="18" bw="0" op_0_bw="0">
<![CDATA[
newFuncRoot:0  br label %.preheader1.i

]]></Node>
<StgValue><ssdm name=""/></StgValue>
</operation>
</state>

<state id="2" st_id="2">

<operation id="11" st_id="2" stage="1" lat="1">
<core>NULL</core>
<MemPortIdVec></MemPortIdVec>
<condition id="10">
<or_exp><and_exp></and_exp></or_exp>
</condition>

<Node id="20" bw="4" op_0_bw="4" op_1_bw="0">
<![CDATA[
.preheader1.i:0  %i_2_i = phi i4 [ 0, %newFuncRoot ], [ %i, %.preheader1.i.loopexit ]

]]></Node>
<StgValue><ssdm name="i_2_i"/></StgValue>
</operation>

<operation id="12" st_id="2" stage="1" lat="1">
<core>Cmp</core>
<MemPortIdVec></MemPortIdVec>
<condition id="10">
<or_exp><and_exp></and_exp></or_exp>
</condition>

<Node id="21" bw="1" op_0_bw="4" op_1_bw="4">
<![CDATA[
.preheader1.i:1  %tmp_5 = icmp eq i4 %i_2_i, -8

]]></Node>
<StgValue><ssdm name="tmp_5"/></StgValue>
</operation>

<operation id="13" st_id="2" stage="1" lat="1">
<core>AddSub</core>
<MemPortIdVec></MemPortIdVec>
<condition id="10">
<or_exp><and_exp></and_exp></or_exp>
</condition>

<Node id="22" bw="4" op_0_bw="4" op_1_bw="4">
<![CDATA[
.preheader1.i:2  %i = add i4 %i_2_i, 1

]]></Node>
<StgValue><ssdm name="i"/></StgValue>
</operation>

<operation id="14" st_id="2" stage="1" lat="1">
<core>NULL</core>
<MemPortIdVec></MemPortIdVec>
<condition id="10">
<or_exp><and_exp></and_exp></or_exp>
</condition>

<Node id="23" bw="0" op_0_bw="1" op_1_bw="0" op_2_bw="0">
<![CDATA[
.preheader1.i:3  br i1 %tmp_5, label %.preheader.i.exitStub, label %0

]]></Node>
<StgValue><ssdm name=""/></StgValue>
</operation>

<operation id="15" st_id="2" stage="1" lat="1">
<core>NULL</core>
<MemPortIdVec></MemPortIdVec>
<condition id="12">
<or_exp><and_exp><literal name="tmp_5" val="0"/>
</and_exp></or_exp>
</condition>

<Node id="25" bw="32" op_0_bw="32" op_1_bw="64" op_2_bw="64" op_3_bw="64">
<![CDATA[
:0  %empty = call i32 (...)* @_ssdm_op_SpecLoopTripCount(i64 8, i64 8, i64 8) nounwind

]]></Node>
<StgValue><ssdm name="empty"/></StgValue>
</operation>

<operation id="16" st_id="2" stage="1" lat="1">
<core>NULL</core>
<MemPortIdVec></MemPortIdVec>
<condition id="12">
<or_exp><and_exp><literal name="tmp_5" val="0"/>
</and_exp></or_exp>
</condition>

<Node id="26" bw="0" op_0_bw="0" op_1_bw="0">
<![CDATA[
:1  call void (...)* @_ssdm_op_SpecLoopName([13 x i8]* @p_str7) nounwind

]]></Node>
<StgValue><ssdm name=""/></StgValue>
</operation>

<operation id="17" st_id="2" stage="1" lat="1">
<core>NULL</core>
<MemPortIdVec></MemPortIdVec>
<condition id="12">
<or_exp><and_exp><literal name="tmp_5" val="0"/>
</and_exp></or_exp>
</condition>

<Node id="27" bw="32" op_0_bw="4">
<![CDATA[
:2  %i_2_i1_cast_i = zext i4 %i_2_i to i32

]]></Node>
<StgValue><ssdm name="i_2_i1_cast_i"/></StgValue>
</operation>

<operation id="18" st_id="2" stage="1" lat="1">
<core>NULL</core>
<MemPortIdVec></MemPortIdVec>
<condition id="12">
<or_exp><and_exp><literal name="tmp_5" val="0"/>
</and_exp></or_exp>
</condition>

<Node id="28" bw="7" op_0_bw="7" op_1_bw="4" op_2_bw="3">
<![CDATA[
:3  %tmp_s = call i7 @_ssdm_op_BitConcatenate.i7.i4.i3(i4 %i_2_i, i3 0)

]]></Node>
<StgValue><ssdm name="tmp_s"/></StgValue>
</operation>

<operation id="19" st_id="2" stage="1" lat="1">
<core>NULL</core>
<MemPortIdVec></MemPortIdVec>
<condition id="12">
<or_exp><and_exp><literal name="tmp_5" val="0"/>
</and_exp></or_exp>
</condition>

<Node id="29" bw="8" op_0_bw="7">
<![CDATA[
:4  %tmp_18_cast = zext i7 %tmp_s to i8

]]></Node>
<StgValue><ssdm name="tmp_18_cast"/></StgValue>
</operation>

<operation id="20" st_id="2" stage="1" lat="1">
<core>NULL</core>
<MemPortIdVec></MemPortIdVec>
<condition id="12">
<or_exp><and_exp><literal name="tmp_5" val="0"/>
</and_exp></or_exp>
</condition>

<Node id="30" bw="3" op_0_bw="16" op_1_bw="32" op_2_bw="32">
<![CDATA[
:5  %col_inbuf_0_addr = getelementptr [8 x i16]* %col_inbuf_0, i32 0, i32 %i_2_i1_cast_i

]]></Node>
<StgValue><ssdm name="col_inbuf_0_addr"/></StgValue>
</operation>

<operation id="21" st_id="2" stage="1" lat="1">
<core>NULL</core>
<MemPortIdVec></MemPortIdVec>
<condition id="12">
<or_exp><and_exp><literal name="tmp_5" val="0"/>
</and_exp></or_exp>
</condition>

<Node id="31" bw="3" op_0_bw="16" op_1_bw="32" op_2_bw="32">
<![CDATA[
:6  %col_inbuf_1_addr = getelementptr [8 x i16]* %col_inbuf_1, i32 0, i32 %i_2_i1_cast_i

]]></Node>
<StgValue><ssdm name="col_inbuf_1_addr"/></StgValue>
</operation>

<operation id="22" st_id="2" stage="1" lat="1">
<core>NULL</core>
<MemPortIdVec></MemPortIdVec>
<condition id="12">
<or_exp><and_exp><literal name="tmp_5" val="0"/>
</and_exp></or_exp>
</condition>

<Node id="32" bw="3" op_0_bw="16" op_1_bw="32" op_2_bw="32">
<![CDATA[
:7  %col_inbuf_2_addr = getelementptr [8 x i16]* %col_inbuf_2, i32 0, i32 %i_2_i1_cast_i

]]></Node>
<StgValue><ssdm name="col_inbuf_2_addr"/></StgValue>
</operation>

<operation id="23" st_id="2" stage="1" lat="1">
<core>NULL</core>
<MemPortIdVec></MemPortIdVec>
<condition id="12">
<or_exp><and_exp><literal name="tmp_5" val="0"/>
</and_exp></or_exp>
</condition>

<Node id="33" bw="3" op_0_bw="16" op_1_bw="32" op_2_bw="32">
<![CDATA[
:8  %col_inbuf_3_addr = getelementptr [8 x i16]* %col_inbuf_3, i32 0, i32 %i_2_i1_cast_i

]]></Node>
<StgValue><ssdm name="col_inbuf_3_addr"/></StgValue>
</operation>

<operation id="24" st_id="2" stage="1" lat="1">
<core>NULL</core>
<MemPortIdVec></MemPortIdVec>
<condition id="12">
<or_exp><and_exp><literal name="tmp_5" val="0"/>
</and_exp></or_exp>
</condition>

<Node id="34" bw="3" op_0_bw="16" op_1_bw="32" op_2_bw="32">
<![CDATA[
:9  %col_inbuf_4_addr = getelementptr [8 x i16]* %col_inbuf_4, i32 0, i32 %i_2_i1_cast_i

]]></Node>
<StgValue><ssdm name="col_inbuf_4_addr"/></StgValue>
</operation>

<operation id="25" st_id="2" stage="1" lat="1">
<core>NULL</core>
<MemPortIdVec></MemPortIdVec>
<condition id="12">
<or_exp><and_exp><literal name="tmp_5" val="0"/>
</and_exp></or_exp>
</condition>

<Node id="35" bw="3" op_0_bw="16" op_1_bw="32" op_2_bw="32">
<![CDATA[
:10  %col_inbuf_5_addr = getelementptr [8 x i16]* %col_inbuf_5, i32 0, i32 %i_2_i1_cast_i

]]></Node>
<StgValue><ssdm name="col_inbuf_5_addr"/></StgValue>
</operation>

<operation id="26" st_id="2" stage="1" lat="1">
<core>NULL</core>
<MemPortIdVec></MemPortIdVec>
<condition id="12">
<or_exp><and_exp><literal name="tmp_5" val="0"/>
</and_exp></or_exp>
</condition>

<Node id="36" bw="3" op_0_bw="16" op_1_bw="32" op_2_bw="32">
<![CDATA[
:11  %col_inbuf_6_addr = getelementptr [8 x i16]* %col_inbuf_6, i32 0, i32 %i_2_i1_cast_i

]]></Node>
<StgValue><ssdm name="col_inbuf_6_addr"/></StgValue>
</operation>

<operation id="27" st_id="2" stage="1" lat="1">
<core>NULL</core>
<MemPortIdVec></MemPortIdVec>
<condition id="12">
<or_exp><and_exp><literal name="tmp_5" val="0"/>
</and_exp></or_exp>
</condition>

<Node id="37" bw="3" op_0_bw="16" op_1_bw="32" op_2_bw="32">
<![CDATA[
:12  %col_inbuf_7_addr = getelementptr [8 x i16]* %col_inbuf_7, i32 0, i32 %i_2_i1_cast_i

]]></Node>
<StgValue><ssdm name="col_inbuf_7_addr"/></StgValue>
</operation>

<operation id="28" st_id="2" stage="1" lat="1">
<core>NULL</core>
<MemPortIdVec></MemPortIdVec>
<condition id="12">
<or_exp><and_exp><literal name="tmp_5" val="0"/>
</and_exp></or_exp>
</condition>

<Node id="38" bw="0" op_0_bw="0">
<![CDATA[
:13  br label %1

]]></Node>
<StgValue><ssdm name=""/></StgValue>
</operation>

<operation id="29" st_id="2" stage="1" lat="1">
<core>NULL</core>
<MemPortIdVec></MemPortIdVec>
<condition id="14">
<or_exp><and_exp><literal name="tmp_5" val="1"/>
</and_exp></or_exp>
</condition>

<Node id="117" bw="0">
<![CDATA[
.preheader.i.exitStub:0  ret void

]]></Node>
<StgValue><ssdm name=""/></StgValue>
</operation>
</state>

<state id="3" st_id="3">

<operation id="30" st_id="3" stage="1" lat="1">
<core>NULL</core>
<MemPortIdVec></MemPortIdVec>
<condition id="-1">
<or_exp><and_exp></and_exp></or_exp>
</condition>

<Node id="40" bw="4" op_0_bw="4" op_1_bw="0">
<![CDATA[
:0  %k_i = phi i4 [ 0, %0 ], [ %k, %2 ]

]]></Node>
<StgValue><ssdm name="k_i"/></StgValue>
</operation>

<operation id="31" st_id="3" stage="1" lat="1">
<core>Cmp</core>
<MemPortIdVec></MemPortIdVec>
<condition id="-1">
<or_exp><and_exp></and_exp></or_exp>
</condition>

<Node id="41" bw="1" op_0_bw="4" op_1_bw="4">
<![CDATA[
:1  %tmp_i = icmp eq i4 %k_i, -8

]]></Node>
<StgValue><ssdm name="tmp_i"/></StgValue>
</operation>

<operation id="32" st_id="3" stage="1" lat="1">
<core>AddSub</core>
<MemPortIdVec></MemPortIdVec>
<condition id="-1">
<or_exp><and_exp></and_exp></or_exp>
</condition>

<Node id="42" bw="4" op_0_bw="4" op_1_bw="4">
<![CDATA[
:2  %k = add i4 %k_i, 1

]]></Node>
<StgValue><ssdm name="k"/></StgValue>
</operation>

<operation id="33" st_id="3" stage="1" lat="1">
<core>NULL</core>
<MemPortIdVec></MemPortIdVec>
<condition id="-1">
<or_exp><and_exp></and_exp></or_exp>
</condition>

<Node id="43" bw="0" op_0_bw="1" op_1_bw="0" op_2_bw="0">
<![CDATA[
:3  br i1 %tmp_i, label %.preheader1.i.loopexit, label %2

]]></Node>
<StgValue><ssdm name=""/></StgValue>
</operation>

<operation id="34" st_id="3" stage="1" lat="1">
<core>NULL</core>
<MemPortIdVec></MemPortIdVec>
<condition id="0">
<or_exp><and_exp><literal name="tmp_i" val="0"/>
</and_exp></or_exp>
</condition>

<Node id="45" bw="32" op_0_bw="4">
<![CDATA[
:0  %k_cast1_i = zext i4 %k_i to i32

]]></Node>
<StgValue><ssdm name="k_cast1_i"/></StgValue>
</operation>

<operation id="35" st_id="3" stage="1" lat="1">
<core>NULL</core>
<MemPortIdVec></MemPortIdVec>
<condition id="0">
<or_exp><and_exp><literal name="tmp_i" val="0"/>
</and_exp></or_exp>
</condition>

<Node id="46" bw="8" op_0_bw="4">
<![CDATA[
:1  %k_cast1_i_cast = zext i4 %k_i to i8

]]></Node>
<StgValue><ssdm name="k_cast1_i_cast"/></StgValue>
</operation>

<operation id="36" st_id="3" stage="1" lat="1">
<core>AddSub</core>
<MemPortIdVec></MemPortIdVec>
<condition id="0">
<or_exp><and_exp><literal name="tmp_i" val="0"/>
</and_exp></or_exp>
</condition>

<Node id="47" bw="8" op_0_bw="8" op_1_bw="8">
<![CDATA[
:2  %tmp_6 = add i8 %tmp_18_cast, %k_cast1_i_cast

]]></Node>
<StgValue><ssdm name="tmp_6"/></StgValue>
</operation>

<operation id="37" st_id="3" stage="1" lat="1">
<core>NULL</core>
<MemPortIdVec></MemPortIdVec>
<condition id="0">
<or_exp><and_exp><literal name="tmp_i" val="0"/>
</and_exp></or_exp>
</condition>

<Node id="60" bw="3" op_0_bw="15" op_1_bw="32" op_2_bw="32">
<![CDATA[
:15  %dct_coeff_table_1_ad = getelementptr [8 x i15]* @dct_coeff_table_1, i32 0, i32 %k_cast1_i

]]></Node>
<StgValue><ssdm name="dct_coeff_table_1_ad"/></StgValue>
</operation>

<operation id="38" st_id="3" stage="2" lat="2">
<core>ROM_nP</core>
<MemPortIdVec>0 </MemPortIdVec>
<condition id="0">
<or_exp><and_exp><literal name="tmp_i" val="0"/>
</and_exp></or_exp>
</condition>

<Node id="61" bw="15" op_0_bw="3">
<![CDATA[
:16  %dct_coeff_table_1_lo = load i15* %dct_coeff_table_1_ad, align 2

]]></Node>
<StgValue><ssdm name="dct_coeff_table_1_lo"/></StgValue>
</operation>

<operation id="39" st_id="3" stage="2" lat="2">
<core>RAM</core>
<MemPortIdVec>0 </MemPortIdVec>
<condition id="0">
<or_exp><and_exp><literal name="tmp_i" val="0"/>
</and_exp></or_exp>
</condition>

<Node id="63" bw="16" op_0_bw="3">
<![CDATA[
:18  %col_inbuf_1_load = load i16* %col_inbuf_1_addr, align 2

]]></Node>
<StgValue><ssdm name="col_inbuf_1_load"/></StgValue>
</operation>

<operation id="40" st_id="3" stage="1" lat="1">
<core>NULL</core>
<MemPortIdVec></MemPortIdVec>
<condition id="0">
<or_exp><and_exp><literal name="tmp_i" val="0"/>
</and_exp></or_exp>
</condition>

<Node id="72" bw="3" op_0_bw="15" op_1_bw="32" op_2_bw="32">
<![CDATA[
:27  %dct_coeff_table_3_ad = getelementptr [8 x i15]* @dct_coeff_table_3, i32 0, i32 %k_cast1_i

]]></Node>
<StgValue><ssdm name="dct_coeff_table_3_ad"/></StgValue>
</operation>

<operation id="41" st_id="3" stage="2" lat="2">
<core>ROM_nP</core>
<MemPortIdVec>0 </MemPortIdVec>
<condition id="0">
<or_exp><and_exp><literal name="tmp_i" val="0"/>
</and_exp></or_exp>
</condition>

<Node id="73" bw="15" op_0_bw="3">
<![CDATA[
:28  %dct_coeff_table_3_lo = load i15* %dct_coeff_table_3_ad, align 2

]]></Node>
<StgValue><ssdm name="dct_coeff_table_3_lo"/></StgValue>
</operation>

<operation id="42" st_id="3" stage="2" lat="2">
<core>RAM</core>
<MemPortIdVec>0 </MemPortIdVec>
<condition id="0">
<or_exp><and_exp><literal name="tmp_i" val="0"/>
</and_exp></or_exp>
</condition>

<Node id="75" bw="16" op_0_bw="3">
<![CDATA[
:30  %col_inbuf_3_load = load i16* %col_inbuf_3_addr, align 2

]]></Node>
<StgValue><ssdm name="col_inbuf_3_load"/></StgValue>
</operation>

<operation id="43" st_id="3" stage="1" lat="1">
<core>NULL</core>
<MemPortIdVec></MemPortIdVec>
<condition id="0">
<or_exp><and_exp><literal name="tmp_i" val="0"/>
</and_exp></or_exp>
</condition>

<Node id="84" bw="3" op_0_bw="15" op_1_bw="32" op_2_bw="32">
<![CDATA[
:39  %dct_coeff_table_5_ad = getelementptr [8 x i15]* @dct_coeff_table_5, i32 0, i32 %k_cast1_i

]]></Node>
<StgValue><ssdm name="dct_coeff_table_5_ad"/></StgValue>
</operation>

<operation id="44" st_id="3" stage="2" lat="2">
<core>ROM_nP</core>
<MemPortIdVec>0 </MemPortIdVec>
<condition id="0">
<or_exp><and_exp><literal name="tmp_i" val="0"/>
</and_exp></or_exp>
</condition>

<Node id="85" bw="15" op_0_bw="3">
<![CDATA[
:40  %dct_coeff_table_5_lo = load i15* %dct_coeff_table_5_ad, align 2

]]></Node>
<StgValue><ssdm name="dct_coeff_table_5_lo"/></StgValue>
</operation>

<operation id="45" st_id="3" stage="2" lat="2">
<core>RAM</core>
<MemPortIdVec>0 </MemPortIdVec>
<condition id="0">
<or_exp><and_exp><literal name="tmp_i" val="0"/>
</and_exp></or_exp>
</condition>

<Node id="87" bw="16" op_0_bw="3">
<![CDATA[
:42  %col_inbuf_5_load = load i16* %col_inbuf_5_addr, align 2

]]></Node>
<StgValue><ssdm name="col_inbuf_5_load"/></StgValue>
</operation>
</state>

<state id="4" st_id="4">

<operation id="46" st_id="4" stage="1" lat="1">
<core>NULL</core>
<MemPortIdVec></MemPortIdVec>
<condition id="0">
<or_exp><and_exp><literal name="tmp_i" val="0"/>
</and_exp></or_exp>
</condition>

<Node id="54" bw="3" op_0_bw="14" op_1_bw="32" op_2_bw="32">
<![CDATA[
:9  %dct_coeff_table_0_ad = getelementptr [8 x i14]* @dct_coeff_table_0, i32 0, i32 %k_cast1_i

]]></Node>
<StgValue><ssdm name="dct_coeff_table_0_ad"/></StgValue>
</operation>

<operation id="47" st_id="4" stage="2" lat="2">
<core>ROM_nP</core>
<MemPortIdVec>0 </MemPortIdVec>
<condition id="0">
<or_exp><and_exp><literal name="tmp_i" val="0"/>
</and_exp></or_exp>
</condition>

<Node id="55" bw="14" op_0_bw="3">
<![CDATA[
:10  %dct_coeff_table_0_lo = load i14* %dct_coeff_table_0_ad, align 2

]]></Node>
<StgValue><ssdm name="dct_coeff_table_0_lo"/></StgValue>
</operation>

<operation id="48" st_id="4" stage="2" lat="2">
<core>RAM</core>
<MemPortIdVec>0 </MemPortIdVec>
<condition id="0">
<or_exp><and_exp><literal name="tmp_i" val="0"/>
</and_exp></or_exp>
</condition>

<Node id="57" bw="16" op_0_bw="3">
<![CDATA[
:12  %col_inbuf_0_load = load i16* %col_inbuf_0_addr, align 2

]]></Node>
<StgValue><ssdm name="col_inbuf_0_load"/></StgValue>
</operation>

<operation id="49" st_id="4" stage="1" lat="2">
<core>ROM_nP</core>
<MemPortIdVec>0 </MemPortIdVec>
<condition id="0">
<or_exp><and_exp><literal name="tmp_i" val="0"/>
</and_exp></or_exp>
</condition>

<Node id="61" bw="15" op_0_bw="3">
<![CDATA[
:16  %dct_coeff_table_1_lo = load i15* %dct_coeff_table_1_ad, align 2

]]></Node>
<StgValue><ssdm name="dct_coeff_table_1_lo"/></StgValue>
</operation>

<operation id="50" st_id="4" stage="1" lat="2">
<core>RAM</core>
<MemPortIdVec>0 </MemPortIdVec>
<condition id="0">
<or_exp><and_exp><literal name="tmp_i" val="0"/>
</and_exp></or_exp>
</condition>

<Node id="63" bw="16" op_0_bw="3">
<![CDATA[
:18  %col_inbuf_1_load = load i16* %col_inbuf_1_addr, align 2

]]></Node>
<StgValue><ssdm name="col_inbuf_1_load"/></StgValue>
</operation>

<operation id="51" st_id="4" stage="1" lat="1">
<core>NULL</core>
<MemPortIdVec></MemPortIdVec>
<condition id="0">
<or_exp><and_exp><literal name="tmp_i" val="0"/>
</and_exp></or_exp>
</condition>

<Node id="66" bw="3" op_0_bw="15" op_1_bw="32" op_2_bw="32">
<![CDATA[
:21  %dct_coeff_table_2_ad = getelementptr [8 x i15]* @dct_coeff_table_2, i32 0, i32 %k_cast1_i

]]></Node>
<StgValue><ssdm name="dct_coeff_table_2_ad"/></StgValue>
</operation>

<operation id="52" st_id="4" stage="2" lat="2">
<core>ROM_nP</core>
<MemPortIdVec>0 </MemPortIdVec>
<condition id="0">
<or_exp><and_exp><literal name="tmp_i" val="0"/>
</and_exp></or_exp>
</condition>

<Node id="67" bw="15" op_0_bw="3">
<![CDATA[
:22  %dct_coeff_table_2_lo = load i15* %dct_coeff_table_2_ad, align 2

]]></Node>
<StgValue><ssdm name="dct_coeff_table_2_lo"/></StgValue>
</operation>

<operation id="53" st_id="4" stage="2" lat="2">
<core>RAM</core>
<MemPortIdVec>0 </MemPortIdVec>
<condition id="0">
<or_exp><and_exp><literal name="tmp_i" val="0"/>
</and_exp></or_exp>
</condition>

<Node id="69" bw="16" op_0_bw="3">
<![CDATA[
:24  %col_inbuf_2_load = load i16* %col_inbuf_2_addr, align 2

]]></Node>
<StgValue><ssdm name="col_inbuf_2_load"/></StgValue>
</operation>

<operation id="54" st_id="4" stage="1" lat="2">
<core>ROM_nP</core>
<MemPortIdVec>0 </MemPortIdVec>
<condition id="0">
<or_exp><and_exp><literal name="tmp_i" val="0"/>
</and_exp></or_exp>
</condition>

<Node id="73" bw="15" op_0_bw="3">
<![CDATA[
:28  %dct_coeff_table_3_lo = load i15* %dct_coeff_table_3_ad, align 2

]]></Node>
<StgValue><ssdm name="dct_coeff_table_3_lo"/></StgValue>
</operation>

<operation id="55" st_id="4" stage="1" lat="2">
<core>RAM</core>
<MemPortIdVec>0 </MemPortIdVec>
<condition id="0">
<or_exp><and_exp><literal name="tmp_i" val="0"/>
</and_exp></or_exp>
</condition>

<Node id="75" bw="16" op_0_bw="3">
<![CDATA[
:30  %col_inbuf_3_load = load i16* %col_inbuf_3_addr, align 2

]]></Node>
<StgValue><ssdm name="col_inbuf_3_load"/></StgValue>
</operation>

<operation id="56" st_id="4" stage="1" lat="1">
<core>NULL</core>
<MemPortIdVec></MemPortIdVec>
<condition id="0">
<or_exp><and_exp><literal name="tmp_i" val="0"/>
</and_exp></or_exp>
</condition>

<Node id="78" bw="3" op_0_bw="15" op_1_bw="32" op_2_bw="32">
<![CDATA[
:33  %dct_coeff_table_4_ad = getelementptr [8 x i15]* @dct_coeff_table_4, i32 0, i32 %k_cast1_i

]]></Node>
<StgValue><ssdm name="dct_coeff_table_4_ad"/></StgValue>
</operation>

<operation id="57" st_id="4" stage="2" lat="2">
<core>ROM_nP</core>
<MemPortIdVec>0 </MemPortIdVec>
<condition id="0">
<or_exp><and_exp><literal name="tmp_i" val="0"/>
</and_exp></or_exp>
</condition>

<Node id="79" bw="15" op_0_bw="3">
<![CDATA[
:34  %dct_coeff_table_4_lo = load i15* %dct_coeff_table_4_ad, align 2

]]></Node>
<StgValue><ssdm name="dct_coeff_table_4_lo"/></StgValue>
</operation>

<operation id="58" st_id="4" stage="2" lat="2">
<core>RAM</core>
<MemPortIdVec>0 </MemPortIdVec>
<condition id="0">
<or_exp><and_exp><literal name="tmp_i" val="0"/>
</and_exp></or_exp>
</condition>

<Node id="81" bw="16" op_0_bw="3">
<![CDATA[
:36  %col_inbuf_4_load = load i16* %col_inbuf_4_addr, align 2

]]></Node>
<StgValue><ssdm name="col_inbuf_4_load"/></StgValue>
</operation>

<operation id="59" st_id="4" stage="1" lat="2">
<core>ROM_nP</core>
<MemPortIdVec>0 </MemPortIdVec>
<condition id="0">
<or_exp><and_exp><literal name="tmp_i" val="0"/>
</and_exp></or_exp>
</condition>

<Node id="85" bw="15" op_0_bw="3">
<![CDATA[
:40  %dct_coeff_table_5_lo = load i15* %dct_coeff_table_5_ad, align 2

]]></Node>
<StgValue><ssdm name="dct_coeff_table_5_lo"/></StgValue>
</operation>

<operation id="60" st_id="4" stage="1" lat="2">
<core>RAM</core>
<MemPortIdVec>0 </MemPortIdVec>
<condition id="0">
<or_exp><and_exp><literal name="tmp_i" val="0"/>
</and_exp></or_exp>
</condition>

<Node id="87" bw="16" op_0_bw="3">
<![CDATA[
:42  %col_inbuf_5_load = load i16* %col_inbuf_5_addr, align 2

]]></Node>
<StgValue><ssdm name="col_inbuf_5_load"/></StgValue>
</operation>

<operation id="61" st_id="4" stage="1" lat="1">
<core>NULL</core>
<MemPortIdVec></MemPortIdVec>
<condition id="0">
<or_exp><and_exp><literal name="tmp_i" val="0"/>
</and_exp></or_exp>
</condition>

<Node id="90" bw="3" op_0_bw="15" op_1_bw="32" op_2_bw="32">
<![CDATA[
:45  %dct_coeff_table_6_ad = getelementptr [8 x i15]* @dct_coeff_table_6, i32 0, i32 %k_cast1_i

]]></Node>
<StgValue><ssdm name="dct_coeff_table_6_ad"/></StgValue>
</operation>

<operation id="62" st_id="4" stage="2" lat="2">
<core>ROM_nP</core>
<MemPortIdVec>0 </MemPortIdVec>
<condition id="0">
<or_exp><and_exp><literal name="tmp_i" val="0"/>
</and_exp></or_exp>
</condition>

<Node id="91" bw="15" op_0_bw="3">
<![CDATA[
:46  %dct_coeff_table_6_lo = load i15* %dct_coeff_table_6_ad, align 2

]]></Node>
<StgValue><ssdm name="dct_coeff_table_6_lo"/></StgValue>
</operation>

<operation id="63" st_id="4" stage="2" lat="2">
<core>RAM</core>
<MemPortIdVec>0 </MemPortIdVec>
<condition id="0">
<or_exp><and_exp><literal name="tmp_i" val="0"/>
</and_exp></or_exp>
</condition>

<Node id="93" bw="16" op_0_bw="3">
<![CDATA[
:48  %col_inbuf_6_load = load i16* %col_inbuf_6_addr, align 2

]]></Node>
<StgValue><ssdm name="col_inbuf_6_load"/></StgValue>
</operation>

<operation id="64" st_id="4" stage="1" lat="1">
<core>NULL</core>
<MemPortIdVec></MemPortIdVec>
<condition id="0">
<or_exp><and_exp><literal name="tmp_i" val="0"/>
</and_exp></or_exp>
</condition>

<Node id="96" bw="3" op_0_bw="15" op_1_bw="32" op_2_bw="32">
<![CDATA[
:51  %dct_coeff_table_7_ad = getelementptr [8 x i15]* @dct_coeff_table_7, i32 0, i32 %k_cast1_i

]]></Node>
<StgValue><ssdm name="dct_coeff_table_7_ad"/></StgValue>
</operation>

<operation id="65" st_id="4" stage="2" lat="2">
<core>ROM_nP</core>
<MemPortIdVec>0 </MemPortIdVec>
<condition id="0">
<or_exp><and_exp><literal name="tmp_i" val="0"/>
</and_exp></or_exp>
</condition>

<Node id="97" bw="15" op_0_bw="3">
<![CDATA[
:52  %dct_coeff_table_7_lo = load i15* %dct_coeff_table_7_ad, align 2

]]></Node>
<StgValue><ssdm name="dct_coeff_table_7_lo"/></StgValue>
</operation>

<operation id="66" st_id="4" stage="2" lat="2">
<core>RAM</core>
<MemPortIdVec>0 </MemPortIdVec>
<condition id="0">
<or_exp><and_exp><literal name="tmp_i" val="0"/>
</and_exp></or_exp>
</condition>

<Node id="99" bw="16" op_0_bw="3">
<![CDATA[
:54  %col_inbuf_7_load = load i16* %col_inbuf_7_addr, align 2

]]></Node>
<StgValue><ssdm name="col_inbuf_7_load"/></StgValue>
</operation>
</state>

<state id="5" st_id="5">

<operation id="67" st_id="5" stage="1" lat="2">
<core>ROM_nP</core>
<MemPortIdVec>0 </MemPortIdVec>
<condition id="0">
<or_exp><and_exp><literal name="tmp_i" val="0"/>
</and_exp></or_exp>
</condition>

<Node id="55" bw="14" op_0_bw="3">
<![CDATA[
:10  %dct_coeff_table_0_lo = load i14* %dct_coeff_table_0_ad, align 2

]]></Node>
<StgValue><ssdm name="dct_coeff_table_0_lo"/></StgValue>
</operation>

<operation id="68" st_id="5" stage="1" lat="2">
<core>RAM</core>
<MemPortIdVec>0 </MemPortIdVec>
<condition id="0">
<or_exp><and_exp><literal name="tmp_i" val="0"/>
</and_exp></or_exp>
</condition>

<Node id="57" bw="16" op_0_bw="3">
<![CDATA[
:12  %col_inbuf_0_load = load i16* %col_inbuf_0_addr, align 2

]]></Node>
<StgValue><ssdm name="col_inbuf_0_load"/></StgValue>
</operation>

<operation id="69" st_id="5" stage="1" lat="1">
<core>NULL</core>
<MemPortIdVec></MemPortIdVec>
<condition id="0">
<or_exp><and_exp><literal name="tmp_i" val="0"/>
</and_exp></or_exp>
</condition>

<Node id="62" bw="29" op_0_bw="15">
<![CDATA[
:17  %coeff_1_cast_i = sext i15 %dct_coeff_table_1_lo to i29

]]></Node>
<StgValue><ssdm name="coeff_1_cast_i"/></StgValue>
</operation>

<operation id="70" st_id="5" stage="1" lat="1">
<core>NULL</core>
<MemPortIdVec></MemPortIdVec>
<condition id="0">
<or_exp><and_exp><literal name="tmp_i" val="0"/>
</and_exp></or_exp>
</condition>

<Node id="64" bw="29" op_0_bw="16">
<![CDATA[
:19  %tmp_2_1_cast_i = sext i16 %col_inbuf_1_load to i29

]]></Node>
<StgValue><ssdm name="tmp_2_1_cast_i"/></StgValue>
</operation>

<operation id="71" st_id="5" stage="1" lat="1">
<core>DSP48</core>
<MemPortIdVec></MemPortIdVec>
<condition id="0">
<or_exp><and_exp><literal name="tmp_i" val="0"/>
</and_exp></or_exp>
</condition>

<Node id="65" bw="29" op_0_bw="29" op_1_bw="29">
<![CDATA[
:20  %tmp_3_1_i = mul i29 %coeff_1_cast_i, %tmp_2_1_cast_i

]]></Node>
<StgValue><ssdm name="tmp_3_1_i"/></StgValue>
</operation>

<operation id="72" st_id="5" stage="1" lat="2">
<core>ROM_nP</core>
<MemPortIdVec>0 </MemPortIdVec>
<condition id="0">
<or_exp><and_exp><literal name="tmp_i" val="0"/>
</and_exp></or_exp>
</condition>

<Node id="67" bw="15" op_0_bw="3">
<![CDATA[
:22  %dct_coeff_table_2_lo = load i15* %dct_coeff_table_2_ad, align 2

]]></Node>
<StgValue><ssdm name="dct_coeff_table_2_lo"/></StgValue>
</operation>

<operation id="73" st_id="5" stage="1" lat="2">
<core>RAM</core>
<MemPortIdVec>0 </MemPortIdVec>
<condition id="0">
<or_exp><and_exp><literal name="tmp_i" val="0"/>
</and_exp></or_exp>
</condition>

<Node id="69" bw="16" op_0_bw="3">
<![CDATA[
:24  %col_inbuf_2_load = load i16* %col_inbuf_2_addr, align 2

]]></Node>
<StgValue><ssdm name="col_inbuf_2_load"/></StgValue>
</operation>

<operation id="74" st_id="5" stage="1" lat="1">
<core>NULL</core>
<MemPortIdVec></MemPortIdVec>
<condition id="0">
<or_exp><and_exp><literal name="tmp_i" val="0"/>
</and_exp></or_exp>
</condition>

<Node id="74" bw="29" op_0_bw="15">
<![CDATA[
:29  %coeff_3_cast_i = sext i15 %dct_coeff_table_3_lo to i29

]]></Node>
<StgValue><ssdm name="coeff_3_cast_i"/></StgValue>
</operation>

<operation id="75" st_id="5" stage="1" lat="1">
<core>NULL</core>
<MemPortIdVec></MemPortIdVec>
<condition id="0">
<or_exp><and_exp><literal name="tmp_i" val="0"/>
</and_exp></or_exp>
</condition>

<Node id="76" bw="29" op_0_bw="16">
<![CDATA[
:31  %tmp_2_3_cast_i = sext i16 %col_inbuf_3_load to i29

]]></Node>
<StgValue><ssdm name="tmp_2_3_cast_i"/></StgValue>
</operation>

<operation id="76" st_id="5" stage="1" lat="1">
<core>DSP48</core>
<MemPortIdVec></MemPortIdVec>
<condition id="0">
<or_exp><and_exp><literal name="tmp_i" val="0"/>
</and_exp></or_exp>
</condition>

<Node id="77" bw="29" op_0_bw="29" op_1_bw="29">
<![CDATA[
:32  %tmp_3_3_i = mul i29 %coeff_3_cast_i, %tmp_2_3_cast_i

]]></Node>
<StgValue><ssdm name="tmp_3_3_i"/></StgValue>
</operation>

<operation id="77" st_id="5" stage="1" lat="2">
<core>ROM_nP</core>
<MemPortIdVec>0 </MemPortIdVec>
<condition id="0">
<or_exp><and_exp><literal name="tmp_i" val="0"/>
</and_exp></or_exp>
</condition>

<Node id="79" bw="15" op_0_bw="3">
<![CDATA[
:34  %dct_coeff_table_4_lo = load i15* %dct_coeff_table_4_ad, align 2

]]></Node>
<StgValue><ssdm name="dct_coeff_table_4_lo"/></StgValue>
</operation>

<operation id="78" st_id="5" stage="1" lat="2">
<core>RAM</core>
<MemPortIdVec>0 </MemPortIdVec>
<condition id="0">
<or_exp><and_exp><literal name="tmp_i" val="0"/>
</and_exp></or_exp>
</condition>

<Node id="81" bw="16" op_0_bw="3">
<![CDATA[
:36  %col_inbuf_4_load = load i16* %col_inbuf_4_addr, align 2

]]></Node>
<StgValue><ssdm name="col_inbuf_4_load"/></StgValue>
</operation>

<operation id="79" st_id="5" stage="1" lat="1">
<core>NULL</core>
<MemPortIdVec></MemPortIdVec>
<condition id="0">
<or_exp><and_exp><literal name="tmp_i" val="0"/>
</and_exp></or_exp>
</condition>

<Node id="86" bw="29" op_0_bw="15">
<![CDATA[
:41  %coeff_5_cast_i = sext i15 %dct_coeff_table_5_lo to i29

]]></Node>
<StgValue><ssdm name="coeff_5_cast_i"/></StgValue>
</operation>

<operation id="80" st_id="5" stage="1" lat="1">
<core>NULL</core>
<MemPortIdVec></MemPortIdVec>
<condition id="0">
<or_exp><and_exp><literal name="tmp_i" val="0"/>
</and_exp></or_exp>
</condition>

<Node id="88" bw="29" op_0_bw="16">
<![CDATA[
:43  %tmp_2_5_cast_i = sext i16 %col_inbuf_5_load to i29

]]></Node>
<StgValue><ssdm name="tmp_2_5_cast_i"/></StgValue>
</operation>

<operation id="81" st_id="5" stage="1" lat="1">
<core>DSP48</core>
<MemPortIdVec></MemPortIdVec>
<condition id="0">
<or_exp><and_exp><literal name="tmp_i" val="0"/>
</and_exp></or_exp>
</condition>

<Node id="89" bw="29" op_0_bw="29" op_1_bw="29">
<![CDATA[
:44  %tmp_3_5_i = mul i29 %coeff_5_cast_i, %tmp_2_5_cast_i

]]></Node>
<StgValue><ssdm name="tmp_3_5_i"/></StgValue>
</operation>

<operation id="82" st_id="5" stage="1" lat="2">
<core>ROM_nP</core>
<MemPortIdVec>0 </MemPortIdVec>
<condition id="0">
<or_exp><and_exp><literal name="tmp_i" val="0"/>
</and_exp></or_exp>
</condition>

<Node id="91" bw="15" op_0_bw="3">
<![CDATA[
:46  %dct_coeff_table_6_lo = load i15* %dct_coeff_table_6_ad, align 2

]]></Node>
<StgValue><ssdm name="dct_coeff_table_6_lo"/></StgValue>
</operation>

<operation id="83" st_id="5" stage="1" lat="2">
<core>RAM</core>
<MemPortIdVec>0 </MemPortIdVec>
<condition id="0">
<or_exp><and_exp><literal name="tmp_i" val="0"/>
</and_exp></or_exp>
</condition>

<Node id="93" bw="16" op_0_bw="3">
<![CDATA[
:48  %col_inbuf_6_load = load i16* %col_inbuf_6_addr, align 2

]]></Node>
<StgValue><ssdm name="col_inbuf_6_load"/></StgValue>
</operation>

<operation id="84" st_id="5" stage="1" lat="2">
<core>ROM_nP</core>
<MemPortIdVec>0 </MemPortIdVec>
<condition id="0">
<or_exp><and_exp><literal name="tmp_i" val="0"/>
</and_exp></or_exp>
</condition>

<Node id="97" bw="15" op_0_bw="3">
<![CDATA[
:52  %dct_coeff_table_7_lo = load i15* %dct_coeff_table_7_ad, align 2

]]></Node>
<StgValue><ssdm name="dct_coeff_table_7_lo"/></StgValue>
</operation>

<operation id="85" st_id="5" stage="1" lat="2">
<core>RAM</core>
<MemPortIdVec>0 </MemPortIdVec>
<condition id="0">
<or_exp><and_exp><literal name="tmp_i" val="0"/>
</and_exp></or_exp>
</condition>

<Node id="99" bw="16" op_0_bw="3">
<![CDATA[
:54  %col_inbuf_7_load = load i16* %col_inbuf_7_addr, align 2

]]></Node>
<StgValue><ssdm name="col_inbuf_7_load"/></StgValue>
</operation>
</state>

<state id="6" st_id="6">

<operation id="86" st_id="6" stage="1" lat="1">
<core>NULL</core>
<MemPortIdVec></MemPortIdVec>
<condition id="0">
<or_exp><and_exp><literal name="tmp_i" val="0"/>
</and_exp></or_exp>
</condition>

<Node id="56" bw="29" op_0_bw="14">
<![CDATA[
:11  %coeff_cast_i = zext i14 %dct_coeff_table_0_lo to i29

]]></Node>
<StgValue><ssdm name="coeff_cast_i"/></StgValue>
</operation>

<operation id="87" st_id="6" stage="1" lat="1">
<core>NULL</core>
<MemPortIdVec></MemPortIdVec>
<condition id="0">
<or_exp><and_exp><literal name="tmp_i" val="0"/>
</and_exp></or_exp>
</condition>

<Node id="58" bw="29" op_0_bw="16">
<![CDATA[
:13  %tmp_2_cast_i = sext i16 %col_inbuf_0_load to i29

]]></Node>
<StgValue><ssdm name="tmp_2_cast_i"/></StgValue>
</operation>

<operation id="88" st_id="6" stage="1" lat="1">
<core>DSP48</core>
<MemPortIdVec></MemPortIdVec>
<condition id="0">
<or_exp><and_exp><literal name="tmp_i" val="0"/>
</and_exp></or_exp>
</condition>

<Node id="59" bw="29" op_0_bw="29" op_1_bw="29">
<![CDATA[
:14  %tmp_3_i = mul i29 %coeff_cast_i, %tmp_2_cast_i

]]></Node>
<StgValue><ssdm name="tmp_3_i"/></StgValue>
</operation>

<operation id="89" st_id="6" stage="1" lat="1">
<core>NULL</core>
<MemPortIdVec></MemPortIdVec>
<condition id="0">
<or_exp><and_exp><literal name="tmp_i" val="0"/>
</and_exp></or_exp>
</condition>

<Node id="68" bw="29" op_0_bw="15">
<![CDATA[
:23  %coeff_2_cast_i = sext i15 %dct_coeff_table_2_lo to i29

]]></Node>
<StgValue><ssdm name="coeff_2_cast_i"/></StgValue>
</operation>

<operation id="90" st_id="6" stage="1" lat="1">
<core>NULL</core>
<MemPortIdVec></MemPortIdVec>
<condition id="0">
<or_exp><and_exp><literal name="tmp_i" val="0"/>
</and_exp></or_exp>
</condition>

<Node id="70" bw="29" op_0_bw="16">
<![CDATA[
:25  %tmp_2_2_cast_i = sext i16 %col_inbuf_2_load to i29

]]></Node>
<StgValue><ssdm name="tmp_2_2_cast_i"/></StgValue>
</operation>

<operation id="91" st_id="6" stage="1" lat="1">
<core>DSP48</core>
<MemPortIdVec></MemPortIdVec>
<condition id="0">
<or_exp><and_exp><literal name="tmp_i" val="0"/>
</and_exp></or_exp>
</condition>

<Node id="71" bw="29" op_0_bw="29" op_1_bw="29">
<![CDATA[
:26  %tmp_3_2_i = mul i29 %coeff_2_cast_i, %tmp_2_2_cast_i

]]></Node>
<StgValue><ssdm name="tmp_3_2_i"/></StgValue>
</operation>

<operation id="92" st_id="6" stage="1" lat="1">
<core>NULL</core>
<MemPortIdVec></MemPortIdVec>
<condition id="0">
<or_exp><and_exp><literal name="tmp_i" val="0"/>
</and_exp></or_exp>
</condition>

<Node id="80" bw="29" op_0_bw="15">
<![CDATA[
:35  %coeff_4_cast_i = sext i15 %dct_coeff_table_4_lo to i29

]]></Node>
<StgValue><ssdm name="coeff_4_cast_i"/></StgValue>
</operation>

<operation id="93" st_id="6" stage="1" lat="1">
<core>NULL</core>
<MemPortIdVec></MemPortIdVec>
<condition id="0">
<or_exp><and_exp><literal name="tmp_i" val="0"/>
</and_exp></or_exp>
</condition>

<Node id="82" bw="29" op_0_bw="16">
<![CDATA[
:37  %tmp_2_4_cast_i = sext i16 %col_inbuf_4_load to i29

]]></Node>
<StgValue><ssdm name="tmp_2_4_cast_i"/></StgValue>
</operation>

<operation id="94" st_id="6" stage="1" lat="1">
<core>DSP48</core>
<MemPortIdVec></MemPortIdVec>
<condition id="0">
<or_exp><and_exp><literal name="tmp_i" val="0"/>
</and_exp></or_exp>
</condition>

<Node id="83" bw="29" op_0_bw="29" op_1_bw="29">
<![CDATA[
:38  %tmp_3_4_i = mul i29 %coeff_4_cast_i, %tmp_2_4_cast_i

]]></Node>
<StgValue><ssdm name="tmp_3_4_i"/></StgValue>
</operation>

<operation id="95" st_id="6" stage="1" lat="1">
<core>NULL</core>
<MemPortIdVec></MemPortIdVec>
<condition id="0">
<or_exp><and_exp><literal name="tmp_i" val="0"/>
</and_exp></or_exp>
</condition>

<Node id="92" bw="29" op_0_bw="15">
<![CDATA[
:47  %coeff_6_cast_i = sext i15 %dct_coeff_table_6_lo to i29

]]></Node>
<StgValue><ssdm name="coeff_6_cast_i"/></StgValue>
</operation>

<operation id="96" st_id="6" stage="1" lat="1">
<core>NULL</core>
<MemPortIdVec></MemPortIdVec>
<condition id="0">
<or_exp><and_exp><literal name="tmp_i" val="0"/>
</and_exp></or_exp>
</condition>

<Node id="94" bw="29" op_0_bw="16">
<![CDATA[
:49  %tmp_2_6_cast_i = sext i16 %col_inbuf_6_load to i29

]]></Node>
<StgValue><ssdm name="tmp_2_6_cast_i"/></StgValue>
</operation>

<operation id="97" st_id="6" stage="1" lat="1">
<core>DSP48</core>
<MemPortIdVec></MemPortIdVec>
<condition id="0">
<or_exp><and_exp><literal name="tmp_i" val="0"/>
</and_exp></or_exp>
</condition>

<Node id="95" bw="29" op_0_bw="29" op_1_bw="29">
<![CDATA[
:50  %tmp_3_6_i = mul i29 %coeff_6_cast_i, %tmp_2_6_cast_i

]]></Node>
<StgValue><ssdm name="tmp_3_6_i"/></StgValue>
</operation>

<operation id="98" st_id="6" stage="1" lat="1">
<core>NULL</core>
<MemPortIdVec></MemPortIdVec>
<condition id="0">
<or_exp><and_exp><literal name="tmp_i" val="0"/>
</and_exp></or_exp>
</condition>

<Node id="98" bw="29" op_0_bw="15">
<![CDATA[
:53  %coeff_7_cast_i = sext i15 %dct_coeff_table_7_lo to i29

]]></Node>
<StgValue><ssdm name="coeff_7_cast_i"/></StgValue>
</operation>

<operation id="99" st_id="6" stage="1" lat="1">
<core>NULL</core>
<MemPortIdVec></MemPortIdVec>
<condition id="0">
<or_exp><and_exp><literal name="tmp_i" val="0"/>
</and_exp></or_exp>
</condition>

<Node id="100" bw="29" op_0_bw="16">
<![CDATA[
:55  %tmp_2_7_cast_i = sext i16 %col_inbuf_7_load to i29

]]></Node>
<StgValue><ssdm name="tmp_2_7_cast_i"/></StgValue>
</operation>

<operation id="100" st_id="6" stage="1" lat="1">
<core>DSP48</core>
<MemPortIdVec></MemPortIdVec>
<condition id="0">
<or_exp><and_exp><literal name="tmp_i" val="0"/>
</and_exp></or_exp>
</condition>

<Node id="101" bw="29" op_0_bw="29" op_1_bw="29">
<![CDATA[
:56  %tmp_3_7_i = mul i29 %coeff_7_cast_i, %tmp_2_7_cast_i

]]></Node>
<StgValue><ssdm name="tmp_3_7_i"/></StgValue>
</operation>

<operation id="101" st_id="6" stage="1" lat="1">
<core>DSP48</core>
<MemPortIdVec></MemPortIdVec>
<condition id="0">
<or_exp><and_exp><literal name="tmp_i" val="0"/>
</and_exp></or_exp>
</condition>

<Node id="102" bw="29" op_0_bw="29" op_1_bw="29">
<![CDATA[
:57  %tmp1 = add i29 %tmp_3_1_i, %tmp_3_i

]]></Node>
<StgValue><ssdm name="tmp1"/></StgValue>
</operation>

<operation id="102" st_id="6" stage="1" lat="1">
<core>DSP48</core>
<MemPortIdVec></MemPortIdVec>
<condition id="0">
<or_exp><and_exp><literal name="tmp_i" val="0"/>
</and_exp></or_exp>
</condition>

<Node id="103" bw="29" op_0_bw="29" op_1_bw="29">
<![CDATA[
:58  %tmp2 = add i29 %tmp_3_3_i, %tmp_3_2_i

]]></Node>
<StgValue><ssdm name="tmp2"/></StgValue>
</operation>

<operation id="103" st_id="6" stage="1" lat="1">
<core>AddSub</core>
<MemPortIdVec></MemPortIdVec>
<condition id="0">
<or_exp><and_exp><literal name="tmp_i" val="0"/>
</and_exp></or_exp>
</condition>

<Node id="104" bw="29" op_0_bw="29" op_1_bw="29">
<![CDATA[
:59  %tmp = add i29 %tmp1, %tmp2

]]></Node>
<StgValue><ssdm name="tmp"/></StgValue>
</operation>

<operation id="104" st_id="6" stage="1" lat="1">
<core>DSP48</core>
<MemPortIdVec></MemPortIdVec>
<condition id="0">
<or_exp><and_exp><literal name="tmp_i" val="0"/>
</and_exp></or_exp>
</condition>

<Node id="105" bw="29" op_0_bw="29" op_1_bw="29">
<![CDATA[
:60  %tmp4 = add i29 %tmp_3_5_i, %tmp_3_4_i

]]></Node>
<StgValue><ssdm name="tmp4"/></StgValue>
</operation>

<operation id="105" st_id="6" stage="1" lat="1">
<core>DSP48</core>
<MemPortIdVec></MemPortIdVec>
<condition id="0">
<or_exp><and_exp><literal name="tmp_i" val="0"/>
</and_exp></or_exp>
</condition>

<Node id="106" bw="29" op_0_bw="29" op_1_bw="29">
<![CDATA[
:61  %tmp6 = add i29 %tmp_3_7_i, 4096

]]></Node>
<StgValue><ssdm name="tmp6"/></StgValue>
</operation>

<operation id="106" st_id="6" stage="1" lat="1">
<core>DSP48</core>
<MemPortIdVec></MemPortIdVec>
<condition id="0">
<or_exp><and_exp><literal name="tmp_i" val="0"/>
</and_exp></or_exp>
</condition>

<Node id="107" bw="29" op_0_bw="29" op_1_bw="29">
<![CDATA[
:62  %tmp5 = add i29 %tmp_3_6_i, %tmp6

]]></Node>
<StgValue><ssdm name="tmp5"/></StgValue>
</operation>
</state>

<state id="7" st_id="7">

<operation id="107" st_id="7" stage="1" lat="1">
<core>TAddSub</core>
<MemPortIdVec></MemPortIdVec>
<condition id="0">
<or_exp><and_exp><literal name="tmp_i" val="0"/>
</and_exp></or_exp>
</condition>

<Node id="108" bw="29" op_0_bw="29" op_1_bw="29">
<![CDATA[
:63  %tmp3 = add i29 %tmp4, %tmp5

]]></Node>
<StgValue><ssdm name="tmp3"/></StgValue>
</operation>

<operation id="108" st_id="7" stage="1" lat="1">
<core>TAddSub</core>
<MemPortIdVec></MemPortIdVec>
<condition id="0">
<or_exp><and_exp><literal name="tmp_i" val="0"/>
</and_exp></or_exp>
</condition>

<Node id="109" bw="29" op_0_bw="29" op_1_bw="29">
<![CDATA[
:64  %tmp_9_i = add i29 %tmp, %tmp3

]]></Node>
<StgValue><ssdm name="tmp_9_i"/></StgValue>
</operation>

<operation id="109" st_id="7" stage="1" lat="1">
<core>NULL</core>
<MemPortIdVec></MemPortIdVec>
<condition id="0">
<or_exp><and_exp><literal name="tmp_i" val="0"/>
</and_exp></or_exp>
</condition>

<Node id="110" bw="16" op_0_bw="16" op_1_bw="29" op_2_bw="32" op_3_bw="32">
<![CDATA[
:65  %tmp_1_i = call i16 @_ssdm_op_PartSelect.i16.i29.i32.i32(i29 %tmp_9_i, i32 13, i32 28)

]]></Node>
<StgValue><ssdm name="tmp_1_i"/></StgValue>
</operation>
</state>

<state id="8" st_id="8">

<operation id="110" st_id="8" stage="1" lat="1">
<core>NULL</core>
<MemPortIdVec></MemPortIdVec>
<condition id="0">
<or_exp><and_exp><literal name="tmp_i" val="0"/>
</and_exp></or_exp>
</condition>

<Node id="48" bw="32" op_0_bw="8">
<![CDATA[
:3  %tmp_19_cast = zext i8 %tmp_6 to i32

]]></Node>
<StgValue><ssdm name="tmp_19_cast"/></StgValue>
</operation>

<operation id="111" st_id="8" stage="1" lat="1">
<core>NULL</core>
<MemPortIdVec></MemPortIdVec>
<condition id="0">
<or_exp><and_exp><literal name="tmp_i" val="0"/>
</and_exp></or_exp>
</condition>

<Node id="49" bw="6" op_0_bw="16" op_1_bw="32" op_2_bw="32">
<![CDATA[
:4  %col_outbuf_i_addr = getelementptr [64 x i16]* %col_outbuf_i, i32 0, i32 %tmp_19_cast

]]></Node>
<StgValue><ssdm name="col_outbuf_i_addr"/></StgValue>
</operation>

<operation id="112" st_id="8" stage="1" lat="1">
<core>NULL</core>
<MemPortIdVec></MemPortIdVec>
<condition id="0">
<or_exp><and_exp><literal name="tmp_i" val="0"/>
</and_exp></or_exp>
</condition>

<Node id="50" bw="32" op_0_bw="32" op_1_bw="64" op_2_bw="64" op_3_bw="64">
<![CDATA[
:5  %empty_18 = call i32 (...)* @_ssdm_op_SpecLoopTripCount(i64 8, i64 8, i64 8) nounwind

]]></Node>
<StgValue><ssdm name="empty_18"/></StgValue>
</operation>

<operation id="113" st_id="8" stage="1" lat="1">
<core>NULL</core>
<MemPortIdVec></MemPortIdVec>
<condition id="0">
<or_exp><and_exp><literal name="tmp_i" val="0"/>
</and_exp></or_exp>
</condition>

<Node id="51" bw="0" op_0_bw="0" op_1_bw="0">
<![CDATA[
:6  call void (...)* @_ssdm_op_SpecLoopName([15 x i8]* @p_str) nounwind

]]></Node>
<StgValue><ssdm name=""/></StgValue>
</operation>

<operation id="114" st_id="8" stage="1" lat="1">
<core>NULL</core>
<MemPortIdVec></MemPortIdVec>
<condition id="0">
<or_exp><and_exp><literal name="tmp_i" val="0"/>
</and_exp></or_exp>
</condition>

<Node id="52" bw="32" op_0_bw="32" op_1_bw="0">
<![CDATA[
:7  %tmp_5_i = call i32 (...)* @_ssdm_op_SpecRegionBegin([15 x i8]* @p_str) nounwind

]]></Node>
<StgValue><ssdm name="tmp_5_i"/></StgValue>
</operation>

<operation id="115" st_id="8" stage="1" lat="1">
<core>NULL</core>
<MemPortIdVec></MemPortIdVec>
<condition id="0">
<or_exp><and_exp><literal name="tmp_i" val="0"/>
</and_exp></or_exp>
</condition>

<Node id="53" bw="0" op_0_bw="0" op_1_bw="32" op_2_bw="32" op_3_bw="32" op_4_bw="32" op_5_bw="0">
<![CDATA[
:8  call void (...)* @_ssdm_op_SpecPipeline(i32 -1, i32 1, i32 1, i32 0, [1 x i8]* @p_str1) nounwind

]]></Node>
<StgValue><ssdm name=""/></StgValue>
</operation>

<operation id="116" st_id="8" stage="1" lat="1">
<core>RAM</core>
<MemPortIdVec>0 </MemPortIdVec>
<condition id="0">
<or_exp><and_exp><literal name="tmp_i" val="0"/>
</and_exp></or_exp>
</condition>

<Node id="111" bw="0" op_0_bw="16" op_1_bw="6">
<![CDATA[
:66  store i16 %tmp_1_i, i16* %col_outbuf_i_addr, align 2

]]></Node>
<StgValue><ssdm name=""/></StgValue>
</operation>

<operation id="117" st_id="8" stage="1" lat="1">
<core>NULL</core>
<MemPortIdVec></MemPortIdVec>
<condition id="0">
<or_exp><and_exp><literal name="tmp_i" val="0"/>
</and_exp></or_exp>
</condition>

<Node id="112" bw="32" op_0_bw="32" op_1_bw="0" op_2_bw="32">
<![CDATA[
:67  %empty_19 = call i32 (...)* @_ssdm_op_SpecRegionEnd([15 x i8]* @p_str, i32 %tmp_5_i) nounwind

]]></Node>
<StgValue><ssdm name="empty_19"/></StgValue>
</operation>

<operation id="118" st_id="8" stage="1" lat="1">
<core>NULL</core>
<MemPortIdVec></MemPortIdVec>
<condition id="0">
<or_exp><and_exp><literal name="tmp_i" val="0"/>
</and_exp></or_exp>
</condition>

<Node id="113" bw="0" op_0_bw="0">
<![CDATA[
:68  br label %1

]]></Node>
<StgValue><ssdm name=""/></StgValue>
</operation>
</state>

<state id="9" st_id="9">

<operation id="119" st_id="9" stage="1" lat="1">
<core>NULL</core>
<MemPortIdVec></MemPortIdVec>
<condition id="15">
<or_exp><and_exp></and_exp></or_exp>
</condition>

<Node id="115" bw="0" op_0_bw="0">
<![CDATA[
.preheader1.i.loopexit:0  br label %.preheader1.i

]]></Node>
<StgValue><ssdm name=""/></StgValue>
</operation>
</state>
</state_list>


<ports>
<port id="139" name="col_inbuf_0" dir="0" iftype="1">
<core>RAM</core><StgValue><ssdm name="col_inbuf_0"/><MemPortTyVec>1 3 </MemPortTyVec>
</StgValue>
</port>
<port id="140" name="col_inbuf_1" dir="0" iftype="1">
<core>RAM</core><StgValue><ssdm name="col_inbuf_1"/><MemPortTyVec>1 3 </MemPortTyVec>
</StgValue>
</port>
<port id="141" name="col_inbuf_2" dir="0" iftype="1">
<core>RAM</core><StgValue><ssdm name="col_inbuf_2"/><MemPortTyVec>1 3 </MemPortTyVec>
</StgValue>
</port>
<port id="142" name="col_inbuf_3" dir="0" iftype="1">
<core>RAM</core><StgValue><ssdm name="col_inbuf_3"/><MemPortTyVec>1 3 </MemPortTyVec>
</StgValue>
</port>
<port id="143" name="col_inbuf_4" dir="0" iftype="1">
<core>RAM</core><StgValue><ssdm name="col_inbuf_4"/><MemPortTyVec>1 3 </MemPortTyVec>
</StgValue>
</port>
<port id="144" name="col_inbuf_5" dir="0" iftype="1">
<core>RAM</core><StgValue><ssdm name="col_inbuf_5"/><MemPortTyVec>1 3 </MemPortTyVec>
</StgValue>
</port>
<port id="145" name="col_inbuf_6" dir="0" iftype="1">
<core>RAM</core><StgValue><ssdm name="col_inbuf_6"/><MemPortTyVec>1 3 </MemPortTyVec>
</StgValue>
</port>
<port id="146" name="col_inbuf_7" dir="0" iftype="1">
<core>RAM</core><StgValue><ssdm name="col_inbuf_7"/><MemPortTyVec>1 3 </MemPortTyVec>
</StgValue>
</port>
<port id="147" name="col_outbuf_i" dir="1" iftype="1">
<core>RAM</core><StgValue><ssdm name="col_outbuf_i"/><MemPortTyVec>0 3 </MemPortTyVec>
</StgValue>
</port>
<port id="148" name="dct_coeff_table_0" dir="0" iftype="1">
<core>ROM_nP</core><StgValue><ssdm name="dct_coeff_table_0"/><MemPortTyVec>1 </MemPortTyVec>
</StgValue>
</port>
<port id="149" name="dct_coeff_table_1" dir="0" iftype="1">
<core>ROM_nP</core><StgValue><ssdm name="dct_coeff_table_1"/><MemPortTyVec>1 </MemPortTyVec>
</StgValue>
</port>
<port id="150" name="dct_coeff_table_2" dir="0" iftype="1">
<core>ROM_nP</core><StgValue><ssdm name="dct_coeff_table_2"/><MemPortTyVec>1 </MemPortTyVec>
</StgValue>
</port>
<port id="151" name="dct_coeff_table_3" dir="0" iftype="1">
<core>ROM_nP</core><StgValue><ssdm name="dct_coeff_table_3"/><MemPortTyVec>1 </MemPortTyVec>
</StgValue>
</port>
<port id="152" name="dct_coeff_table_4" dir="0" iftype="1">
<core>ROM_nP</core><StgValue><ssdm name="dct_coeff_table_4"/><MemPortTyVec>1 </MemPortTyVec>
</StgValue>
</port>
<port id="153" name="dct_coeff_table_5" dir="0" iftype="1">
<core>ROM_nP</core><StgValue><ssdm name="dct_coeff_table_5"/><MemPortTyVec>1 </MemPortTyVec>
</StgValue>
</port>
<port id="154" name="dct_coeff_table_6" dir="0" iftype="1">
<core>ROM_nP</core><StgValue><ssdm name="dct_coeff_table_6"/><MemPortTyVec>1 </MemPortTyVec>
</StgValue>
</port>
<port id="155" name="dct_coeff_table_7" dir="0" iftype="1">
<core>ROM_nP</core><StgValue><ssdm name="dct_coeff_table_7"/><MemPortTyVec>1 </MemPortTyVec>
</StgValue>
</port>
</ports>


<dataflows>
<dataflow id="157" from="StgValue_156" to="i_2_i" fromId="156" toId="11">
<condition id="48">
<or_exp><and_exp></and_exp></or_exp>
</condition>
</dataflow>
<dataflow id="158" from="StgValue_10" to="i_2_i" fromId="10" toId="11">
</dataflow>
<dataflow id="159" from="i" to="i_2_i" fromId="13" toId="11">
<BackEdge/>
<condition id="49">
<or_exp><and_exp></and_exp></or_exp>
</condition>
</dataflow>
<dataflow id="160" from="StgValue_119" to="i_2_i" fromId="119" toId="11">
<BackEdge/>
</dataflow>
<dataflow id="161" from="i_2_i" to="tmp_5" fromId="11" toId="12">
</dataflow>
<dataflow id="163" from="StgValue_162" to="tmp_5" fromId="162" toId="12">
</dataflow>
<dataflow id="164" from="i_2_i" to="i" fromId="11" toId="13">
</dataflow>
<dataflow id="166" from="StgValue_165" to="i" fromId="165" toId="13">
</dataflow>
<dataflow id="167" from="tmp_5" to="StgValue_14" fromId="12" toId="14">
</dataflow>
<dataflow id="169" from="_ssdm_op_SpecLoopTripCount" to="empty" fromId="168" toId="15">
</dataflow>
<dataflow id="171" from="StgValue_170" to="empty" fromId="170" toId="15">
</dataflow>
<dataflow id="172" from="StgValue_170" to="empty" fromId="170" toId="15">
</dataflow>
<dataflow id="173" from="StgValue_170" to="empty" fromId="170" toId="15">
</dataflow>
<dataflow id="175" from="_ssdm_op_SpecLoopName" to="StgValue_16" fromId="174" toId="16">
</dataflow>
<dataflow id="177" from="p_str7" to="StgValue_16" fromId="176" toId="16">
</dataflow>
<dataflow id="178" from="i_2_i" to="i_2_i1_cast_i" fromId="11" toId="17">
</dataflow>
<dataflow id="180" from="_ssdm_op_BitConcatenate.i7.i4.i3" to="tmp_s" fromId="179" toId="18">
</dataflow>
<dataflow id="181" from="i_2_i" to="tmp_s" fromId="11" toId="18">
</dataflow>
<dataflow id="183" from="StgValue_182" to="tmp_s" fromId="182" toId="18">
</dataflow>
<dataflow id="184" from="tmp_s" to="tmp_18_cast" fromId="18" toId="19">
</dataflow>
<dataflow id="185" from="col_inbuf_0" to="col_inbuf_0_addr" fromId="139" toId="20">
</dataflow>
<dataflow id="187" from="StgValue_186" to="col_inbuf_0_addr" fromId="186" toId="20">
</dataflow>
<dataflow id="188" from="i_2_i1_cast_i" to="col_inbuf_0_addr" fromId="17" toId="20">
</dataflow>
<dataflow id="189" from="col_inbuf_1" to="col_inbuf_1_addr" fromId="140" toId="21">
</dataflow>
<dataflow id="190" from="StgValue_186" to="col_inbuf_1_addr" fromId="186" toId="21">
</dataflow>
<dataflow id="191" from="i_2_i1_cast_i" to="col_inbuf_1_addr" fromId="17" toId="21">
</dataflow>
<dataflow id="192" from="col_inbuf_2" to="col_inbuf_2_addr" fromId="141" toId="22">
</dataflow>
<dataflow id="193" from="StgValue_186" to="col_inbuf_2_addr" fromId="186" toId="22">
</dataflow>
<dataflow id="194" from="i_2_i1_cast_i" to="col_inbuf_2_addr" fromId="17" toId="22">
</dataflow>
<dataflow id="195" from="col_inbuf_3" to="col_inbuf_3_addr" fromId="142" toId="23">
</dataflow>
<dataflow id="196" from="StgValue_186" to="col_inbuf_3_addr" fromId="186" toId="23">
</dataflow>
<dataflow id="197" from="i_2_i1_cast_i" to="col_inbuf_3_addr" fromId="17" toId="23">
</dataflow>
<dataflow id="198" from="col_inbuf_4" to="col_inbuf_4_addr" fromId="143" toId="24">
</dataflow>
<dataflow id="199" from="StgValue_186" to="col_inbuf_4_addr" fromId="186" toId="24">
</dataflow>
<dataflow id="200" from="i_2_i1_cast_i" to="col_inbuf_4_addr" fromId="17" toId="24">
</dataflow>
<dataflow id="201" from="col_inbuf_5" to="col_inbuf_5_addr" fromId="144" toId="25">
</dataflow>
<dataflow id="202" from="StgValue_186" to="col_inbuf_5_addr" fromId="186" toId="25">
</dataflow>
<dataflow id="203" from="i_2_i1_cast_i" to="col_inbuf_5_addr" fromId="17" toId="25">
</dataflow>
<dataflow id="204" from="col_inbuf_6" to="col_inbuf_6_addr" fromId="145" toId="26">
</dataflow>
<dataflow id="205" from="StgValue_186" to="col_inbuf_6_addr" fromId="186" toId="26">
</dataflow>
<dataflow id="206" from="i_2_i1_cast_i" to="col_inbuf_6_addr" fromId="17" toId="26">
</dataflow>
<dataflow id="207" from="col_inbuf_7" to="col_inbuf_7_addr" fromId="146" toId="27">
</dataflow>
<dataflow id="208" from="StgValue_186" to="col_inbuf_7_addr" fromId="186" toId="27">
</dataflow>
<dataflow id="209" from="i_2_i1_cast_i" to="col_inbuf_7_addr" fromId="17" toId="27">
</dataflow>
<dataflow id="210" from="StgValue_156" to="k_i" fromId="156" toId="30">
<condition id="50">
<or_exp><and_exp><literal name="tmp_5" val="0"/>
</and_exp></or_exp>
</condition>
</dataflow>
<dataflow id="211" from="StgValue_28" to="k_i" fromId="28" toId="30">
</dataflow>
<dataflow id="212" from="k" to="k_i" fromId="32" toId="30">
<BackEdge/>
<condition id="51">
<or_exp><and_exp><literal name="tmp_i" val="0"/>
</and_exp></or_exp>
</condition>
</dataflow>
<dataflow id="213" from="StgValue_118" to="k_i" fromId="118" toId="30">
<BackEdge/>
</dataflow>
<dataflow id="214" from="k_i" to="tmp_i" fromId="30" toId="31">
</dataflow>
<dataflow id="215" from="StgValue_162" to="tmp_i" fromId="162" toId="31">
</dataflow>
<dataflow id="216" from="k_i" to="k" fromId="30" toId="32">
</dataflow>
<dataflow id="217" from="StgValue_165" to="k" fromId="165" toId="32">
</dataflow>
<dataflow id="218" from="tmp_i" to="StgValue_33" fromId="31" toId="33">
</dataflow>
<dataflow id="219" from="k_i" to="k_cast1_i" fromId="30" toId="34">
</dataflow>
<dataflow id="220" from="k_i" to="k_cast1_i_cast" fromId="30" toId="35">
</dataflow>
<dataflow id="221" from="tmp_18_cast" to="tmp_6" fromId="19" toId="36">
</dataflow>
<dataflow id="222" from="k_cast1_i_cast" to="tmp_6" fromId="35" toId="36">
</dataflow>
<dataflow id="223" from="dct_coeff_table_1" to="dct_coeff_table_1_ad" fromId="149" toId="37">
</dataflow>
<dataflow id="224" from="StgValue_186" to="dct_coeff_table_1_ad" fromId="186" toId="37">
</dataflow>
<dataflow id="225" from="k_cast1_i" to="dct_coeff_table_1_ad" fromId="34" toId="37">
</dataflow>
<dataflow id="226" from="dct_coeff_table_1_ad" to="dct_coeff_table_1_lo" fromId="37" toId="38">
</dataflow>
<dataflow id="227" from="col_inbuf_1_addr" to="col_inbuf_1_load" fromId="21" toId="39">
</dataflow>
<dataflow id="228" from="dct_coeff_table_3" to="dct_coeff_table_3_ad" fromId="151" toId="40">
</dataflow>
<dataflow id="229" from="StgValue_186" to="dct_coeff_table_3_ad" fromId="186" toId="40">
</dataflow>
<dataflow id="230" from="k_cast1_i" to="dct_coeff_table_3_ad" fromId="34" toId="40">
</dataflow>
<dataflow id="231" from="dct_coeff_table_3_ad" to="dct_coeff_table_3_lo" fromId="40" toId="41">
</dataflow>
<dataflow id="232" from="col_inbuf_3_addr" to="col_inbuf_3_load" fromId="23" toId="42">
</dataflow>
<dataflow id="233" from="dct_coeff_table_5" to="dct_coeff_table_5_ad" fromId="153" toId="43">
</dataflow>
<dataflow id="234" from="StgValue_186" to="dct_coeff_table_5_ad" fromId="186" toId="43">
</dataflow>
<dataflow id="235" from="k_cast1_i" to="dct_coeff_table_5_ad" fromId="34" toId="43">
</dataflow>
<dataflow id="236" from="dct_coeff_table_5_ad" to="dct_coeff_table_5_lo" fromId="43" toId="44">
</dataflow>
<dataflow id="237" from="col_inbuf_5_addr" to="col_inbuf_5_load" fromId="25" toId="45">
</dataflow>
<dataflow id="238" from="dct_coeff_table_0" to="dct_coeff_table_0_ad" fromId="148" toId="46">
</dataflow>
<dataflow id="239" from="StgValue_186" to="dct_coeff_table_0_ad" fromId="186" toId="46">
</dataflow>
<dataflow id="240" from="k_cast1_i" to="dct_coeff_table_0_ad" fromId="34" toId="46">
</dataflow>
<dataflow id="241" from="dct_coeff_table_0_ad" to="dct_coeff_table_0_lo" fromId="46" toId="47">
</dataflow>
<dataflow id="242" from="col_inbuf_0_addr" to="col_inbuf_0_load" fromId="20" toId="48">
</dataflow>
<dataflow id="243" from="dct_coeff_table_1_ad" to="dct_coeff_table_1_lo" fromId="37" toId="49">
</dataflow>
<dataflow id="244" from="col_inbuf_1_addr" to="col_inbuf_1_load" fromId="21" toId="50">
</dataflow>
<dataflow id="245" from="dct_coeff_table_2" to="dct_coeff_table_2_ad" fromId="150" toId="51">
</dataflow>
<dataflow id="246" from="StgValue_186" to="dct_coeff_table_2_ad" fromId="186" toId="51">
</dataflow>
<dataflow id="247" from="k_cast1_i" to="dct_coeff_table_2_ad" fromId="34" toId="51">
</dataflow>
<dataflow id="248" from="dct_coeff_table_2_ad" to="dct_coeff_table_2_lo" fromId="51" toId="52">
</dataflow>
<dataflow id="249" from="col_inbuf_2_addr" to="col_inbuf_2_load" fromId="22" toId="53">
</dataflow>
<dataflow id="250" from="dct_coeff_table_3_ad" to="dct_coeff_table_3_lo" fromId="40" toId="54">
</dataflow>
<dataflow id="251" from="col_inbuf_3_addr" to="col_inbuf_3_load" fromId="23" toId="55">
</dataflow>
<dataflow id="252" from="dct_coeff_table_4" to="dct_coeff_table_4_ad" fromId="152" toId="56">
</dataflow>
<dataflow id="253" from="StgValue_186" to="dct_coeff_table_4_ad" fromId="186" toId="56">
</dataflow>
<dataflow id="254" from="k_cast1_i" to="dct_coeff_table_4_ad" fromId="34" toId="56">
</dataflow>
<dataflow id="255" from="dct_coeff_table_4_ad" to="dct_coeff_table_4_lo" fromId="56" toId="57">
</dataflow>
<dataflow id="256" from="col_inbuf_4_addr" to="col_inbuf_4_load" fromId="24" toId="58">
</dataflow>
<dataflow id="257" from="dct_coeff_table_5_ad" to="dct_coeff_table_5_lo" fromId="43" toId="59">
</dataflow>
<dataflow id="258" from="col_inbuf_5_addr" to="col_inbuf_5_load" fromId="25" toId="60">
</dataflow>
<dataflow id="259" from="dct_coeff_table_6" to="dct_coeff_table_6_ad" fromId="154" toId="61">
</dataflow>
<dataflow id="260" from="StgValue_186" to="dct_coeff_table_6_ad" fromId="186" toId="61">
</dataflow>
<dataflow id="261" from="k_cast1_i" to="dct_coeff_table_6_ad" fromId="34" toId="61">
</dataflow>
<dataflow id="262" from="dct_coeff_table_6_ad" to="dct_coeff_table_6_lo" fromId="61" toId="62">
</dataflow>
<dataflow id="263" from="col_inbuf_6_addr" to="col_inbuf_6_load" fromId="26" toId="63">
</dataflow>
<dataflow id="264" from="dct_coeff_table_7" to="dct_coeff_table_7_ad" fromId="155" toId="64">
</dataflow>
<dataflow id="265" from="StgValue_186" to="dct_coeff_table_7_ad" fromId="186" toId="64">
</dataflow>
<dataflow id="266" from="k_cast1_i" to="dct_coeff_table_7_ad" fromId="34" toId="64">
</dataflow>
<dataflow id="267" from="dct_coeff_table_7_ad" to="dct_coeff_table_7_lo" fromId="64" toId="65">
</dataflow>
<dataflow id="268" from="col_inbuf_7_addr" to="col_inbuf_7_load" fromId="27" toId="66">
</dataflow>
<dataflow id="269" from="dct_coeff_table_0_ad" to="dct_coeff_table_0_lo" fromId="46" toId="67">
</dataflow>
<dataflow id="270" from="col_inbuf_0_addr" to="col_inbuf_0_load" fromId="20" toId="68">
</dataflow>
<dataflow id="271" from="dct_coeff_table_1_lo" to="coeff_1_cast_i" fromId="49" toId="69">
</dataflow>
<dataflow id="272" from="col_inbuf_1_load" to="tmp_2_1_cast_i" fromId="50" toId="70">
</dataflow>
<dataflow id="273" from="coeff_1_cast_i" to="tmp_3_1_i" fromId="69" toId="71">
</dataflow>
<dataflow id="274" from="tmp_2_1_cast_i" to="tmp_3_1_i" fromId="70" toId="71">
</dataflow>
<dataflow id="275" from="dct_coeff_table_2_ad" to="dct_coeff_table_2_lo" fromId="51" toId="72">
</dataflow>
<dataflow id="276" from="col_inbuf_2_addr" to="col_inbuf_2_load" fromId="22" toId="73">
</dataflow>
<dataflow id="277" from="dct_coeff_table_3_lo" to="coeff_3_cast_i" fromId="54" toId="74">
</dataflow>
<dataflow id="278" from="col_inbuf_3_load" to="tmp_2_3_cast_i" fromId="55" toId="75">
</dataflow>
<dataflow id="279" from="coeff_3_cast_i" to="tmp_3_3_i" fromId="74" toId="76">
</dataflow>
<dataflow id="280" from="tmp_2_3_cast_i" to="tmp_3_3_i" fromId="75" toId="76">
</dataflow>
<dataflow id="281" from="dct_coeff_table_4_ad" to="dct_coeff_table_4_lo" fromId="56" toId="77">
</dataflow>
<dataflow id="282" from="col_inbuf_4_addr" to="col_inbuf_4_load" fromId="24" toId="78">
</dataflow>
<dataflow id="283" from="dct_coeff_table_5_lo" to="coeff_5_cast_i" fromId="59" toId="79">
</dataflow>
<dataflow id="284" from="col_inbuf_5_load" to="tmp_2_5_cast_i" fromId="60" toId="80">
</dataflow>
<dataflow id="285" from="coeff_5_cast_i" to="tmp_3_5_i" fromId="79" toId="81">
</dataflow>
<dataflow id="286" from="tmp_2_5_cast_i" to="tmp_3_5_i" fromId="80" toId="81">
</dataflow>
<dataflow id="287" from="dct_coeff_table_6_ad" to="dct_coeff_table_6_lo" fromId="61" toId="82">
</dataflow>
<dataflow id="288" from="col_inbuf_6_addr" to="col_inbuf_6_load" fromId="26" toId="83">
</dataflow>
<dataflow id="289" from="dct_coeff_table_7_ad" to="dct_coeff_table_7_lo" fromId="64" toId="84">
</dataflow>
<dataflow id="290" from="col_inbuf_7_addr" to="col_inbuf_7_load" fromId="27" toId="85">
</dataflow>
<dataflow id="291" from="dct_coeff_table_0_lo" to="coeff_cast_i" fromId="67" toId="86">
</dataflow>
<dataflow id="292" from="col_inbuf_0_load" to="tmp_2_cast_i" fromId="68" toId="87">
</dataflow>
<dataflow id="293" from="coeff_cast_i" to="tmp_3_i" fromId="86" toId="88">
</dataflow>
<dataflow id="294" from="tmp_2_cast_i" to="tmp_3_i" fromId="87" toId="88">
</dataflow>
<dataflow id="295" from="dct_coeff_table_2_lo" to="coeff_2_cast_i" fromId="72" toId="89">
</dataflow>
<dataflow id="296" from="col_inbuf_2_load" to="tmp_2_2_cast_i" fromId="73" toId="90">
</dataflow>
<dataflow id="297" from="coeff_2_cast_i" to="tmp_3_2_i" fromId="89" toId="91">
</dataflow>
<dataflow id="298" from="tmp_2_2_cast_i" to="tmp_3_2_i" fromId="90" toId="91">
</dataflow>
<dataflow id="299" from="dct_coeff_table_4_lo" to="coeff_4_cast_i" fromId="77" toId="92">
</dataflow>
<dataflow id="300" from="col_inbuf_4_load" to="tmp_2_4_cast_i" fromId="78" toId="93">
</dataflow>
<dataflow id="301" from="coeff_4_cast_i" to="tmp_3_4_i" fromId="92" toId="94">
</dataflow>
<dataflow id="302" from="tmp_2_4_cast_i" to="tmp_3_4_i" fromId="93" toId="94">
</dataflow>
<dataflow id="303" from="dct_coeff_table_6_lo" to="coeff_6_cast_i" fromId="82" toId="95">
</dataflow>
<dataflow id="304" from="col_inbuf_6_load" to="tmp_2_6_cast_i" fromId="83" toId="96">
</dataflow>
<dataflow id="305" from="coeff_6_cast_i" to="tmp_3_6_i" fromId="95" toId="97">
</dataflow>
<dataflow id="306" from="tmp_2_6_cast_i" to="tmp_3_6_i" fromId="96" toId="97">
</dataflow>
<dataflow id="307" from="dct_coeff_table_7_lo" to="coeff_7_cast_i" fromId="84" toId="98">
</dataflow>
<dataflow id="308" from="col_inbuf_7_load" to="tmp_2_7_cast_i" fromId="85" toId="99">
</dataflow>
<dataflow id="309" from="coeff_7_cast_i" to="tmp_3_7_i" fromId="98" toId="100">
</dataflow>
<dataflow id="310" from="tmp_2_7_cast_i" to="tmp_3_7_i" fromId="99" toId="100">
</dataflow>
<dataflow id="311" from="tmp_3_1_i" to="tmp1" fromId="71" toId="101">
</dataflow>
<dataflow id="312" from="tmp_3_i" to="tmp1" fromId="88" toId="101">
</dataflow>
<dataflow id="313" from="tmp_3_3_i" to="tmp2" fromId="76" toId="102">
</dataflow>
<dataflow id="314" from="tmp_3_2_i" to="tmp2" fromId="91" toId="102">
</dataflow>
<dataflow id="315" from="tmp1" to="tmp" fromId="101" toId="103">
</dataflow>
<dataflow id="316" from="tmp2" to="tmp" fromId="102" toId="103">
</dataflow>
<dataflow id="317" from="tmp_3_5_i" to="tmp4" fromId="81" toId="104">
</dataflow>
<dataflow id="318" from="tmp_3_4_i" to="tmp4" fromId="94" toId="104">
</dataflow>
<dataflow id="319" from="tmp_3_7_i" to="tmp6" fromId="100" toId="105">
</dataflow>
<dataflow id="321" from="StgValue_320" to="tmp6" fromId="320" toId="105">
</dataflow>
<dataflow id="322" from="tmp_3_6_i" to="tmp5" fromId="97" toId="106">
</dataflow>
<dataflow id="323" from="tmp6" to="tmp5" fromId="105" toId="106">
</dataflow>
<dataflow id="324" from="tmp4" to="tmp3" fromId="104" toId="107">
</dataflow>
<dataflow id="325" from="tmp5" to="tmp3" fromId="106" toId="107">
</dataflow>
<dataflow id="326" from="tmp" to="tmp_9_i" fromId="103" toId="108">
</dataflow>
<dataflow id="327" from="tmp3" to="tmp_9_i" fromId="107" toId="108">
</dataflow>
<dataflow id="329" from="_ssdm_op_PartSelect.i16.i29.i32.i32" to="tmp_1_i" fromId="328" toId="109">
</dataflow>
<dataflow id="330" from="tmp_9_i" to="tmp_1_i" fromId="108" toId="109">
</dataflow>
<dataflow id="332" from="StgValue_331" to="tmp_1_i" fromId="331" toId="109">
</dataflow>
<dataflow id="334" from="StgValue_333" to="tmp_1_i" fromId="333" toId="109">
</dataflow>
<dataflow id="335" from="tmp_6" to="tmp_19_cast" fromId="36" toId="110">
</dataflow>
<dataflow id="336" from="col_outbuf_i" to="col_outbuf_i_addr" fromId="147" toId="111">
</dataflow>
<dataflow id="337" from="StgValue_186" to="col_outbuf_i_addr" fromId="186" toId="111">
</dataflow>
<dataflow id="338" from="tmp_19_cast" to="col_outbuf_i_addr" fromId="110" toId="111">
</dataflow>
<dataflow id="339" from="_ssdm_op_SpecLoopTripCount" to="empty_18" fromId="168" toId="112">
</dataflow>
<dataflow id="340" from="StgValue_170" to="empty_18" fromId="170" toId="112">
</dataflow>
<dataflow id="341" from="StgValue_170" to="empty_18" fromId="170" toId="112">
</dataflow>
<dataflow id="342" from="StgValue_170" to="empty_18" fromId="170" toId="112">
</dataflow>
<dataflow id="343" from="_ssdm_op_SpecLoopName" to="StgValue_113" fromId="174" toId="113">
</dataflow>
<dataflow id="345" from="p_str" to="StgValue_113" fromId="344" toId="113">
</dataflow>
<dataflow id="347" from="_ssdm_op_SpecRegionBegin" to="tmp_5_i" fromId="346" toId="114">
</dataflow>
<dataflow id="348" from="p_str" to="tmp_5_i" fromId="344" toId="114">
</dataflow>
<dataflow id="350" from="_ssdm_op_SpecPipeline" to="StgValue_115" fromId="349" toId="115">
</dataflow>
<dataflow id="352" from="StgValue_351" to="StgValue_115" fromId="351" toId="115">
</dataflow>
<dataflow id="354" from="StgValue_353" to="StgValue_115" fromId="353" toId="115">
</dataflow>
<dataflow id="355" from="StgValue_353" to="StgValue_115" fromId="353" toId="115">
</dataflow>
<dataflow id="356" from="StgValue_186" to="StgValue_115" fromId="186" toId="115">
</dataflow>
<dataflow id="358" from="p_str1" to="StgValue_115" fromId="357" toId="115">
</dataflow>
<dataflow id="359" from="tmp_1_i" to="StgValue_116" fromId="109" toId="116">
</dataflow>
<dataflow id="360" from="col_outbuf_i_addr" to="StgValue_116" fromId="111" toId="116">
</dataflow>
<dataflow id="362" from="_ssdm_op_SpecRegionEnd" to="empty_19" fromId="361" toId="117">
</dataflow>
<dataflow id="363" from="p_str" to="empty_19" fromId="344" toId="117">
</dataflow>
<dataflow id="364" from="tmp_5_i" to="empty_19" fromId="114" toId="117">
</dataflow>
<dataflow id="365" from="tmp_5" to="StgValue_2" fromId="12" toId="2">
</dataflow>
<dataflow id="366" from="tmp_i" to="StgValue_3" fromId="31" toId="3">
</dataflow>
<dataflow id="367" from="tmp_i" to="StgValue_4" fromId="31" toId="4">
</dataflow>
<dataflow id="368" from="tmp_i" to="StgValue_5" fromId="31" toId="5">
</dataflow>
<dataflow id="369" from="tmp_i" to="StgValue_6" fromId="31" toId="6">
</dataflow>
<dataflow id="370" from="tmp_i" to="StgValue_7" fromId="31" toId="7">
</dataflow>
<dataflow id="371" from="tmp_i" to="StgValue_8" fromId="31" toId="8">
</dataflow>
<dataflow id="372" from="tmp_5" to="StgValue_3" fromId="12" toId="3">
</dataflow>
<dataflow id="373" from="tmp_5" to="StgValue_4" fromId="12" toId="4">
</dataflow>
<dataflow id="374" from="tmp_5" to="StgValue_5" fromId="12" toId="5">
</dataflow>
<dataflow id="375" from="tmp_5" to="StgValue_6" fromId="12" toId="6">
</dataflow>
<dataflow id="376" from="tmp_5" to="StgValue_7" fromId="12" toId="7">
</dataflow>
<dataflow id="377" from="tmp_5" to="StgValue_8" fromId="12" toId="8">
</dataflow>
</dataflows>


</stg>
