<stg><name>Loop_Xpose_Row_Outer</name>


<trans_list>

<trans id="61" from="1" to="2">
<condition id="85">
<or_exp><and_exp></and_exp></or_exp>
</condition>
</trans>

<trans id="87" from="2" to="5">
<condition id="110">
<or_exp><and_exp><literal name="exitcond_flatten" val="1"/>
</and_exp></or_exp>
</condition>
</trans>

<trans id="88" from="2" to="3">
<condition id="113">
<or_exp><and_exp><literal name="exitcond_flatten" val="0"/>
</and_exp></or_exp>
</condition>
</trans>

<trans id="85" from="3" to="4">
<condition id="111">
<or_exp><and_exp></and_exp></or_exp>
</condition>
</trans>

<trans id="86" from="4" to="2">
<condition id="112">
<or_exp><and_exp></and_exp></or_exp>
</condition>
</trans>
</trans_list>



<state_list>

<state id="1" st_id="1">

<operation id="6" st_id="1" stage="1" lat="1">
<core>NULL</core>
<MemPortIdVec></MemPortIdVec>
<condition id="56">
<or_exp><and_exp></and_exp></or_exp>
</condition>

<Node id="10" bw="0" op_0_bw="0">
<![CDATA[
newFuncRoot:0  br label %0

]]></Node>
<StgValue><ssdm name=""/></StgValue>
</operation>
</state>

<state id="2" st_id="2">

<operation id="7" st_id="2" stage="1" lat="1">
<core>NULL</core>
<MemPortIdVec></MemPortIdVec>
<condition id="-1">
<or_exp><and_exp></and_exp></or_exp>
</condition>

<Node id="12" bw="7" op_0_bw="7" op_1_bw="0">
<![CDATA[
:0  %indvar_flatten = phi i7 [ 0, %newFuncRoot ], [ %indvar_flatten_next, %ifBlock ]

]]></Node>
<StgValue><ssdm name="indvar_flatten"/></StgValue>
</operation>

<operation id="8" st_id="2" stage="1" lat="1">
<core>NULL</core>
<MemPortIdVec></MemPortIdVec>
<condition id="-1">
<or_exp><and_exp></and_exp></or_exp>
</condition>

<Node id="13" bw="4" op_0_bw="4" op_1_bw="0">
<![CDATA[
:1  %j_0_i = phi i4 [ 0, %newFuncRoot ], [ %j_0_i_cast_mid2_v, %ifBlock ]

]]></Node>
<StgValue><ssdm name="j_0_i"/></StgValue>
</operation>

<operation id="9" st_id="2" stage="1" lat="1">
<core>NULL</core>
<MemPortIdVec></MemPortIdVec>
<condition id="-1">
<or_exp><and_exp></and_exp></or_exp>
</condition>

<Node id="14" bw="4" op_0_bw="4" op_1_bw="0">
<![CDATA[
:2  %i_1_i = phi i4 [ 0, %newFuncRoot ], [ %i, %ifBlock ]

]]></Node>
<StgValue><ssdm name="i_1_i"/></StgValue>
</operation>

<operation id="10" st_id="2" stage="1" lat="1">
<core>Cmp</core>
<MemPortIdVec></MemPortIdVec>
<condition id="-1">
<or_exp><and_exp></and_exp></or_exp>
</condition>

<Node id="15" bw="1" op_0_bw="7" op_1_bw="7">
<![CDATA[
:3  %exitcond_flatten = icmp eq i7 %indvar_flatten, -64

]]></Node>
<StgValue><ssdm name="exitcond_flatten"/></StgValue>
</operation>

<operation id="11" st_id="2" stage="1" lat="1">
<core>AddSub</core>
<MemPortIdVec></MemPortIdVec>
<condition id="-1">
<or_exp><and_exp></and_exp></or_exp>
</condition>

<Node id="16" bw="7" op_0_bw="7" op_1_bw="7">
<![CDATA[
:4  %indvar_flatten_next = add i7 %indvar_flatten, 1

]]></Node>
<StgValue><ssdm name="indvar_flatten_next"/></StgValue>
</operation>

<operation id="12" st_id="2" stage="1" lat="1">
<core>NULL</core>
<MemPortIdVec></MemPortIdVec>
<condition id="-1">
<or_exp><and_exp></and_exp></or_exp>
</condition>

<Node id="17" bw="0" op_0_bw="1" op_1_bw="0" op_2_bw="0">
<![CDATA[
:5  br i1 %exitcond_flatten, label %.preheader1.i.exitStub, label %.preheader2.i

]]></Node>
<StgValue><ssdm name=""/></StgValue>
</operation>

<operation id="13" st_id="2" stage="1" lat="1">
<core>AddSub</core>
<MemPortIdVec></MemPortIdVec>
<condition id="0">
<or_exp><and_exp><literal name="exitcond_flatten" val="0"/>
</and_exp></or_exp>
</condition>

<Node id="19" bw="4" op_0_bw="4" op_1_bw="4">
<![CDATA[
.preheader2.i:0  %j = add i4 1, %j_0_i

]]></Node>
<StgValue><ssdm name="j"/></StgValue>
</operation>

<operation id="14" st_id="2" stage="1" lat="1">
<core>Cmp</core>
<MemPortIdVec></MemPortIdVec>
<condition id="0">
<or_exp><and_exp><literal name="exitcond_flatten" val="0"/>
</and_exp></or_exp>
</condition>

<Node id="22" bw="1" op_0_bw="4" op_1_bw="4">
<![CDATA[
.preheader2.i:3  %tmp_s = icmp eq i4 %i_1_i, -8

]]></Node>
<StgValue><ssdm name="tmp_s"/></StgValue>
</operation>

<operation id="15" st_id="2" stage="1" lat="1">
<core>Sel</core>
<MemPortIdVec></MemPortIdVec>
<condition id="0">
<or_exp><and_exp><literal name="exitcond_flatten" val="0"/>
</and_exp></or_exp>
</condition>

<Node id="23" bw="4" op_0_bw="1" op_1_bw="4" op_2_bw="4">
<![CDATA[
.preheader2.i:4  %i_1_i_mid2 = select i1 %tmp_s, i4 0, i4 %i_1_i

]]></Node>
<StgValue><ssdm name="i_1_i_mid2"/></StgValue>
</operation>

<operation id="16" st_id="2" stage="1" lat="1">
<core>Sel</core>
<MemPortIdVec></MemPortIdVec>
<condition id="0">
<or_exp><and_exp><literal name="exitcond_flatten" val="0"/>
</and_exp></or_exp>
</condition>

<Node id="24" bw="4" op_0_bw="1" op_1_bw="4" op_2_bw="4">
<![CDATA[
.preheader2.i:5  %j_0_i_cast_mid2_v = select i1 %tmp_s, i4 %j, i4 %j_0_i

]]></Node>
<StgValue><ssdm name="j_0_i_cast_mid2_v"/></StgValue>
</operation>

<operation id="17" st_id="2" stage="1" lat="1">
<core>NULL</core>
<MemPortIdVec></MemPortIdVec>
<condition id="0">
<or_exp><and_exp><literal name="exitcond_flatten" val="0"/>
</and_exp></or_exp>
</condition>

<Node id="36" bw="3" op_0_bw="4">
<![CDATA[
.preheader2.i:17  %tmp_3 = trunc i4 %i_1_i_mid2 to i3

]]></Node>
<StgValue><ssdm name="tmp_3"/></StgValue>
</operation>

<operation id="18" st_id="2" stage="1" lat="1">
<core>NULL</core>
<MemPortIdVec></MemPortIdVec>
<condition id="57">
<or_exp><and_exp><literal name="exitcond_flatten" val="0"/>
<literal name="tmp_3" val="6"/>
</and_exp></or_exp>
</condition>

<Node id="41" bw="0" op_0_bw="0">
<![CDATA[
branch6:2  br label %ifBlock

]]></Node>
<StgValue><ssdm name=""/></StgValue>
</operation>

<operation id="19" st_id="2" stage="1" lat="1">
<core>NULL</core>
<MemPortIdVec></MemPortIdVec>
<condition id="58">
<or_exp><and_exp><literal name="exitcond_flatten" val="0"/>
<literal name="tmp_3" val="5"/>
</and_exp></or_exp>
</condition>

<Node id="45" bw="0" op_0_bw="0">
<![CDATA[
branch5:2  br label %ifBlock

]]></Node>
<StgValue><ssdm name=""/></StgValue>
</operation>

<operation id="20" st_id="2" stage="1" lat="1">
<core>NULL</core>
<MemPortIdVec></MemPortIdVec>
<condition id="59">
<or_exp><and_exp><literal name="exitcond_flatten" val="0"/>
<literal name="tmp_3" val="4"/>
</and_exp></or_exp>
</condition>

<Node id="49" bw="0" op_0_bw="0">
<![CDATA[
branch4:2  br label %ifBlock

]]></Node>
<StgValue><ssdm name=""/></StgValue>
</operation>

<operation id="21" st_id="2" stage="1" lat="1">
<core>NULL</core>
<MemPortIdVec></MemPortIdVec>
<condition id="60">
<or_exp><and_exp><literal name="exitcond_flatten" val="0"/>
<literal name="tmp_3" val="3"/>
</and_exp></or_exp>
</condition>

<Node id="53" bw="0" op_0_bw="0">
<![CDATA[
branch3:2  br label %ifBlock

]]></Node>
<StgValue><ssdm name=""/></StgValue>
</operation>

<operation id="22" st_id="2" stage="1" lat="1">
<core>NULL</core>
<MemPortIdVec></MemPortIdVec>
<condition id="61">
<or_exp><and_exp><literal name="exitcond_flatten" val="0"/>
<literal name="tmp_3" val="2"/>
</and_exp></or_exp>
</condition>

<Node id="57" bw="0" op_0_bw="0">
<![CDATA[
branch2:2  br label %ifBlock

]]></Node>
<StgValue><ssdm name=""/></StgValue>
</operation>

<operation id="23" st_id="2" stage="1" lat="1">
<core>NULL</core>
<MemPortIdVec></MemPortIdVec>
<condition id="62">
<or_exp><and_exp><literal name="exitcond_flatten" val="0"/>
<literal name="tmp_3" val="1"/>
</and_exp></or_exp>
</condition>

<Node id="61" bw="0" op_0_bw="0">
<![CDATA[
branch1:2  br label %ifBlock

]]></Node>
<StgValue><ssdm name=""/></StgValue>
</operation>

<operation id="24" st_id="2" stage="1" lat="1">
<core>NULL</core>
<MemPortIdVec></MemPortIdVec>
<condition id="63">
<or_exp><and_exp><literal name="exitcond_flatten" val="0"/>
<literal name="tmp_3" val="0"/>
</and_exp></or_exp>
</condition>

<Node id="65" bw="0" op_0_bw="0">
<![CDATA[
branch0:2  br label %ifBlock

]]></Node>
<StgValue><ssdm name=""/></StgValue>
</operation>

<operation id="25" st_id="2" stage="1" lat="1">
<core>NULL</core>
<MemPortIdVec></MemPortIdVec>
<condition id="64">
<or_exp><and_exp><literal name="exitcond_flatten" val="0"/>
<literal name="tmp_3" val="7"/>
</and_exp></or_exp>
</condition>

<Node id="69" bw="0" op_0_bw="0">
<![CDATA[
branch7:2  br label %ifBlock

]]></Node>
<StgValue><ssdm name=""/></StgValue>
</operation>
</state>

<state id="3" st_id="3">

<operation id="26" st_id="3" stage="1" lat="1">
<core>NULL</core>
<MemPortIdVec></MemPortIdVec>
<condition id="0">
<or_exp><and_exp><literal name="exitcond_flatten" val="0"/>
</and_exp></or_exp>
</condition>

<Node id="26" bw="8" op_0_bw="4">
<![CDATA[
.preheader2.i:7  %j_0_i_cast_mid2_cast = zext i4 %j_0_i_cast_mid2_v to i8

]]></Node>
<StgValue><ssdm name="j_0_i_cast_mid2_cast"/></StgValue>
</operation>

<operation id="27" st_id="3" stage="1" lat="1">
<core>NULL</core>
<MemPortIdVec></MemPortIdVec>
<condition id="0">
<or_exp><and_exp><literal name="exitcond_flatten" val="0"/>
</and_exp></or_exp>
</condition>

<Node id="27" bw="7" op_0_bw="7" op_1_bw="4" op_2_bw="3">
<![CDATA[
.preheader2.i:8  %tmp = call i7 @_ssdm_op_BitConcatenate.i7.i4.i3(i4 %i_1_i_mid2, i3 0)

]]></Node>
<StgValue><ssdm name="tmp"/></StgValue>
</operation>

<operation id="28" st_id="3" stage="1" lat="1">
<core>NULL</core>
<MemPortIdVec></MemPortIdVec>
<condition id="0">
<or_exp><and_exp><literal name="exitcond_flatten" val="0"/>
</and_exp></or_exp>
</condition>

<Node id="28" bw="8" op_0_bw="7">
<![CDATA[
.preheader2.i:9  %tmp_5_cast = zext i7 %tmp to i8

]]></Node>
<StgValue><ssdm name="tmp_5_cast"/></StgValue>
</operation>

<operation id="29" st_id="3" stage="1" lat="1">
<core>AddSub</core>
<MemPortIdVec></MemPortIdVec>
<condition id="0">
<or_exp><and_exp><literal name="exitcond_flatten" val="0"/>
</and_exp></or_exp>
</condition>

<Node id="29" bw="8" op_0_bw="8" op_1_bw="8">
<![CDATA[
.preheader2.i:10  %tmp_7 = add i8 %tmp_5_cast, %j_0_i_cast_mid2_cast

]]></Node>
<StgValue><ssdm name="tmp_7"/></StgValue>
</operation>

<operation id="30" st_id="3" stage="1" lat="1">
<core>NULL</core>
<MemPortIdVec></MemPortIdVec>
<condition id="0">
<or_exp><and_exp><literal name="exitcond_flatten" val="0"/>
</and_exp></or_exp>
</condition>

<Node id="30" bw="32" op_0_bw="8">
<![CDATA[
.preheader2.i:11  %tmp_7_cast = zext i8 %tmp_7 to i32

]]></Node>
<StgValue><ssdm name="tmp_7_cast"/></StgValue>
</operation>

<operation id="31" st_id="3" stage="1" lat="1">
<core>NULL</core>
<MemPortIdVec></MemPortIdVec>
<condition id="0">
<or_exp><and_exp><literal name="exitcond_flatten" val="0"/>
</and_exp></or_exp>
</condition>

<Node id="31" bw="6" op_0_bw="16" op_1_bw="32" op_2_bw="32">
<![CDATA[
.preheader2.i:12  %row_outbuf_i_addr = getelementptr [64 x i16]* %row_outbuf_i, i32 0, i32 %tmp_7_cast

]]></Node>
<StgValue><ssdm name="row_outbuf_i_addr"/></StgValue>
</operation>

<operation id="32" st_id="3" stage="2" lat="2">
<core>RAM</core>
<MemPortIdVec></MemPortIdVec>
<condition id="0">
<or_exp><and_exp><literal name="exitcond_flatten" val="0"/>
</and_exp></or_exp>
</condition>

<Node id="35" bw="16" op_0_bw="6">
<![CDATA[
.preheader2.i:16  %row_outbuf_i_load = load i16* %row_outbuf_i_addr, align 2

]]></Node>
<StgValue><ssdm name="row_outbuf_i_load"/></StgValue>
</operation>

<operation id="33" st_id="3" stage="1" lat="1">
<core>NULL</core>
<MemPortIdVec></MemPortIdVec>
<condition id="0">
<or_exp><and_exp><literal name="exitcond_flatten" val="0"/>
</and_exp></or_exp>
</condition>

<Node id="37" bw="0" op_0_bw="3" op_1_bw="0" op_2_bw="3" op_3_bw="0" op_4_bw="3" op_5_bw="0" op_6_bw="3" op_7_bw="0" op_8_bw="3" op_9_bw="0" op_10_bw="3" op_11_bw="0" op_12_bw="3" op_13_bw="0" op_14_bw="3" op_15_bw="0">
<![CDATA[
.preheader2.i:18  switch i3 %tmp_3, label %branch7 [
    i3 0, label %branch0
    i3 1, label %branch1
    i3 2, label %branch2
    i3 3, label %branch3
    i3 -4, label %branch4
    i3 -3, label %branch5
    i3 -2, label %branch6
  ]

]]></Node>
<StgValue><ssdm name=""/></StgValue>
</operation>

<operation id="34" st_id="3" stage="1" lat="1">
<core>AddSub</core>
<MemPortIdVec></MemPortIdVec>
<condition id="82">
<or_exp><and_exp><literal name="exitcond_flatten" val="0"/>
</and_exp></or_exp>
</condition>

<Node id="72" bw="4" op_0_bw="4" op_1_bw="4">
<![CDATA[
ifBlock:1  %i = add i4 %i_1_i_mid2, 1

]]></Node>
<StgValue><ssdm name="i"/></StgValue>
</operation>
</state>

<state id="4" st_id="4">

<operation id="35" st_id="4" stage="1" lat="1">
<core>NULL</core>
<MemPortIdVec></MemPortIdVec>
<condition id="0">
<or_exp><and_exp><literal name="exitcond_flatten" val="0"/>
</and_exp></or_exp>
</condition>

<Node id="20" bw="0" op_0_bw="0" op_1_bw="0">
<![CDATA[
.preheader2.i:1  call void (...)* @_ssdm_op_SpecLoopName([42 x i8]* @Xpose_Row_Outer_Loop)

]]></Node>
<StgValue><ssdm name=""/></StgValue>
</operation>

<operation id="36" st_id="4" stage="1" lat="1">
<core>NULL</core>
<MemPortIdVec></MemPortIdVec>
<condition id="0">
<or_exp><and_exp><literal name="exitcond_flatten" val="0"/>
</and_exp></or_exp>
</condition>

<Node id="21" bw="32" op_0_bw="32" op_1_bw="64" op_2_bw="64" op_3_bw="64">
<![CDATA[
.preheader2.i:2  %empty = call i32 (...)* @_ssdm_op_SpecLoopTripCount(i64 64, i64 64, i64 64) nounwind

]]></Node>
<StgValue><ssdm name="empty"/></StgValue>
</operation>

<operation id="37" st_id="4" stage="1" lat="1">
<core>NULL</core>
<MemPortIdVec></MemPortIdVec>
<condition id="0">
<or_exp><and_exp><literal name="exitcond_flatten" val="0"/>
</and_exp></or_exp>
</condition>

<Node id="25" bw="32" op_0_bw="4">
<![CDATA[
.preheader2.i:6  %j_0_i_cast_mid2 = zext i4 %j_0_i_cast_mid2_v to i32

]]></Node>
<StgValue><ssdm name="j_0_i_cast_mid2"/></StgValue>
</operation>

<operation id="38" st_id="4" stage="1" lat="1">
<core>NULL</core>
<MemPortIdVec></MemPortIdVec>
<condition id="0">
<or_exp><and_exp><literal name="exitcond_flatten" val="0"/>
</and_exp></or_exp>
</condition>

<Node id="32" bw="0" op_0_bw="0" op_1_bw="0">
<![CDATA[
.preheader2.i:13  call void (...)* @_ssdm_op_SpecLoopName([21 x i8]* @p_str6) nounwind

]]></Node>
<StgValue><ssdm name=""/></StgValue>
</operation>

<operation id="39" st_id="4" stage="1" lat="1">
<core>NULL</core>
<MemPortIdVec></MemPortIdVec>
<condition id="0">
<or_exp><and_exp><literal name="exitcond_flatten" val="0"/>
</and_exp></or_exp>
</condition>

<Node id="33" bw="32" op_0_bw="32" op_1_bw="0">
<![CDATA[
.preheader2.i:14  %tmp_2 = call i32 (...)* @_ssdm_op_SpecRegionBegin([21 x i8]* @p_str6) nounwind

]]></Node>
<StgValue><ssdm name="tmp_2"/></StgValue>
</operation>

<operation id="40" st_id="4" stage="1" lat="1">
<core>NULL</core>
<MemPortIdVec></MemPortIdVec>
<condition id="0">
<or_exp><and_exp><literal name="exitcond_flatten" val="0"/>
</and_exp></or_exp>
</condition>

<Node id="34" bw="0" op_0_bw="0" op_1_bw="32" op_2_bw="32" op_3_bw="32" op_4_bw="32" op_5_bw="0">
<![CDATA[
.preheader2.i:15  call void (...)* @_ssdm_op_SpecPipeline(i32 -1, i32 1, i32 1, i32 0, [1 x i8]* @p_str1) nounwind

]]></Node>
<StgValue><ssdm name=""/></StgValue>
</operation>

<operation id="41" st_id="4" stage="1" lat="2">
<core>RAM</core>
<MemPortIdVec></MemPortIdVec>
<condition id="0">
<or_exp><and_exp><literal name="exitcond_flatten" val="0"/>
</and_exp></or_exp>
</condition>

<Node id="35" bw="16" op_0_bw="6">
<![CDATA[
.preheader2.i:16  %row_outbuf_i_load = load i16* %row_outbuf_i_addr, align 2

]]></Node>
<StgValue><ssdm name="row_outbuf_i_load"/></StgValue>
</operation>

<operation id="42" st_id="4" stage="1" lat="1">
<core>NULL</core>
<MemPortIdVec></MemPortIdVec>
<condition id="65">
<or_exp><and_exp><literal name="tmp_3" val="6"/>
</and_exp></or_exp>
</condition>

<Node id="39" bw="3" op_0_bw="16" op_1_bw="32" op_2_bw="32">
<![CDATA[
branch6:0  %col_inbuf_6_addr = getelementptr [8 x i16]* %col_inbuf_6, i32 0, i32 %j_0_i_cast_mid2

]]></Node>
<StgValue><ssdm name="col_inbuf_6_addr"/></StgValue>
</operation>

<operation id="43" st_id="4" stage="1" lat="1">
<core>RAM</core>
<MemPortIdVec></MemPortIdVec>
<condition id="65">
<or_exp><and_exp><literal name="tmp_3" val="6"/>
</and_exp></or_exp>
</condition>

<Node id="40" bw="0" op_0_bw="16" op_1_bw="3">
<![CDATA[
branch6:1  store i16 %row_outbuf_i_load, i16* %col_inbuf_6_addr, align 2

]]></Node>
<StgValue><ssdm name=""/></StgValue>
</operation>

<operation id="44" st_id="4" stage="1" lat="1">
<core>NULL</core>
<MemPortIdVec></MemPortIdVec>
<condition id="68">
<or_exp><and_exp><literal name="tmp_3" val="5"/>
</and_exp></or_exp>
</condition>

<Node id="43" bw="3" op_0_bw="16" op_1_bw="32" op_2_bw="32">
<![CDATA[
branch5:0  %col_inbuf_5_addr = getelementptr [8 x i16]* %col_inbuf_5, i32 0, i32 %j_0_i_cast_mid2

]]></Node>
<StgValue><ssdm name="col_inbuf_5_addr"/></StgValue>
</operation>

<operation id="45" st_id="4" stage="1" lat="1">
<core>RAM</core>
<MemPortIdVec></MemPortIdVec>
<condition id="68">
<or_exp><and_exp><literal name="tmp_3" val="5"/>
</and_exp></or_exp>
</condition>

<Node id="44" bw="0" op_0_bw="16" op_1_bw="3">
<![CDATA[
branch5:1  store i16 %row_outbuf_i_load, i16* %col_inbuf_5_addr, align 2

]]></Node>
<StgValue><ssdm name=""/></StgValue>
</operation>

<operation id="46" st_id="4" stage="1" lat="1">
<core>NULL</core>
<MemPortIdVec></MemPortIdVec>
<condition id="70">
<or_exp><and_exp><literal name="tmp_3" val="4"/>
</and_exp></or_exp>
</condition>

<Node id="47" bw="3" op_0_bw="16" op_1_bw="32" op_2_bw="32">
<![CDATA[
branch4:0  %col_inbuf_4_addr = getelementptr [8 x i16]* %col_inbuf_4, i32 0, i32 %j_0_i_cast_mid2

]]></Node>
<StgValue><ssdm name="col_inbuf_4_addr"/></StgValue>
</operation>

<operation id="47" st_id="4" stage="1" lat="1">
<core>RAM</core>
<MemPortIdVec></MemPortIdVec>
<condition id="70">
<or_exp><and_exp><literal name="tmp_3" val="4"/>
</and_exp></or_exp>
</condition>

<Node id="48" bw="0" op_0_bw="16" op_1_bw="3">
<![CDATA[
branch4:1  store i16 %row_outbuf_i_load, i16* %col_inbuf_4_addr, align 2

]]></Node>
<StgValue><ssdm name=""/></StgValue>
</operation>

<operation id="48" st_id="4" stage="1" lat="1">
<core>NULL</core>
<MemPortIdVec></MemPortIdVec>
<condition id="72">
<or_exp><and_exp><literal name="tmp_3" val="3"/>
</and_exp></or_exp>
</condition>

<Node id="51" bw="3" op_0_bw="16" op_1_bw="32" op_2_bw="32">
<![CDATA[
branch3:0  %col_inbuf_3_addr = getelementptr [8 x i16]* %col_inbuf_3, i32 0, i32 %j_0_i_cast_mid2

]]></Node>
<StgValue><ssdm name="col_inbuf_3_addr"/></StgValue>
</operation>

<operation id="49" st_id="4" stage="1" lat="1">
<core>RAM</core>
<MemPortIdVec></MemPortIdVec>
<condition id="72">
<or_exp><and_exp><literal name="tmp_3" val="3"/>
</and_exp></or_exp>
</condition>

<Node id="52" bw="0" op_0_bw="16" op_1_bw="3">
<![CDATA[
branch3:1  store i16 %row_outbuf_i_load, i16* %col_inbuf_3_addr, align 2

]]></Node>
<StgValue><ssdm name=""/></StgValue>
</operation>

<operation id="50" st_id="4" stage="1" lat="1">
<core>NULL</core>
<MemPortIdVec></MemPortIdVec>
<condition id="74">
<or_exp><and_exp><literal name="tmp_3" val="2"/>
</and_exp></or_exp>
</condition>

<Node id="55" bw="3" op_0_bw="16" op_1_bw="32" op_2_bw="32">
<![CDATA[
branch2:0  %col_inbuf_2_addr = getelementptr [8 x i16]* %col_inbuf_2, i32 0, i32 %j_0_i_cast_mid2

]]></Node>
<StgValue><ssdm name="col_inbuf_2_addr"/></StgValue>
</operation>

<operation id="51" st_id="4" stage="1" lat="1">
<core>RAM</core>
<MemPortIdVec></MemPortIdVec>
<condition id="74">
<or_exp><and_exp><literal name="tmp_3" val="2"/>
</and_exp></or_exp>
</condition>

<Node id="56" bw="0" op_0_bw="16" op_1_bw="3">
<![CDATA[
branch2:1  store i16 %row_outbuf_i_load, i16* %col_inbuf_2_addr, align 2

]]></Node>
<StgValue><ssdm name=""/></StgValue>
</operation>

<operation id="52" st_id="4" stage="1" lat="1">
<core>NULL</core>
<MemPortIdVec></MemPortIdVec>
<condition id="76">
<or_exp><and_exp><literal name="tmp_3" val="1"/>
</and_exp></or_exp>
</condition>

<Node id="59" bw="3" op_0_bw="16" op_1_bw="32" op_2_bw="32">
<![CDATA[
branch1:0  %col_inbuf_1_addr = getelementptr [8 x i16]* %col_inbuf_1, i32 0, i32 %j_0_i_cast_mid2

]]></Node>
<StgValue><ssdm name="col_inbuf_1_addr"/></StgValue>
</operation>

<operation id="53" st_id="4" stage="1" lat="1">
<core>RAM</core>
<MemPortIdVec></MemPortIdVec>
<condition id="76">
<or_exp><and_exp><literal name="tmp_3" val="1"/>
</and_exp></or_exp>
</condition>

<Node id="60" bw="0" op_0_bw="16" op_1_bw="3">
<![CDATA[
branch1:1  store i16 %row_outbuf_i_load, i16* %col_inbuf_1_addr, align 2

]]></Node>
<StgValue><ssdm name=""/></StgValue>
</operation>

<operation id="54" st_id="4" stage="1" lat="1">
<core>NULL</core>
<MemPortIdVec></MemPortIdVec>
<condition id="78">
<or_exp><and_exp><literal name="tmp_3" val="0"/>
</and_exp></or_exp>
</condition>

<Node id="63" bw="3" op_0_bw="16" op_1_bw="32" op_2_bw="32">
<![CDATA[
branch0:0  %col_inbuf_0_addr = getelementptr [8 x i16]* %col_inbuf_0, i32 0, i32 %j_0_i_cast_mid2

]]></Node>
<StgValue><ssdm name="col_inbuf_0_addr"/></StgValue>
</operation>

<operation id="55" st_id="4" stage="1" lat="1">
<core>RAM</core>
<MemPortIdVec></MemPortIdVec>
<condition id="78">
<or_exp><and_exp><literal name="tmp_3" val="0"/>
</and_exp></or_exp>
</condition>

<Node id="64" bw="0" op_0_bw="16" op_1_bw="3">
<![CDATA[
branch0:1  store i16 %row_outbuf_i_load, i16* %col_inbuf_0_addr, align 2

]]></Node>
<StgValue><ssdm name=""/></StgValue>
</operation>

<operation id="56" st_id="4" stage="1" lat="1">
<core>NULL</core>
<MemPortIdVec></MemPortIdVec>
<condition id="80">
<or_exp><and_exp><literal name="tmp_3" val="7"/>
</and_exp></or_exp>
</condition>

<Node id="67" bw="3" op_0_bw="16" op_1_bw="32" op_2_bw="32">
<![CDATA[
branch7:0  %col_inbuf_7_addr = getelementptr [8 x i16]* %col_inbuf_7, i32 0, i32 %j_0_i_cast_mid2

]]></Node>
<StgValue><ssdm name="col_inbuf_7_addr"/></StgValue>
</operation>

<operation id="57" st_id="4" stage="1" lat="1">
<core>RAM</core>
<MemPortIdVec></MemPortIdVec>
<condition id="80">
<or_exp><and_exp><literal name="tmp_3" val="7"/>
</and_exp></or_exp>
</condition>

<Node id="68" bw="0" op_0_bw="16" op_1_bw="3">
<![CDATA[
branch7:1  store i16 %row_outbuf_i_load, i16* %col_inbuf_7_addr, align 2

]]></Node>
<StgValue><ssdm name=""/></StgValue>
</operation>

<operation id="58" st_id="4" stage="1" lat="1">
<core>NULL</core>
<MemPortIdVec></MemPortIdVec>
<condition id="82">
<or_exp><and_exp><literal name="exitcond_flatten" val="0"/>
</and_exp></or_exp>
</condition>

<Node id="71" bw="32" op_0_bw="32" op_1_bw="0" op_2_bw="32">
<![CDATA[
ifBlock:0  %empty_14 = call i32 (...)* @_ssdm_op_SpecRegionEnd([21 x i8]* @p_str6, i32 %tmp_2) nounwind

]]></Node>
<StgValue><ssdm name="empty_14"/></StgValue>
</operation>

<operation id="59" st_id="4" stage="1" lat="1">
<core>NULL</core>
<MemPortIdVec></MemPortIdVec>
<condition id="82">
<or_exp><and_exp><literal name="exitcond_flatten" val="0"/>
</and_exp></or_exp>
</condition>

<Node id="73" bw="0" op_0_bw="0">
<![CDATA[
ifBlock:2  br label %0

]]></Node>
<StgValue><ssdm name=""/></StgValue>
</operation>
</state>

<state id="5" st_id="5">

<operation id="60" st_id="5" stage="1" lat="1">
<core>NULL</core>
<MemPortIdVec></MemPortIdVec>
<condition id="83">
<or_exp><and_exp></and_exp></or_exp>
</condition>

<Node id="75" bw="0">
<![CDATA[
.preheader1.i.exitStub:0  ret void

]]></Node>
<StgValue><ssdm name=""/></StgValue>
</operation>
</state>
</state_list>


<ports>
</ports>


<dataflows>
</dataflows>


</stg>
