<stg><name>Loop_Xpose_Col_Outer</name>


<trans_list>

<trans id="41" from="1" to="2">
<condition id="23">
<or_exp><and_exp></and_exp></or_exp>
</condition>
</trans>

<trans id="50" from="2" to="5">
<condition id="31">
<or_exp><and_exp><literal name="exitcond_flatten" val="1"/>
</and_exp></or_exp>
</condition>
</trans>

<trans id="51" from="2" to="3">
<condition id="34">
<or_exp><and_exp><literal name="exitcond_flatten" val="0"/>
</and_exp></or_exp>
</condition>
</trans>

<trans id="48" from="3" to="4">
<condition id="32">
<or_exp><and_exp></and_exp></or_exp>
</condition>
</trans>

<trans id="49" from="4" to="2">
<condition id="33">
<or_exp><and_exp></and_exp></or_exp>
</condition>
</trans>
</trans_list>



<state_list>

<state id="1" st_id="1">

<operation id="6" st_id="1" stage="1" lat="1">
<core>NULL</core>
<MemPortIdVec></MemPortIdVec>
<condition id="20">
<or_exp><and_exp></and_exp></or_exp>
</condition>

<Node id="3" bw="0" op_0_bw="0">
<![CDATA[
newFuncRoot:0  br label %0

]]></Node>
<StgValue><ssdm name=""/></StgValue>
</operation>
</state>

<state id="2" st_id="2">

<operation id="7" st_id="2" stage="1" lat="1">
<core>NULL</core>
<MemPortIdVec></MemPortIdVec>
<condition id="-1">
<or_exp><and_exp></and_exp></or_exp>
</condition>

<Node id="5" bw="7" op_0_bw="7" op_1_bw="0">
<![CDATA[
:0  %indvar_flatten = phi i7 [ 0, %newFuncRoot ], [ %indvar_flatten_next, %.preheader.i ]

]]></Node>
<StgValue><ssdm name="indvar_flatten"/></StgValue>
</operation>

<operation id="8" st_id="2" stage="1" lat="1">
<core>NULL</core>
<MemPortIdVec></MemPortIdVec>
<condition id="-1">
<or_exp><and_exp></and_exp></or_exp>
</condition>

<Node id="6" bw="4" op_0_bw="4" op_1_bw="0">
<![CDATA[
:1  %j_1_i = phi i4 [ 0, %newFuncRoot ], [ %j_1_i_cast_mid2_v, %.preheader.i ]

]]></Node>
<StgValue><ssdm name="j_1_i"/></StgValue>
</operation>

<operation id="9" st_id="2" stage="1" lat="1">
<core>NULL</core>
<MemPortIdVec></MemPortIdVec>
<condition id="-1">
<or_exp><and_exp></and_exp></or_exp>
</condition>

<Node id="7" bw="4" op_0_bw="4" op_1_bw="0">
<![CDATA[
:2  %i_3_i = phi i4 [ 0, %newFuncRoot ], [ %i, %.preheader.i ]

]]></Node>
<StgValue><ssdm name="i_3_i"/></StgValue>
</operation>

<operation id="10" st_id="2" stage="1" lat="1">
<core>Cmp</core>
<MemPortIdVec></MemPortIdVec>
<condition id="-1">
<or_exp><and_exp></and_exp></or_exp>
</condition>

<Node id="8" bw="1" op_0_bw="7" op_1_bw="7">
<![CDATA[
:3  %exitcond_flatten = icmp eq i7 %indvar_flatten, -64

]]></Node>
<StgValue><ssdm name="exitcond_flatten"/></StgValue>
</operation>

<operation id="11" st_id="2" stage="1" lat="1">
<core>AddSub</core>
<MemPortIdVec></MemPortIdVec>
<condition id="-1">
<or_exp><and_exp></and_exp></or_exp>
</condition>

<Node id="9" bw="7" op_0_bw="7" op_1_bw="7">
<![CDATA[
:4  %indvar_flatten_next = add i7 %indvar_flatten, 1

]]></Node>
<StgValue><ssdm name="indvar_flatten_next"/></StgValue>
</operation>

<operation id="12" st_id="2" stage="1" lat="1">
<core>NULL</core>
<MemPortIdVec></MemPortIdVec>
<condition id="-1">
<or_exp><and_exp></and_exp></or_exp>
</condition>

<Node id="10" bw="0" op_0_bw="1" op_1_bw="0" op_2_bw="0">
<![CDATA[
:5  br i1 %exitcond_flatten, label %dct_2d.exit.exitStub, label %.preheader.i

]]></Node>
<StgValue><ssdm name=""/></StgValue>
</operation>

<operation id="13" st_id="2" stage="1" lat="1">
<core>AddSub</core>
<MemPortIdVec></MemPortIdVec>
<condition id="0">
<or_exp><and_exp><literal name="exitcond_flatten" val="0"/>
</and_exp></or_exp>
</condition>

<Node id="12" bw="4" op_0_bw="4" op_1_bw="4">
<![CDATA[
.preheader.i:0  %j = add i4 %j_1_i, 1

]]></Node>
<StgValue><ssdm name="j"/></StgValue>
</operation>

<operation id="14" st_id="2" stage="1" lat="1">
<core>Cmp</core>
<MemPortIdVec></MemPortIdVec>
<condition id="0">
<or_exp><and_exp><literal name="exitcond_flatten" val="0"/>
</and_exp></or_exp>
</condition>

<Node id="15" bw="1" op_0_bw="4" op_1_bw="4">
<![CDATA[
.preheader.i:3  %tmp_s = icmp eq i4 %i_3_i, -8

]]></Node>
<StgValue><ssdm name="tmp_s"/></StgValue>
</operation>

<operation id="15" st_id="2" stage="1" lat="1">
<core>Sel</core>
<MemPortIdVec></MemPortIdVec>
<condition id="0">
<or_exp><and_exp><literal name="exitcond_flatten" val="0"/>
</and_exp></or_exp>
</condition>

<Node id="16" bw="4" op_0_bw="1" op_1_bw="4" op_2_bw="4">
<![CDATA[
.preheader.i:4  %i_3_i_mid2 = select i1 %tmp_s, i4 0, i4 %i_3_i

]]></Node>
<StgValue><ssdm name="i_3_i_mid2"/></StgValue>
</operation>

<operation id="16" st_id="2" stage="1" lat="1">
<core>Sel</core>
<MemPortIdVec></MemPortIdVec>
<condition id="0">
<or_exp><and_exp><literal name="exitcond_flatten" val="0"/>
</and_exp></or_exp>
</condition>

<Node id="17" bw="4" op_0_bw="1" op_1_bw="4" op_2_bw="4">
<![CDATA[
.preheader.i:5  %j_1_i_cast_mid2_v = select i1 %tmp_s, i4 %j, i4 %j_1_i

]]></Node>
<StgValue><ssdm name="j_1_i_cast_mid2_v"/></StgValue>
</operation>
</state>

<state id="3" st_id="3">

<operation id="17" st_id="3" stage="1" lat="1">
<core>NULL</core>
<MemPortIdVec></MemPortIdVec>
<condition id="0">
<or_exp><and_exp><literal name="exitcond_flatten" val="0"/>
</and_exp></or_exp>
</condition>

<Node id="18" bw="8" op_0_bw="4">
<![CDATA[
.preheader.i:6  %j_1_i_cast_mid2_cast = zext i4 %j_1_i_cast_mid2_v to i8

]]></Node>
<StgValue><ssdm name="j_1_i_cast_mid2_cast"/></StgValue>
</operation>

<operation id="18" st_id="3" stage="1" lat="1">
<core>NULL</core>
<MemPortIdVec></MemPortIdVec>
<condition id="0">
<or_exp><and_exp><literal name="exitcond_flatten" val="0"/>
</and_exp></or_exp>
</condition>

<Node id="22" bw="7" op_0_bw="7" op_1_bw="4" op_2_bw="3">
<![CDATA[
.preheader.i:10  %tmp_1 = call i7 @_ssdm_op_BitConcatenate.i7.i4.i3(i4 %i_3_i_mid2, i3 0)

]]></Node>
<StgValue><ssdm name="tmp_1"/></StgValue>
</operation>

<operation id="19" st_id="3" stage="1" lat="1">
<core>NULL</core>
<MemPortIdVec></MemPortIdVec>
<condition id="0">
<or_exp><and_exp><literal name="exitcond_flatten" val="0"/>
</and_exp></or_exp>
</condition>

<Node id="23" bw="8" op_0_bw="7">
<![CDATA[
.preheader.i:11  %tmp_11_cast = zext i7 %tmp_1 to i8

]]></Node>
<StgValue><ssdm name="tmp_11_cast"/></StgValue>
</operation>

<operation id="20" st_id="3" stage="1" lat="1">
<core>AddSub</core>
<MemPortIdVec></MemPortIdVec>
<condition id="0">
<or_exp><and_exp><literal name="exitcond_flatten" val="0"/>
</and_exp></or_exp>
</condition>

<Node id="24" bw="8" op_0_bw="8" op_1_bw="8">
<![CDATA[
.preheader.i:12  %tmp_2 = add i8 %j_1_i_cast_mid2_cast, %tmp_11_cast

]]></Node>
<StgValue><ssdm name="tmp_2"/></StgValue>
</operation>

<operation id="21" st_id="3" stage="1" lat="1">
<core>NULL</core>
<MemPortIdVec></MemPortIdVec>
<condition id="0">
<or_exp><and_exp><literal name="exitcond_flatten" val="0"/>
</and_exp></or_exp>
</condition>

<Node id="25" bw="32" op_0_bw="8">
<![CDATA[
.preheader.i:13  %tmp_12_cast = zext i8 %tmp_2 to i32

]]></Node>
<StgValue><ssdm name="tmp_12_cast"/></StgValue>
</operation>

<operation id="22" st_id="3" stage="1" lat="1">
<core>NULL</core>
<MemPortIdVec></MemPortIdVec>
<condition id="0">
<or_exp><and_exp><literal name="exitcond_flatten" val="0"/>
</and_exp></or_exp>
</condition>

<Node id="26" bw="6" op_0_bw="16" op_1_bw="32" op_2_bw="32">
<![CDATA[
.preheader.i:14  %col_outbuf_i_addr = getelementptr [64 x i16]* %col_outbuf_i, i32 0, i32 %tmp_12_cast

]]></Node>
<StgValue><ssdm name="col_outbuf_i_addr"/></StgValue>
</operation>

<operation id="23" st_id="3" stage="2" lat="2">
<core>RAM</core>
<MemPortIdVec>0 </MemPortIdVec>
<condition id="0">
<or_exp><and_exp><literal name="exitcond_flatten" val="0"/>
</and_exp></or_exp>
</condition>

<Node id="33" bw="16" op_0_bw="6">
<![CDATA[
.preheader.i:21  %col_outbuf_i_load = load i16* %col_outbuf_i_addr, align 2

]]></Node>
<StgValue><ssdm name="col_outbuf_i_load"/></StgValue>
</operation>

<operation id="24" st_id="3" stage="1" lat="1">
<core>AddSub</core>
<MemPortIdVec></MemPortIdVec>
<condition id="0">
<or_exp><and_exp><literal name="exitcond_flatten" val="0"/>
</and_exp></or_exp>
</condition>

<Node id="36" bw="4" op_0_bw="4" op_1_bw="4">
<![CDATA[
.preheader.i:24  %i = add i4 %i_3_i_mid2, 1

]]></Node>
<StgValue><ssdm name="i"/></StgValue>
</operation>
</state>

<state id="4" st_id="4">

<operation id="25" st_id="4" stage="1" lat="1">
<core>NULL</core>
<MemPortIdVec></MemPortIdVec>
<condition id="0">
<or_exp><and_exp><literal name="exitcond_flatten" val="0"/>
</and_exp></or_exp>
</condition>

<Node id="13" bw="0" op_0_bw="0" op_1_bw="0">
<![CDATA[
.preheader.i:1  call void (...)* @_ssdm_op_SpecLoopName([42 x i8]* @Xpose_Col_Outer_Loop)

]]></Node>
<StgValue><ssdm name=""/></StgValue>
</operation>

<operation id="26" st_id="4" stage="1" lat="1">
<core>NULL</core>
<MemPortIdVec></MemPortIdVec>
<condition id="0">
<or_exp><and_exp><literal name="exitcond_flatten" val="0"/>
</and_exp></or_exp>
</condition>

<Node id="14" bw="32" op_0_bw="32" op_1_bw="64" op_2_bw="64" op_3_bw="64">
<![CDATA[
.preheader.i:2  %empty = call i32 (...)* @_ssdm_op_SpecLoopTripCount(i64 64, i64 64, i64 64) nounwind

]]></Node>
<StgValue><ssdm name="empty"/></StgValue>
</operation>

<operation id="27" st_id="4" stage="1" lat="1">
<core>NULL</core>
<MemPortIdVec></MemPortIdVec>
<condition id="0">
<or_exp><and_exp><literal name="exitcond_flatten" val="0"/>
</and_exp></or_exp>
</condition>

<Node id="19" bw="7" op_0_bw="7" op_1_bw="4" op_2_bw="3">
<![CDATA[
.preheader.i:7  %tmp = call i7 @_ssdm_op_BitConcatenate.i7.i4.i3(i4 %j_1_i_cast_mid2_v, i3 0)

]]></Node>
<StgValue><ssdm name="tmp"/></StgValue>
</operation>

<operation id="28" st_id="4" stage="1" lat="1">
<core>NULL</core>
<MemPortIdVec></MemPortIdVec>
<condition id="0">
<or_exp><and_exp><literal name="exitcond_flatten" val="0"/>
</and_exp></or_exp>
</condition>

<Node id="20" bw="8" op_0_bw="7">
<![CDATA[
.preheader.i:8  %tmp_9_cast = zext i7 %tmp to i8

]]></Node>
<StgValue><ssdm name="tmp_9_cast"/></StgValue>
</operation>

<operation id="29" st_id="4" stage="1" lat="1">
<core>NULL</core>
<MemPortIdVec></MemPortIdVec>
<condition id="0">
<or_exp><and_exp><literal name="exitcond_flatten" val="0"/>
</and_exp></or_exp>
</condition>

<Node id="21" bw="8" op_0_bw="4">
<![CDATA[
.preheader.i:9  %i_3_i_cast_cast = zext i4 %i_3_i_mid2 to i8

]]></Node>
<StgValue><ssdm name="i_3_i_cast_cast"/></StgValue>
</operation>

<operation id="30" st_id="4" stage="1" lat="1">
<core>AddSub</core>
<MemPortIdVec></MemPortIdVec>
<condition id="0">
<or_exp><and_exp><literal name="exitcond_flatten" val="0"/>
</and_exp></or_exp>
</condition>

<Node id="27" bw="8" op_0_bw="8" op_1_bw="8">
<![CDATA[
.preheader.i:15  %tmp_4 = add i8 %i_3_i_cast_cast, %tmp_9_cast

]]></Node>
<StgValue><ssdm name="tmp_4"/></StgValue>
</operation>

<operation id="31" st_id="4" stage="1" lat="1">
<core>NULL</core>
<MemPortIdVec></MemPortIdVec>
<condition id="0">
<or_exp><and_exp><literal name="exitcond_flatten" val="0"/>
</and_exp></or_exp>
</condition>

<Node id="28" bw="32" op_0_bw="8">
<![CDATA[
.preheader.i:16  %tmp_13_cast = zext i8 %tmp_4 to i32

]]></Node>
<StgValue><ssdm name="tmp_13_cast"/></StgValue>
</operation>

<operation id="32" st_id="4" stage="1" lat="1">
<core>NULL</core>
<MemPortIdVec></MemPortIdVec>
<condition id="0">
<or_exp><and_exp><literal name="exitcond_flatten" val="0"/>
</and_exp></or_exp>
</condition>

<Node id="29" bw="6" op_0_bw="16" op_1_bw="32" op_2_bw="32">
<![CDATA[
.preheader.i:17  %buf_2d_out_addr = getelementptr [64 x i16]* %buf_2d_out, i32 0, i32 %tmp_13_cast

]]></Node>
<StgValue><ssdm name="buf_2d_out_addr"/></StgValue>
</operation>

<operation id="33" st_id="4" stage="1" lat="1">
<core>NULL</core>
<MemPortIdVec></MemPortIdVec>
<condition id="0">
<or_exp><and_exp><literal name="exitcond_flatten" val="0"/>
</and_exp></or_exp>
</condition>

<Node id="30" bw="0" op_0_bw="0" op_1_bw="0">
<![CDATA[
.preheader.i:18  call void (...)* @_ssdm_op_SpecLoopName([21 x i8]* @p_str9) nounwind

]]></Node>
<StgValue><ssdm name=""/></StgValue>
</operation>

<operation id="34" st_id="4" stage="1" lat="1">
<core>NULL</core>
<MemPortIdVec></MemPortIdVec>
<condition id="0">
<or_exp><and_exp><literal name="exitcond_flatten" val="0"/>
</and_exp></or_exp>
</condition>

<Node id="31" bw="32" op_0_bw="32" op_1_bw="0">
<![CDATA[
.preheader.i:19  %tmp_3 = call i32 (...)* @_ssdm_op_SpecRegionBegin([21 x i8]* @p_str9) nounwind

]]></Node>
<StgValue><ssdm name="tmp_3"/></StgValue>
</operation>

<operation id="35" st_id="4" stage="1" lat="1">
<core>NULL</core>
<MemPortIdVec></MemPortIdVec>
<condition id="0">
<or_exp><and_exp><literal name="exitcond_flatten" val="0"/>
</and_exp></or_exp>
</condition>

<Node id="32" bw="0" op_0_bw="0" op_1_bw="32" op_2_bw="32" op_3_bw="32" op_4_bw="32" op_5_bw="0">
<![CDATA[
.preheader.i:20  call void (...)* @_ssdm_op_SpecPipeline(i32 -1, i32 1, i32 1, i32 0, [1 x i8]* @p_str1) nounwind

]]></Node>
<StgValue><ssdm name=""/></StgValue>
</operation>

<operation id="36" st_id="4" stage="1" lat="2">
<core>RAM</core>
<MemPortIdVec>0 </MemPortIdVec>
<condition id="0">
<or_exp><and_exp><literal name="exitcond_flatten" val="0"/>
</and_exp></or_exp>
</condition>

<Node id="33" bw="16" op_0_bw="6">
<![CDATA[
.preheader.i:21  %col_outbuf_i_load = load i16* %col_outbuf_i_addr, align 2

]]></Node>
<StgValue><ssdm name="col_outbuf_i_load"/></StgValue>
</operation>

<operation id="37" st_id="4" stage="1" lat="1">
<core>RAM</core>
<MemPortIdVec>0 </MemPortIdVec>
<condition id="0">
<or_exp><and_exp><literal name="exitcond_flatten" val="0"/>
</and_exp></or_exp>
</condition>

<Node id="34" bw="0" op_0_bw="16" op_1_bw="6">
<![CDATA[
.preheader.i:22  store i16 %col_outbuf_i_load, i16* %buf_2d_out_addr, align 2

]]></Node>
<StgValue><ssdm name=""/></StgValue>
</operation>

<operation id="38" st_id="4" stage="1" lat="1">
<core>NULL</core>
<MemPortIdVec></MemPortIdVec>
<condition id="0">
<or_exp><and_exp><literal name="exitcond_flatten" val="0"/>
</and_exp></or_exp>
</condition>

<Node id="35" bw="32" op_0_bw="32" op_1_bw="0" op_2_bw="32">
<![CDATA[
.preheader.i:23  %empty_15 = call i32 (...)* @_ssdm_op_SpecRegionEnd([21 x i8]* @p_str9, i32 %tmp_3) nounwind

]]></Node>
<StgValue><ssdm name="empty_15"/></StgValue>
</operation>

<operation id="39" st_id="4" stage="1" lat="1">
<core>NULL</core>
<MemPortIdVec></MemPortIdVec>
<condition id="0">
<or_exp><and_exp><literal name="exitcond_flatten" val="0"/>
</and_exp></or_exp>
</condition>

<Node id="37" bw="0" op_0_bw="0">
<![CDATA[
.preheader.i:25  br label %0

]]></Node>
<StgValue><ssdm name=""/></StgValue>
</operation>
</state>

<state id="5" st_id="5">

<operation id="40" st_id="5" stage="1" lat="1">
<core>NULL</core>
<MemPortIdVec></MemPortIdVec>
<condition id="21">
<or_exp><and_exp></and_exp></or_exp>
</condition>

<Node id="39" bw="0">
<![CDATA[
dct_2d.exit.exitStub:0  ret void

]]></Node>
<StgValue><ssdm name=""/></StgValue>
</operation>
</state>
</state_list>


<ports>
<port id="52" name="col_outbuf_i" dir="0" iftype="1">
<core>RAM</core><StgValue><ssdm name="col_outbuf_i"/><MemPortTyVec>1 3 </MemPortTyVec>
</StgValue>
</port>
<port id="53" name="buf_2d_out" dir="1" iftype="1">
<core>RAM</core><StgValue><ssdm name="buf_2d_out"/><MemPortTyVec>0 3 </MemPortTyVec>
</StgValue>
</port>
</ports>


<dataflows>
<dataflow id="55" from="StgValue_54" to="indvar_flatten" fromId="54" toId="7">
<condition id="40">
<or_exp><and_exp></and_exp></or_exp>
</condition>
</dataflow>
<dataflow id="56" from="StgValue_6" to="indvar_flatten" fromId="6" toId="7">
</dataflow>
<dataflow id="57" from="indvar_flatten_next" to="indvar_flatten" fromId="11" toId="7">
<BackEdge/>
<condition id="41">
<or_exp><and_exp><literal name="exitcond_flatten" val="0"/>
</and_exp></or_exp>
</condition>
</dataflow>
<dataflow id="58" from="StgValue_39" to="indvar_flatten" fromId="39" toId="7">
<BackEdge/>
</dataflow>
<dataflow id="60" from="StgValue_59" to="j_1_i" fromId="59" toId="8">
<condition id="42">
<or_exp><and_exp></and_exp></or_exp>
</condition>
</dataflow>
<dataflow id="61" from="StgValue_6" to="j_1_i" fromId="6" toId="8">
</dataflow>
<dataflow id="62" from="j_1_i_cast_mid2_v" to="j_1_i" fromId="16" toId="8">
<BackEdge/>
<condition id="43">
<or_exp><and_exp><literal name="exitcond_flatten" val="0"/>
</and_exp></or_exp>
</condition>
</dataflow>
<dataflow id="63" from="StgValue_39" to="j_1_i" fromId="39" toId="8">
<BackEdge/>
</dataflow>
<dataflow id="64" from="StgValue_59" to="i_3_i" fromId="59" toId="9">
<condition id="44">
<or_exp><and_exp></and_exp></or_exp>
</condition>
</dataflow>
<dataflow id="65" from="StgValue_6" to="i_3_i" fromId="6" toId="9">
</dataflow>
<dataflow id="66" from="i" to="i_3_i" fromId="24" toId="9">
<BackEdge/>
<condition id="45">
<or_exp><and_exp><literal name="exitcond_flatten" val="0"/>
</and_exp></or_exp>
</condition>
</dataflow>
<dataflow id="67" from="StgValue_39" to="i_3_i" fromId="39" toId="9">
<BackEdge/>
</dataflow>
<dataflow id="68" from="indvar_flatten" to="exitcond_flatten" fromId="7" toId="10">
</dataflow>
<dataflow id="70" from="StgValue_69" to="exitcond_flatten" fromId="69" toId="10">
</dataflow>
<dataflow id="71" from="indvar_flatten" to="indvar_flatten_next" fromId="7" toId="11">
</dataflow>
<dataflow id="73" from="StgValue_72" to="indvar_flatten_next" fromId="72" toId="11">
</dataflow>
<dataflow id="74" from="exitcond_flatten" to="StgValue_12" fromId="10" toId="12">
</dataflow>
<dataflow id="75" from="j_1_i" to="j" fromId="8" toId="13">
</dataflow>
<dataflow id="77" from="StgValue_76" to="j" fromId="76" toId="13">
</dataflow>
<dataflow id="78" from="i_3_i" to="tmp_s" fromId="9" toId="14">
</dataflow>
<dataflow id="80" from="StgValue_79" to="tmp_s" fromId="79" toId="14">
</dataflow>
<dataflow id="81" from="tmp_s" to="i_3_i_mid2" fromId="14" toId="15">
</dataflow>
<dataflow id="82" from="StgValue_59" to="i_3_i_mid2" fromId="59" toId="15">
</dataflow>
<dataflow id="83" from="i_3_i" to="i_3_i_mid2" fromId="9" toId="15">
</dataflow>
<dataflow id="84" from="tmp_s" to="j_1_i_cast_mid2_v" fromId="14" toId="16">
</dataflow>
<dataflow id="85" from="j" to="j_1_i_cast_mid2_v" fromId="13" toId="16">
</dataflow>
<dataflow id="86" from="j_1_i" to="j_1_i_cast_mid2_v" fromId="8" toId="16">
</dataflow>
<dataflow id="87" from="j_1_i_cast_mid2_v" to="j_1_i_cast_mid2_cast" fromId="16" toId="17">
</dataflow>
<dataflow id="89" from="_ssdm_op_BitConcatenate.i7.i4.i3" to="tmp_1" fromId="88" toId="18">
</dataflow>
<dataflow id="90" from="i_3_i_mid2" to="tmp_1" fromId="15" toId="18">
</dataflow>
<dataflow id="92" from="StgValue_91" to="tmp_1" fromId="91" toId="18">
</dataflow>
<dataflow id="93" from="tmp_1" to="tmp_11_cast" fromId="18" toId="19">
</dataflow>
<dataflow id="94" from="j_1_i_cast_mid2_cast" to="tmp_2" fromId="17" toId="20">
</dataflow>
<dataflow id="95" from="tmp_11_cast" to="tmp_2" fromId="19" toId="20">
</dataflow>
<dataflow id="96" from="tmp_2" to="tmp_12_cast" fromId="20" toId="21">
</dataflow>
<dataflow id="97" from="col_outbuf_i" to="col_outbuf_i_addr" fromId="52" toId="22">
</dataflow>
<dataflow id="99" from="StgValue_98" to="col_outbuf_i_addr" fromId="98" toId="22">
</dataflow>
<dataflow id="100" from="tmp_12_cast" to="col_outbuf_i_addr" fromId="21" toId="22">
</dataflow>
<dataflow id="101" from="col_outbuf_i_addr" to="col_outbuf_i_load" fromId="22" toId="23">
</dataflow>
<dataflow id="102" from="i_3_i_mid2" to="i" fromId="15" toId="24">
</dataflow>
<dataflow id="103" from="StgValue_76" to="i" fromId="76" toId="24">
</dataflow>
<dataflow id="105" from="_ssdm_op_SpecLoopName" to="StgValue_25" fromId="104" toId="25">
</dataflow>
<dataflow id="107" from="Xpose_Col_Outer_Loop" to="StgValue_25" fromId="106" toId="25">
</dataflow>
<dataflow id="109" from="_ssdm_op_SpecLoopTripCount" to="empty" fromId="108" toId="26">
</dataflow>
<dataflow id="111" from="StgValue_110" to="empty" fromId="110" toId="26">
</dataflow>
<dataflow id="112" from="StgValue_110" to="empty" fromId="110" toId="26">
</dataflow>
<dataflow id="113" from="StgValue_110" to="empty" fromId="110" toId="26">
</dataflow>
<dataflow id="114" from="_ssdm_op_BitConcatenate.i7.i4.i3" to="tmp" fromId="88" toId="27">
</dataflow>
<dataflow id="115" from="j_1_i_cast_mid2_v" to="tmp" fromId="16" toId="27">
</dataflow>
<dataflow id="116" from="StgValue_91" to="tmp" fromId="91" toId="27">
</dataflow>
<dataflow id="117" from="tmp" to="tmp_9_cast" fromId="27" toId="28">
</dataflow>
<dataflow id="118" from="i_3_i_mid2" to="i_3_i_cast_cast" fromId="15" toId="29">
</dataflow>
<dataflow id="119" from="i_3_i_cast_cast" to="tmp_4" fromId="29" toId="30">
</dataflow>
<dataflow id="120" from="tmp_9_cast" to="tmp_4" fromId="28" toId="30">
</dataflow>
<dataflow id="121" from="tmp_4" to="tmp_13_cast" fromId="30" toId="31">
</dataflow>
<dataflow id="122" from="buf_2d_out" to="buf_2d_out_addr" fromId="53" toId="32">
</dataflow>
<dataflow id="123" from="StgValue_98" to="buf_2d_out_addr" fromId="98" toId="32">
</dataflow>
<dataflow id="124" from="tmp_13_cast" to="buf_2d_out_addr" fromId="31" toId="32">
</dataflow>
<dataflow id="125" from="_ssdm_op_SpecLoopName" to="StgValue_33" fromId="104" toId="33">
</dataflow>
<dataflow id="127" from="p_str9" to="StgValue_33" fromId="126" toId="33">
</dataflow>
<dataflow id="129" from="_ssdm_op_SpecRegionBegin" to="tmp_3" fromId="128" toId="34">
</dataflow>
<dataflow id="130" from="p_str9" to="tmp_3" fromId="126" toId="34">
</dataflow>
<dataflow id="132" from="_ssdm_op_SpecPipeline" to="StgValue_35" fromId="131" toId="35">
</dataflow>
<dataflow id="134" from="StgValue_133" to="StgValue_35" fromId="133" toId="35">
</dataflow>
<dataflow id="136" from="StgValue_135" to="StgValue_35" fromId="135" toId="35">
</dataflow>
<dataflow id="137" from="StgValue_135" to="StgValue_35" fromId="135" toId="35">
</dataflow>
<dataflow id="138" from="StgValue_98" to="StgValue_35" fromId="98" toId="35">
</dataflow>
<dataflow id="140" from="p_str1" to="StgValue_35" fromId="139" toId="35">
</dataflow>
<dataflow id="141" from="col_outbuf_i_addr" to="col_outbuf_i_load" fromId="22" toId="36">
</dataflow>
<dataflow id="142" from="col_outbuf_i_load" to="StgValue_37" fromId="36" toId="37">
</dataflow>
<dataflow id="143" from="buf_2d_out_addr" to="StgValue_37" fromId="32" toId="37">
</dataflow>
<dataflow id="145" from="_ssdm_op_SpecRegionEnd" to="empty_15" fromId="144" toId="38">
</dataflow>
<dataflow id="146" from="p_str9" to="empty_15" fromId="126" toId="38">
</dataflow>
<dataflow id="147" from="tmp_3" to="empty_15" fromId="34" toId="38">
</dataflow>
<dataflow id="148" from="exitcond_flatten" to="StgValue_2" fromId="10" toId="2">
</dataflow>
<dataflow id="149" from="exitcond_flatten" to="StgValue_3" fromId="10" toId="3">
</dataflow>
<dataflow id="150" from="exitcond_flatten" to="StgValue_4" fromId="10" toId="4">
</dataflow>
</dataflows>


</stg>
