<?xml version="1.0" encoding="UTF-8"?>
<GenRun Id="system_axis_subset_converter_0_1_synth_1" LaunchPart="xc7z010clg400-1" LaunchTime="1679502780">
  <File Type="VDS-TIMING-PB" Name="system_axis_subset_converter_0_1_timing_summary_synth.pb"/>
  <File Type="VDS-TIMINGSUMMARY" Name="system_axis_subset_converter_0_1_timing_summary_synth.rpt"/>
  <File Type="RDS-DCP" Name="system_axis_subset_converter_0_1.dcp"/>
  <File Type="RDS-UTIL-PB" Name="system_axis_subset_converter_0_1_utilization_synth.pb"/>
  <File Type="RDS-UTIL" Name="system_axis_subset_converter_0_1_utilization_synth.rpt"/>
  <File Type="RDS-PROPCONSTRS" Name="system_axis_subset_converter_0_1_drc_synth.rpt"/>
  <File Type="RDS-RDS" Name="system_axis_subset_converter_0_1.vds"/>
  <File Type="REPORTS-TCL" Name="system_axis_subset_converter_0_1_reports.tcl"/>
  <File Type="PA-TCL" Name="system_axis_subset_converter_0_1.tcl"/>
  <FileSet Name="sources" Type="BlockSrcs" RelSrcDir="$PSRCDIR/system_axis_subset_converter_0_1">
    <File Path="$PPRDIR/../../../lab4/hw/project/lab4.srcs/sources_1/bd/system/ip/system_axis_subset_converter_0_1/system_axis_subset_converter_0_1.xci">
      <FileInfo>
        <Attr Name="UsedIn" Val="synthesis"/>
        <Attr Name="UsedIn" Val="implementation"/>
        <Attr Name="UsedIn" Val="simulation"/>
      </FileInfo>
    </File>
    <Config>
      <Option Name="TopModule" Val="system_axis_subset_converter_0_1"/>
      <Option Name="UseBlackboxStub" Val="1"/>
    </Config>
  </FileSet>
  <FileSet Name="constrs_in" Type="BlockSrcs" RelSrcDir="$PSRCDIR/system_axis_subset_converter_0_1">
    <File Path="$PPRDIR/../../../lab4/hw/project/lab4.srcs/sources_1/bd/system/ip/system_axis_subset_converter_0_1/system_axis_subset_converter_0_1.xci">
      <FileInfo>
        <Attr Name="UsedIn" Val="synthesis"/>
        <Attr Name="UsedIn" Val="implementation"/>
        <Attr Name="UsedIn" Val="simulation"/>
      </FileInfo>
    </File>
    <Config>
      <Option Name="TopModule" Val="system_axis_subset_converter_0_1"/>
      <Option Name="UseBlackboxStub" Val="1"/>
    </Config>
  </FileSet>
  <FileSet Name="utils" Type="Utils" RelSrcDir="$PSRCDIR/utils_1">
    <Filter Type="Utils"/>
    <File Path="$PPRDIR/../../../lab4/hw/project/lab4.srcs/utils_1/imports/synth_1/system_wrapper.dcp">
      <FileInfo>
        <Attr Name="UsedIn" Val="synthesis"/>
        <Attr Name="UsedIn" Val="implementation"/>
        <Attr Name="UsedInSteps" Val="synth_1"/>
        <Attr Name="AutoDcp" Val="1"/>
      </FileInfo>
    </File>
    <Config>
      <Option Name="TopAutoSet" Val="TRUE"/>
    </Config>
  </FileSet>
  <Strategy Version="1" Minor="2">
    <StratHandle Name="Vivado Synthesis Defaults" Flow="Vivado Synthesis 2021">
      <Desc>Vivado Synthesis Defaults</Desc>
    </StratHandle>
    <Step Id="synth_design"/>
  </Strategy>
</GenRun>
