<stg><name>dct</name>


<trans_list>

<trans id="87" from="1" to="2">
<condition id="45">
<or_exp><and_exp></and_exp></or_exp>
</condition>
</trans>

<trans id="103" from="2" to="5">
<condition id="63">
<or_exp><and_exp><literal name="exitcond_flatten" val="1"/>
</and_exp></or_exp>
</condition>
</trans>

<trans id="104" from="2" to="3">
<condition id="66">
<or_exp><and_exp><literal name="exitcond_flatten" val="0"/>
</and_exp></or_exp>
</condition>
</trans>

<trans id="101" from="3" to="4">
<condition id="64">
<or_exp><and_exp></and_exp></or_exp>
</condition>
</trans>

<trans id="102" from="4" to="2">
<condition id="65">
<or_exp><and_exp></and_exp></or_exp>
</condition>
</trans>

<trans id="93" from="5" to="6">
<condition id="53">
<or_exp><and_exp></and_exp></or_exp>
</condition>
</trans>

<trans id="94" from="6" to="7">
<condition id="55">
<or_exp><and_exp></and_exp></or_exp>
</condition>
</trans>

<trans id="108" from="7" to="10">
<condition id="67">
<or_exp><and_exp><literal name="exitcond_flatten2" val="1"/>
</and_exp></or_exp>
</condition>
</trans>

<trans id="109" from="7" to="8">
<condition id="70">
<or_exp><and_exp><literal name="exitcond_flatten2" val="0"/>
</and_exp></or_exp>
</condition>
</trans>

<trans id="106" from="8" to="9">
<condition id="68">
<or_exp><and_exp></and_exp></or_exp>
</condition>
</trans>

<trans id="107" from="9" to="7">
<condition id="69">
<or_exp><and_exp></and_exp></or_exp>
</condition>
</trans>
</trans_list>



<state_list>

<state id="1" st_id="1">

<operation id="11" st_id="1" stage="1" lat="1">
<core>NULL</core>
<MemPortIdVec></MemPortIdVec>
<condition id="40">
<or_exp><and_exp></and_exp></or_exp>
</condition>

<Node id="4" bw="0" op_0_bw="0" op_1_bw="16">
<![CDATA[
:0  call void (...)* @_ssdm_op_SpecBitsMap([64 x i16]* %input_r) nounwind, !map !19

]]></Node>
<StgValue><ssdm name=""/></StgValue>
</operation>

<operation id="12" st_id="1" stage="1" lat="1">
<core>NULL</core>
<MemPortIdVec></MemPortIdVec>
<condition id="40">
<or_exp><and_exp></and_exp></or_exp>
</condition>

<Node id="5" bw="0" op_0_bw="0" op_1_bw="16">
<![CDATA[
:1  call void (...)* @_ssdm_op_SpecBitsMap([64 x i16]* %output_r) nounwind, !map !25

]]></Node>
<StgValue><ssdm name=""/></StgValue>
</operation>

<operation id="13" st_id="1" stage="1" lat="1">
<core>NULL</core>
<MemPortIdVec></MemPortIdVec>
<condition id="40">
<or_exp><and_exp></and_exp></or_exp>
</condition>

<Node id="6" bw="0" op_0_bw="0" op_1_bw="0">
<![CDATA[
:2  call void (...)* @_ssdm_op_SpecTopModule([4 x i8]* @dct_str) nounwind

]]></Node>
<StgValue><ssdm name=""/></StgValue>
</operation>

<operation id="14" st_id="1" stage="1" lat="1">
<core>RAM</core>
<MemPortIdVec></MemPortIdVec>
<condition id="40">
<or_exp><and_exp></and_exp></or_exp>
</condition>

<Node id="7" bw="16" op_0_bw="32">
<![CDATA[
:3  %buf_2d_in = alloca [64 x i16], align 2

]]></Node>
<StgValue><ssdm name="buf_2d_in"/><MemPortTyVec>2 3 </MemPortTyVec>
</StgValue>
</operation>

<operation id="15" st_id="1" stage="1" lat="1">
<core>RAM</core>
<MemPortIdVec></MemPortIdVec>
<condition id="40">
<or_exp><and_exp></and_exp></or_exp>
</condition>

<Node id="8" bw="16" op_0_bw="32">
<![CDATA[
:4  %buf_2d_out = alloca [64 x i16], align 2

]]></Node>
<StgValue><ssdm name="buf_2d_out"/><MemPortTyVec>2 3 </MemPortTyVec>
</StgValue>
</operation>

<operation id="16" st_id="1" stage="1" lat="1">
<core>NULL</core>
<MemPortIdVec></MemPortIdVec>
<condition id="40">
<or_exp><and_exp></and_exp></or_exp>
</condition>

<Node id="9" bw="0" op_0_bw="0">
<![CDATA[
:5  br label %1

]]></Node>
<StgValue><ssdm name=""/></StgValue>
</operation>
</state>

<state id="2" st_id="2">

<operation id="17" st_id="2" stage="1" lat="1">
<core>NULL</core>
<MemPortIdVec></MemPortIdVec>
<condition id="-1">
<or_exp><and_exp></and_exp></or_exp>
</condition>

<Node id="11" bw="7" op_0_bw="7" op_1_bw="0">
<![CDATA[
:0  %indvar_flatten = phi i7 [ 0, %0 ], [ %indvar_flatten_next, %.reset ]

]]></Node>
<StgValue><ssdm name="indvar_flatten"/></StgValue>
</operation>

<operation id="18" st_id="2" stage="1" lat="1">
<core>NULL</core>
<MemPortIdVec></MemPortIdVec>
<condition id="-1">
<or_exp><and_exp></and_exp></or_exp>
</condition>

<Node id="12" bw="4" op_0_bw="4" op_1_bw="0">
<![CDATA[
:1  %r_i = phi i4 [ 0, %0 ], [ %r_i_cast8_mid2_v, %.reset ]

]]></Node>
<StgValue><ssdm name="r_i"/></StgValue>
</operation>

<operation id="19" st_id="2" stage="1" lat="1">
<core>NULL</core>
<MemPortIdVec></MemPortIdVec>
<condition id="-1">
<or_exp><and_exp></and_exp></or_exp>
</condition>

<Node id="13" bw="4" op_0_bw="4" op_1_bw="0">
<![CDATA[
:2  %c_i = phi i4 [ 0, %0 ], [ %c, %.reset ]

]]></Node>
<StgValue><ssdm name="c_i"/></StgValue>
</operation>

<operation id="20" st_id="2" stage="1" lat="1">
<core>Cmp</core>
<MemPortIdVec></MemPortIdVec>
<condition id="-1">
<or_exp><and_exp></and_exp></or_exp>
</condition>

<Node id="14" bw="1" op_0_bw="7" op_1_bw="7">
<![CDATA[
:3  %exitcond_flatten = icmp eq i7 %indvar_flatten, -64

]]></Node>
<StgValue><ssdm name="exitcond_flatten"/></StgValue>
</operation>

<operation id="21" st_id="2" stage="1" lat="1">
<core>AddSub</core>
<MemPortIdVec></MemPortIdVec>
<condition id="-1">
<or_exp><and_exp></and_exp></or_exp>
</condition>

<Node id="15" bw="7" op_0_bw="7" op_1_bw="7">
<![CDATA[
:4  %indvar_flatten_next = add i7 %indvar_flatten, 1

]]></Node>
<StgValue><ssdm name="indvar_flatten_next"/></StgValue>
</operation>

<operation id="22" st_id="2" stage="1" lat="1">
<core>NULL</core>
<MemPortIdVec></MemPortIdVec>
<condition id="-1">
<or_exp><and_exp></and_exp></or_exp>
</condition>

<Node id="16" bw="0" op_0_bw="1" op_1_bw="0" op_2_bw="0">
<![CDATA[
:5  br i1 %exitcond_flatten, label %read_data.exit, label %.reset

]]></Node>
<StgValue><ssdm name=""/></StgValue>
</operation>

<operation id="23" st_id="2" stage="1" lat="1">
<core>AddSub</core>
<MemPortIdVec></MemPortIdVec>
<condition id="0">
<or_exp><and_exp><literal name="exitcond_flatten" val="0"/>
</and_exp></or_exp>
</condition>

<Node id="18" bw="4" op_0_bw="4" op_1_bw="4">
<![CDATA[
.reset:0  %r = add i4 1, %r_i

]]></Node>
<StgValue><ssdm name="r"/></StgValue>
</operation>

<operation id="24" st_id="2" stage="1" lat="1">
<core>Cmp</core>
<MemPortIdVec></MemPortIdVec>
<condition id="0">
<or_exp><and_exp><literal name="exitcond_flatten" val="0"/>
</and_exp></or_exp>
</condition>

<Node id="21" bw="1" op_0_bw="4" op_1_bw="4">
<![CDATA[
.reset:3  %exitcond_i = icmp eq i4 %c_i, -8

]]></Node>
<StgValue><ssdm name="exitcond_i"/></StgValue>
</operation>

<operation id="25" st_id="2" stage="1" lat="1">
<core>Sel</core>
<MemPortIdVec></MemPortIdVec>
<condition id="0">
<or_exp><and_exp><literal name="exitcond_flatten" val="0"/>
</and_exp></or_exp>
</condition>

<Node id="22" bw="4" op_0_bw="1" op_1_bw="4" op_2_bw="4">
<![CDATA[
.reset:4  %c_i_mid2 = select i1 %exitcond_i, i4 0, i4 %c_i

]]></Node>
<StgValue><ssdm name="c_i_mid2"/></StgValue>
</operation>

<operation id="26" st_id="2" stage="1" lat="1">
<core>Sel</core>
<MemPortIdVec></MemPortIdVec>
<condition id="0">
<or_exp><and_exp><literal name="exitcond_flatten" val="0"/>
</and_exp></or_exp>
</condition>

<Node id="23" bw="4" op_0_bw="1" op_1_bw="4" op_2_bw="4">
<![CDATA[
.reset:5  %r_i_cast8_mid2_v = select i1 %exitcond_i, i4 %r, i4 %r_i

]]></Node>
<StgValue><ssdm name="r_i_cast8_mid2_v"/></StgValue>
</operation>

<operation id="27" st_id="2" stage="1" lat="1">
<core>NULL</core>
<MemPortIdVec></MemPortIdVec>
<condition id="0">
<or_exp><and_exp><literal name="exitcond_flatten" val="0"/>
</and_exp></or_exp>
</condition>

<Node id="26" bw="3" op_0_bw="4">
<![CDATA[
.reset:8  %tmp_3 = trunc i4 %r_i_cast8_mid2_v to i3

]]></Node>
<StgValue><ssdm name="tmp_3"/></StgValue>
</operation>
</state>

<state id="3" st_id="3">

<operation id="28" st_id="3" stage="1" lat="1">
<core>NULL</core>
<MemPortIdVec></MemPortIdVec>
<condition id="0">
<or_exp><and_exp><literal name="exitcond_flatten" val="0"/>
</and_exp></or_exp>
</condition>

<Node id="27" bw="6" op_0_bw="6" op_1_bw="3" op_2_bw="3">
<![CDATA[
.reset:9  %tmp_i_mid2 = call i6 @_ssdm_op_BitConcatenate.i6.i3.i3(i3 %tmp_3, i3 0)

]]></Node>
<StgValue><ssdm name="tmp_i_mid2"/></StgValue>
</operation>

<operation id="29" st_id="3" stage="1" lat="1">
<core>NULL</core>
<MemPortIdVec></MemPortIdVec>
<condition id="0">
<or_exp><and_exp><literal name="exitcond_flatten" val="0"/>
</and_exp></or_exp>
</condition>

<Node id="28" bw="6" op_0_bw="4">
<![CDATA[
.reset:10  %c_i_cast6 = zext i4 %c_i_mid2 to i6

]]></Node>
<StgValue><ssdm name="c_i_cast6"/></StgValue>
</operation>

<operation id="30" st_id="3" stage="1" lat="1">
<core>AddSub</core>
<MemPortIdVec></MemPortIdVec>
<condition id="0">
<or_exp><and_exp><literal name="exitcond_flatten" val="0"/>
</and_exp></or_exp>
</condition>

<Node id="36" bw="6" op_0_bw="6" op_1_bw="6">
<![CDATA[
.reset:18  %sum_i = add i6 %tmp_i_mid2, %c_i_cast6

]]></Node>
<StgValue><ssdm name="sum_i"/></StgValue>
</operation>

<operation id="31" st_id="3" stage="1" lat="1">
<core>NULL</core>
<MemPortIdVec></MemPortIdVec>
<condition id="0">
<or_exp><and_exp><literal name="exitcond_flatten" val="0"/>
</and_exp></or_exp>
</condition>

<Node id="37" bw="32" op_0_bw="6">
<![CDATA[
.reset:19  %sum_i_cast = zext i6 %sum_i to i32

]]></Node>
<StgValue><ssdm name="sum_i_cast"/></StgValue>
</operation>

<operation id="32" st_id="3" stage="1" lat="1">
<core>NULL</core>
<MemPortIdVec></MemPortIdVec>
<condition id="0">
<or_exp><and_exp><literal name="exitcond_flatten" val="0"/>
</and_exp></or_exp>
</condition>

<Node id="38" bw="6" op_0_bw="16" op_1_bw="32" op_2_bw="32">
<![CDATA[
.reset:20  %input_addr = getelementptr [64 x i16]* %input_r, i32 0, i32 %sum_i_cast

]]></Node>
<StgValue><ssdm name="input_addr"/></StgValue>
</operation>

<operation id="33" st_id="3" stage="2" lat="2">
<core>RAM</core>
<MemPortIdVec>0 </MemPortIdVec>
<condition id="0">
<or_exp><and_exp><literal name="exitcond_flatten" val="0"/>
</and_exp></or_exp>
</condition>

<Node id="39" bw="16" op_0_bw="6">
<![CDATA[
.reset:21  %input_load = load i16* %input_addr, align 2

]]></Node>
<StgValue><ssdm name="input_load"/></StgValue>
</operation>

<operation id="34" st_id="3" stage="1" lat="1">
<core>AddSub</core>
<MemPortIdVec></MemPortIdVec>
<condition id="0">
<or_exp><and_exp><literal name="exitcond_flatten" val="0"/>
</and_exp></or_exp>
</condition>

<Node id="42" bw="4" op_0_bw="4" op_1_bw="4">
<![CDATA[
.reset:24  %c = add i4 1, %c_i_mid2

]]></Node>
<StgValue><ssdm name="c"/></StgValue>
</operation>
</state>

<state id="4" st_id="4">

<operation id="35" st_id="4" stage="1" lat="1">
<core>NULL</core>
<MemPortIdVec></MemPortIdVec>
<condition id="0">
<or_exp><and_exp><literal name="exitcond_flatten" val="0"/>
</and_exp></or_exp>
</condition>

<Node id="19" bw="0" op_0_bw="0" op_1_bw="0">
<![CDATA[
.reset:1  call void (...)* @_ssdm_op_SpecLoopName([24 x i8]* @RD_Loop_Row_RD_Loop_s)

]]></Node>
<StgValue><ssdm name=""/></StgValue>
</operation>

<operation id="36" st_id="4" stage="1" lat="1">
<core>NULL</core>
<MemPortIdVec></MemPortIdVec>
<condition id="0">
<or_exp><and_exp><literal name="exitcond_flatten" val="0"/>
</and_exp></or_exp>
</condition>

<Node id="20" bw="32" op_0_bw="32" op_1_bw="64" op_2_bw="64" op_3_bw="64">
<![CDATA[
.reset:2  %empty = call i32 (...)* @_ssdm_op_SpecLoopTripCount(i64 64, i64 64, i64 64) nounwind

]]></Node>
<StgValue><ssdm name="empty"/></StgValue>
</operation>

<operation id="37" st_id="4" stage="1" lat="1">
<core>NULL</core>
<MemPortIdVec></MemPortIdVec>
<condition id="0">
<or_exp><and_exp><literal name="exitcond_flatten" val="0"/>
</and_exp></or_exp>
</condition>

<Node id="24" bw="7" op_0_bw="7" op_1_bw="4" op_2_bw="3">
<![CDATA[
.reset:6  %tmp = call i7 @_ssdm_op_BitConcatenate.i7.i4.i3(i4 %r_i_cast8_mid2_v, i3 0)

]]></Node>
<StgValue><ssdm name="tmp"/></StgValue>
</operation>

<operation id="38" st_id="4" stage="1" lat="1">
<core>NULL</core>
<MemPortIdVec></MemPortIdVec>
<condition id="0">
<or_exp><and_exp><literal name="exitcond_flatten" val="0"/>
</and_exp></or_exp>
</condition>

<Node id="25" bw="8" op_0_bw="7">
<![CDATA[
.reset:7  %tmp_26_cast = zext i7 %tmp to i8

]]></Node>
<StgValue><ssdm name="tmp_26_cast"/></StgValue>
</operation>

<operation id="39" st_id="4" stage="1" lat="1">
<core>NULL</core>
<MemPortIdVec></MemPortIdVec>
<condition id="0">
<or_exp><and_exp><literal name="exitcond_flatten" val="0"/>
</and_exp></or_exp>
</condition>

<Node id="29" bw="8" op_0_bw="4">
<![CDATA[
.reset:11  %c_i_cast5_cast = zext i4 %c_i_mid2 to i8

]]></Node>
<StgValue><ssdm name="c_i_cast5_cast"/></StgValue>
</operation>

<operation id="40" st_id="4" stage="1" lat="1">
<core>AddSub</core>
<MemPortIdVec></MemPortIdVec>
<condition id="0">
<or_exp><and_exp><literal name="exitcond_flatten" val="0"/>
</and_exp></or_exp>
</condition>

<Node id="30" bw="8" op_0_bw="8" op_1_bw="8">
<![CDATA[
.reset:12  %tmp_s = add i8 %tmp_26_cast, %c_i_cast5_cast

]]></Node>
<StgValue><ssdm name="tmp_s"/></StgValue>
</operation>

<operation id="41" st_id="4" stage="1" lat="1">
<core>NULL</core>
<MemPortIdVec></MemPortIdVec>
<condition id="0">
<or_exp><and_exp><literal name="exitcond_flatten" val="0"/>
</and_exp></or_exp>
</condition>

<Node id="31" bw="32" op_0_bw="8">
<![CDATA[
.reset:13  %tmp_28_cast = zext i8 %tmp_s to i32

]]></Node>
<StgValue><ssdm name="tmp_28_cast"/></StgValue>
</operation>

<operation id="42" st_id="4" stage="1" lat="1">
<core>NULL</core>
<MemPortIdVec></MemPortIdVec>
<condition id="0">
<or_exp><and_exp><literal name="exitcond_flatten" val="0"/>
</and_exp></or_exp>
</condition>

<Node id="32" bw="6" op_0_bw="16" op_1_bw="32" op_2_bw="32">
<![CDATA[
.reset:14  %buf_2d_in_addr = getelementptr [64 x i16]* %buf_2d_in, i32 0, i32 %tmp_28_cast

]]></Node>
<StgValue><ssdm name="buf_2d_in_addr"/></StgValue>
</operation>

<operation id="43" st_id="4" stage="1" lat="1">
<core>NULL</core>
<MemPortIdVec></MemPortIdVec>
<condition id="0">
<or_exp><and_exp><literal name="exitcond_flatten" val="0"/>
</and_exp></or_exp>
</condition>

<Node id="33" bw="0" op_0_bw="0" op_1_bw="0">
<![CDATA[
.reset:15  call void (...)* @_ssdm_op_SpecLoopName([12 x i8]* @p_str10) nounwind

]]></Node>
<StgValue><ssdm name=""/></StgValue>
</operation>

<operation id="44" st_id="4" stage="1" lat="1">
<core>NULL</core>
<MemPortIdVec></MemPortIdVec>
<condition id="0">
<or_exp><and_exp><literal name="exitcond_flatten" val="0"/>
</and_exp></or_exp>
</condition>

<Node id="34" bw="32" op_0_bw="32" op_1_bw="0">
<![CDATA[
.reset:16  %tmp_4_i = call i32 (...)* @_ssdm_op_SpecRegionBegin([12 x i8]* @p_str10) nounwind

]]></Node>
<StgValue><ssdm name="tmp_4_i"/></StgValue>
</operation>

<operation id="45" st_id="4" stage="1" lat="1">
<core>NULL</core>
<MemPortIdVec></MemPortIdVec>
<condition id="0">
<or_exp><and_exp><literal name="exitcond_flatten" val="0"/>
</and_exp></or_exp>
</condition>

<Node id="35" bw="0" op_0_bw="0" op_1_bw="32" op_2_bw="32" op_3_bw="32" op_4_bw="32" op_5_bw="0">
<![CDATA[
.reset:17  call void (...)* @_ssdm_op_SpecPipeline(i32 -1, i32 1, i32 1, i32 0, [1 x i8]* @p_str2) nounwind

]]></Node>
<StgValue><ssdm name=""/></StgValue>
</operation>

<operation id="46" st_id="4" stage="1" lat="2">
<core>RAM</core>
<MemPortIdVec>0 </MemPortIdVec>
<condition id="0">
<or_exp><and_exp><literal name="exitcond_flatten" val="0"/>
</and_exp></or_exp>
</condition>

<Node id="39" bw="16" op_0_bw="6">
<![CDATA[
.reset:21  %input_load = load i16* %input_addr, align 2

]]></Node>
<StgValue><ssdm name="input_load"/></StgValue>
</operation>

<operation id="47" st_id="4" stage="1" lat="1">
<core>RAM</core>
<MemPortIdVec>0 </MemPortIdVec>
<condition id="0">
<or_exp><and_exp><literal name="exitcond_flatten" val="0"/>
</and_exp></or_exp>
</condition>

<Node id="40" bw="0" op_0_bw="16" op_1_bw="6">
<![CDATA[
.reset:22  store i16 %input_load, i16* %buf_2d_in_addr, align 2

]]></Node>
<StgValue><ssdm name=""/></StgValue>
</operation>

<operation id="48" st_id="4" stage="1" lat="1">
<core>NULL</core>
<MemPortIdVec></MemPortIdVec>
<condition id="0">
<or_exp><and_exp><literal name="exitcond_flatten" val="0"/>
</and_exp></or_exp>
</condition>

<Node id="41" bw="32" op_0_bw="32" op_1_bw="0" op_2_bw="32">
<![CDATA[
.reset:23  %empty_13 = call i32 (...)* @_ssdm_op_SpecRegionEnd([12 x i8]* @p_str10, i32 %tmp_4_i) nounwind

]]></Node>
<StgValue><ssdm name="empty_13"/></StgValue>
</operation>

<operation id="49" st_id="4" stage="1" lat="1">
<core>NULL</core>
<MemPortIdVec></MemPortIdVec>
<condition id="0">
<or_exp><and_exp><literal name="exitcond_flatten" val="0"/>
</and_exp></or_exp>
</condition>

<Node id="43" bw="0" op_0_bw="0">
<![CDATA[
.reset:25  br label %1

]]></Node>
<StgValue><ssdm name=""/></StgValue>
</operation>
</state>

<state id="5" st_id="5">

<operation id="50" st_id="5" stage="2" lat="2">
<core></core>
<MemPortIdVec></MemPortIdVec>
<condition id="41">
<or_exp><and_exp></and_exp></or_exp>
</condition>

<Node id="45" bw="0" op_0_bw="0" op_1_bw="16" op_2_bw="16">
<![CDATA[
read_data.exit:0  call fastcc void @dct_2d([64 x i16]* %buf_2d_in, [64 x i16]* %buf_2d_out) nounwind

]]></Node>
<StgValue><ssdm name=""/></StgValue>
</operation>
</state>

<state id="6" st_id="6">

<operation id="51" st_id="6" stage="1" lat="2">
<core></core>
<MemPortIdVec></MemPortIdVec>
<condition id="42">
<or_exp><and_exp></and_exp></or_exp>
</condition>

<Node id="45" bw="0" op_0_bw="0" op_1_bw="16" op_2_bw="16">
<![CDATA[
read_data.exit:0  call fastcc void @dct_2d([64 x i16]* %buf_2d_in, [64 x i16]* %buf_2d_out) nounwind

]]></Node>
<StgValue><ssdm name=""/></StgValue>
</operation>

<operation id="52" st_id="6" stage="1" lat="1">
<core>NULL</core>
<MemPortIdVec></MemPortIdVec>
<condition id="42">
<or_exp><and_exp></and_exp></or_exp>
</condition>

<Node id="46" bw="0" op_0_bw="0">
<![CDATA[
read_data.exit:1  br label %2

]]></Node>
<StgValue><ssdm name=""/></StgValue>
</operation>
</state>

<state id="7" st_id="7">

<operation id="53" st_id="7" stage="1" lat="1">
<core>NULL</core>
<MemPortIdVec></MemPortIdVec>
<condition id="-1">
<or_exp><and_exp></and_exp></or_exp>
</condition>

<Node id="48" bw="7" op_0_bw="7" op_1_bw="0">
<![CDATA[
:0  %indvar_flatten2 = phi i7 [ 0, %read_data.exit ], [ %indvar_flatten_next2, %.reset10 ]

]]></Node>
<StgValue><ssdm name="indvar_flatten2"/></StgValue>
</operation>

<operation id="54" st_id="7" stage="1" lat="1">
<core>NULL</core>
<MemPortIdVec></MemPortIdVec>
<condition id="-1">
<or_exp><and_exp></and_exp></or_exp>
</condition>

<Node id="49" bw="4" op_0_bw="4" op_1_bw="0">
<![CDATA[
:1  %r_i2 = phi i4 [ 0, %read_data.exit ], [ %r_i2_cast4_mid2_v, %.reset10 ]

]]></Node>
<StgValue><ssdm name="r_i2"/></StgValue>
</operation>

<operation id="55" st_id="7" stage="1" lat="1">
<core>NULL</core>
<MemPortIdVec></MemPortIdVec>
<condition id="-1">
<or_exp><and_exp></and_exp></or_exp>
</condition>

<Node id="50" bw="4" op_0_bw="4" op_1_bw="0">
<![CDATA[
:2  %c_i5 = phi i4 [ 0, %read_data.exit ], [ %c_1, %.reset10 ]

]]></Node>
<StgValue><ssdm name="c_i5"/></StgValue>
</operation>

<operation id="56" st_id="7" stage="1" lat="1">
<core>Cmp</core>
<MemPortIdVec></MemPortIdVec>
<condition id="-1">
<or_exp><and_exp></and_exp></or_exp>
</condition>

<Node id="51" bw="1" op_0_bw="7" op_1_bw="7">
<![CDATA[
:3  %exitcond_flatten2 = icmp eq i7 %indvar_flatten2, -64

]]></Node>
<StgValue><ssdm name="exitcond_flatten2"/></StgValue>
</operation>

<operation id="57" st_id="7" stage="1" lat="1">
<core>AddSub</core>
<MemPortIdVec></MemPortIdVec>
<condition id="-1">
<or_exp><and_exp></and_exp></or_exp>
</condition>

<Node id="52" bw="7" op_0_bw="7" op_1_bw="7">
<![CDATA[
:4  %indvar_flatten_next2 = add i7 %indvar_flatten2, 1

]]></Node>
<StgValue><ssdm name="indvar_flatten_next2"/></StgValue>
</operation>

<operation id="58" st_id="7" stage="1" lat="1">
<core>NULL</core>
<MemPortIdVec></MemPortIdVec>
<condition id="-1">
<or_exp><and_exp></and_exp></or_exp>
</condition>

<Node id="53" bw="0" op_0_bw="1" op_1_bw="0" op_2_bw="0">
<![CDATA[
:5  br i1 %exitcond_flatten2, label %write_data.exit, label %.reset10

]]></Node>
<StgValue><ssdm name=""/></StgValue>
</operation>

<operation id="59" st_id="7" stage="1" lat="1">
<core>AddSub</core>
<MemPortIdVec></MemPortIdVec>
<condition id="3">
<or_exp><and_exp><literal name="exitcond_flatten2" val="0"/>
</and_exp></or_exp>
</condition>

<Node id="55" bw="4" op_0_bw="4" op_1_bw="4">
<![CDATA[
.reset10:0  %r_1 = add i4 1, %r_i2

]]></Node>
<StgValue><ssdm name="r_1"/></StgValue>
</operation>

<operation id="60" st_id="7" stage="1" lat="1">
<core>Cmp</core>
<MemPortIdVec></MemPortIdVec>
<condition id="3">
<or_exp><and_exp><literal name="exitcond_flatten2" val="0"/>
</and_exp></or_exp>
</condition>

<Node id="58" bw="1" op_0_bw="4" op_1_bw="4">
<![CDATA[
.reset10:3  %exitcond_i1 = icmp eq i4 %c_i5, -8

]]></Node>
<StgValue><ssdm name="exitcond_i1"/></StgValue>
</operation>

<operation id="61" st_id="7" stage="1" lat="1">
<core>Sel</core>
<MemPortIdVec></MemPortIdVec>
<condition id="3">
<or_exp><and_exp><literal name="exitcond_flatten2" val="0"/>
</and_exp></or_exp>
</condition>

<Node id="59" bw="4" op_0_bw="1" op_1_bw="4" op_2_bw="4">
<![CDATA[
.reset10:4  %c_i5_mid2 = select i1 %exitcond_i1, i4 0, i4 %c_i5

]]></Node>
<StgValue><ssdm name="c_i5_mid2"/></StgValue>
</operation>

<operation id="62" st_id="7" stage="1" lat="1">
<core>Sel</core>
<MemPortIdVec></MemPortIdVec>
<condition id="3">
<or_exp><and_exp><literal name="exitcond_flatten2" val="0"/>
</and_exp></or_exp>
</condition>

<Node id="60" bw="4" op_0_bw="1" op_1_bw="4" op_2_bw="4">
<![CDATA[
.reset10:5  %r_i2_cast4_mid2_v = select i1 %exitcond_i1, i4 %r_1, i4 %r_i2

]]></Node>
<StgValue><ssdm name="r_i2_cast4_mid2_v"/></StgValue>
</operation>

<operation id="63" st_id="7" stage="1" lat="1">
<core>NULL</core>
<MemPortIdVec></MemPortIdVec>
<condition id="3">
<or_exp><and_exp><literal name="exitcond_flatten2" val="0"/>
</and_exp></or_exp>
</condition>

<Node id="63" bw="3" op_0_bw="4">
<![CDATA[
.reset10:8  %tmp_4 = trunc i4 %r_i2_cast4_mid2_v to i3

]]></Node>
<StgValue><ssdm name="tmp_4"/></StgValue>
</operation>
</state>

<state id="8" st_id="8">

<operation id="64" st_id="8" stage="1" lat="1">
<core>NULL</core>
<MemPortIdVec></MemPortIdVec>
<condition id="3">
<or_exp><and_exp><literal name="exitcond_flatten2" val="0"/>
</and_exp></or_exp>
</condition>

<Node id="61" bw="7" op_0_bw="7" op_1_bw="4" op_2_bw="3">
<![CDATA[
.reset10:6  %tmp_19 = call i7 @_ssdm_op_BitConcatenate.i7.i4.i3(i4 %r_i2_cast4_mid2_v, i3 0)

]]></Node>
<StgValue><ssdm name="tmp_19"/></StgValue>
</operation>

<operation id="65" st_id="8" stage="1" lat="1">
<core>NULL</core>
<MemPortIdVec></MemPortIdVec>
<condition id="3">
<or_exp><and_exp><literal name="exitcond_flatten2" val="0"/>
</and_exp></or_exp>
</condition>

<Node id="62" bw="8" op_0_bw="7">
<![CDATA[
.reset10:7  %tmp_30_cast = zext i7 %tmp_19 to i8

]]></Node>
<StgValue><ssdm name="tmp_30_cast"/></StgValue>
</operation>

<operation id="66" st_id="8" stage="1" lat="1">
<core>NULL</core>
<MemPortIdVec></MemPortIdVec>
<condition id="3">
<or_exp><and_exp><literal name="exitcond_flatten2" val="0"/>
</and_exp></or_exp>
</condition>

<Node id="64" bw="6" op_0_bw="6" op_1_bw="3" op_2_bw="3">
<![CDATA[
.reset10:9  %tmp_i4_mid2 = call i6 @_ssdm_op_BitConcatenate.i6.i3.i3(i3 %tmp_4, i3 0)

]]></Node>
<StgValue><ssdm name="tmp_i4_mid2"/></StgValue>
</operation>

<operation id="67" st_id="8" stage="1" lat="1">
<core>NULL</core>
<MemPortIdVec></MemPortIdVec>
<condition id="3">
<or_exp><and_exp><literal name="exitcond_flatten2" val="0"/>
</and_exp></or_exp>
</condition>

<Node id="65" bw="6" op_0_bw="4">
<![CDATA[
.reset10:10  %c_i5_cast2 = zext i4 %c_i5_mid2 to i6

]]></Node>
<StgValue><ssdm name="c_i5_cast2"/></StgValue>
</operation>

<operation id="68" st_id="8" stage="1" lat="1">
<core>NULL</core>
<MemPortIdVec></MemPortIdVec>
<condition id="3">
<or_exp><and_exp><literal name="exitcond_flatten2" val="0"/>
</and_exp></or_exp>
</condition>

<Node id="66" bw="8" op_0_bw="4">
<![CDATA[
.reset10:11  %c_i5_cast1_cast = zext i4 %c_i5_mid2 to i8

]]></Node>
<StgValue><ssdm name="c_i5_cast1_cast"/></StgValue>
</operation>

<operation id="69" st_id="8" stage="1" lat="1">
<core>AddSub</core>
<MemPortIdVec></MemPortIdVec>
<condition id="3">
<or_exp><and_exp><literal name="exitcond_flatten2" val="0"/>
</and_exp></or_exp>
</condition>

<Node id="67" bw="8" op_0_bw="8" op_1_bw="8">
<![CDATA[
.reset10:12  %tmp_20 = add i8 %tmp_30_cast, %c_i5_cast1_cast

]]></Node>
<StgValue><ssdm name="tmp_20"/></StgValue>
</operation>

<operation id="70" st_id="8" stage="1" lat="1">
<core>NULL</core>
<MemPortIdVec></MemPortIdVec>
<condition id="3">
<or_exp><and_exp><literal name="exitcond_flatten2" val="0"/>
</and_exp></or_exp>
</condition>

<Node id="68" bw="32" op_0_bw="8">
<![CDATA[
.reset10:13  %tmp_32_cast = zext i8 %tmp_20 to i32

]]></Node>
<StgValue><ssdm name="tmp_32_cast"/></StgValue>
</operation>

<operation id="71" st_id="8" stage="1" lat="1">
<core>NULL</core>
<MemPortIdVec></MemPortIdVec>
<condition id="3">
<or_exp><and_exp><literal name="exitcond_flatten2" val="0"/>
</and_exp></or_exp>
</condition>

<Node id="69" bw="6" op_0_bw="16" op_1_bw="32" op_2_bw="32">
<![CDATA[
.reset10:14  %buf_2d_out_addr = getelementptr [64 x i16]* %buf_2d_out, i32 0, i32 %tmp_32_cast

]]></Node>
<StgValue><ssdm name="buf_2d_out_addr"/></StgValue>
</operation>

<operation id="72" st_id="8" stage="2" lat="2">
<core>RAM</core>
<MemPortIdVec>0 </MemPortIdVec>
<condition id="3">
<or_exp><and_exp><literal name="exitcond_flatten2" val="0"/>
</and_exp></or_exp>
</condition>

<Node id="73" bw="16" op_0_bw="6">
<![CDATA[
.reset10:18  %buf_2d_out_load = load i16* %buf_2d_out_addr, align 2

]]></Node>
<StgValue><ssdm name="buf_2d_out_load"/></StgValue>
</operation>

<operation id="73" st_id="8" stage="1" lat="1">
<core>AddSub</core>
<MemPortIdVec></MemPortIdVec>
<condition id="3">
<or_exp><and_exp><literal name="exitcond_flatten2" val="0"/>
</and_exp></or_exp>
</condition>

<Node id="74" bw="6" op_0_bw="6" op_1_bw="6">
<![CDATA[
.reset10:19  %sum3_i = add i6 %tmp_i4_mid2, %c_i5_cast2

]]></Node>
<StgValue><ssdm name="sum3_i"/></StgValue>
</operation>

<operation id="74" st_id="8" stage="1" lat="1">
<core>AddSub</core>
<MemPortIdVec></MemPortIdVec>
<condition id="3">
<or_exp><and_exp><literal name="exitcond_flatten2" val="0"/>
</and_exp></or_exp>
</condition>

<Node id="79" bw="4" op_0_bw="4" op_1_bw="4">
<![CDATA[
.reset10:24  %c_1 = add i4 1, %c_i5_mid2

]]></Node>
<StgValue><ssdm name="c_1"/></StgValue>
</operation>
</state>

<state id="9" st_id="9">

<operation id="75" st_id="9" stage="1" lat="1">
<core>NULL</core>
<MemPortIdVec></MemPortIdVec>
<condition id="3">
<or_exp><and_exp><literal name="exitcond_flatten2" val="0"/>
</and_exp></or_exp>
</condition>

<Node id="56" bw="0" op_0_bw="0" op_1_bw="0">
<![CDATA[
.reset10:1  call void (...)* @_ssdm_op_SpecLoopName([24 x i8]* @WR_Loop_Row_WR_Loop_s)

]]></Node>
<StgValue><ssdm name=""/></StgValue>
</operation>

<operation id="76" st_id="9" stage="1" lat="1">
<core>NULL</core>
<MemPortIdVec></MemPortIdVec>
<condition id="3">
<or_exp><and_exp><literal name="exitcond_flatten2" val="0"/>
</and_exp></or_exp>
</condition>

<Node id="57" bw="32" op_0_bw="32" op_1_bw="64" op_2_bw="64" op_3_bw="64">
<![CDATA[
.reset10:2  %empty_14 = call i32 (...)* @_ssdm_op_SpecLoopTripCount(i64 64, i64 64, i64 64) nounwind

]]></Node>
<StgValue><ssdm name="empty_14"/></StgValue>
</operation>

<operation id="77" st_id="9" stage="1" lat="1">
<core>NULL</core>
<MemPortIdVec></MemPortIdVec>
<condition id="3">
<or_exp><and_exp><literal name="exitcond_flatten2" val="0"/>
</and_exp></or_exp>
</condition>

<Node id="70" bw="0" op_0_bw="0" op_1_bw="0">
<![CDATA[
.reset10:15  call void (...)* @_ssdm_op_SpecLoopName([12 x i8]* @p_str12) nounwind

]]></Node>
<StgValue><ssdm name=""/></StgValue>
</operation>

<operation id="78" st_id="9" stage="1" lat="1">
<core>NULL</core>
<MemPortIdVec></MemPortIdVec>
<condition id="3">
<or_exp><and_exp><literal name="exitcond_flatten2" val="0"/>
</and_exp></or_exp>
</condition>

<Node id="71" bw="32" op_0_bw="32" op_1_bw="0">
<![CDATA[
.reset10:16  %tmp_2_i = call i32 (...)* @_ssdm_op_SpecRegionBegin([12 x i8]* @p_str12) nounwind

]]></Node>
<StgValue><ssdm name="tmp_2_i"/></StgValue>
</operation>

<operation id="79" st_id="9" stage="1" lat="1">
<core>NULL</core>
<MemPortIdVec></MemPortIdVec>
<condition id="3">
<or_exp><and_exp><literal name="exitcond_flatten2" val="0"/>
</and_exp></or_exp>
</condition>

<Node id="72" bw="0" op_0_bw="0" op_1_bw="32" op_2_bw="32" op_3_bw="32" op_4_bw="32" op_5_bw="0">
<![CDATA[
.reset10:17  call void (...)* @_ssdm_op_SpecPipeline(i32 -1, i32 1, i32 1, i32 0, [1 x i8]* @p_str2) nounwind

]]></Node>
<StgValue><ssdm name=""/></StgValue>
</operation>

<operation id="80" st_id="9" stage="1" lat="2">
<core>RAM</core>
<MemPortIdVec>0 </MemPortIdVec>
<condition id="3">
<or_exp><and_exp><literal name="exitcond_flatten2" val="0"/>
</and_exp></or_exp>
</condition>

<Node id="73" bw="16" op_0_bw="6">
<![CDATA[
.reset10:18  %buf_2d_out_load = load i16* %buf_2d_out_addr, align 2

]]></Node>
<StgValue><ssdm name="buf_2d_out_load"/></StgValue>
</operation>

<operation id="81" st_id="9" stage="1" lat="1">
<core>NULL</core>
<MemPortIdVec></MemPortIdVec>
<condition id="3">
<or_exp><and_exp><literal name="exitcond_flatten2" val="0"/>
</and_exp></or_exp>
</condition>

<Node id="75" bw="32" op_0_bw="6">
<![CDATA[
.reset10:20  %sum3_i_cast = zext i6 %sum3_i to i32

]]></Node>
<StgValue><ssdm name="sum3_i_cast"/></StgValue>
</operation>

<operation id="82" st_id="9" stage="1" lat="1">
<core>NULL</core>
<MemPortIdVec></MemPortIdVec>
<condition id="3">
<or_exp><and_exp><literal name="exitcond_flatten2" val="0"/>
</and_exp></or_exp>
</condition>

<Node id="76" bw="6" op_0_bw="16" op_1_bw="32" op_2_bw="32">
<![CDATA[
.reset10:21  %output_addr = getelementptr [64 x i16]* %output_r, i32 0, i32 %sum3_i_cast

]]></Node>
<StgValue><ssdm name="output_addr"/></StgValue>
</operation>

<operation id="83" st_id="9" stage="1" lat="1">
<core>RAM</core>
<MemPortIdVec>0 </MemPortIdVec>
<condition id="3">
<or_exp><and_exp><literal name="exitcond_flatten2" val="0"/>
</and_exp></or_exp>
</condition>

<Node id="77" bw="0" op_0_bw="16" op_1_bw="6">
<![CDATA[
.reset10:22  store i16 %buf_2d_out_load, i16* %output_addr, align 2

]]></Node>
<StgValue><ssdm name=""/></StgValue>
</operation>

<operation id="84" st_id="9" stage="1" lat="1">
<core>NULL</core>
<MemPortIdVec></MemPortIdVec>
<condition id="3">
<or_exp><and_exp><literal name="exitcond_flatten2" val="0"/>
</and_exp></or_exp>
</condition>

<Node id="78" bw="32" op_0_bw="32" op_1_bw="0" op_2_bw="32">
<![CDATA[
.reset10:23  %empty_15 = call i32 (...)* @_ssdm_op_SpecRegionEnd([12 x i8]* @p_str12, i32 %tmp_2_i) nounwind

]]></Node>
<StgValue><ssdm name="empty_15"/></StgValue>
</operation>

<operation id="85" st_id="9" stage="1" lat="1">
<core>NULL</core>
<MemPortIdVec></MemPortIdVec>
<condition id="3">
<or_exp><and_exp><literal name="exitcond_flatten2" val="0"/>
</and_exp></or_exp>
</condition>

<Node id="80" bw="0" op_0_bw="0">
<![CDATA[
.reset10:25  br label %2

]]></Node>
<StgValue><ssdm name=""/></StgValue>
</operation>
</state>

<state id="10" st_id="10">

<operation id="86" st_id="10" stage="1" lat="1">
<core>NULL</core>
<MemPortIdVec></MemPortIdVec>
<condition id="43">
<or_exp><and_exp></and_exp></or_exp>
</condition>

<Node id="82" bw="0">
<![CDATA[
write_data.exit:0  ret void

]]></Node>
<StgValue><ssdm name=""/></StgValue>
</operation>
</state>
</state_list>


<ports>
<port id="110" name="input_r" dir="0" iftype="1">
<core>RAM</core><StgValue><ssdm name="input_r"/><MemPortTyVec>1 3 </MemPortTyVec>
</StgValue>
</port>
<port id="111" name="output_r" dir="1" iftype="1">
<core>RAM</core><StgValue><ssdm name="output_r"/><MemPortTyVec>0 3 </MemPortTyVec>
</StgValue>
</port>
<port id="112" name="dct_coeff_table" dir="0" iftype="1">
<core>ROM_nP</core><StgValue><ssdm name="dct_coeff_table"/><MemPortTyVec>1 </MemPortTyVec>
</StgValue>
</port>
</ports>


<dataflows>
<dataflow id="114" from="_ssdm_op_SpecBitsMap" to="StgValue_11" fromId="113" toId="11">
</dataflow>
<dataflow id="115" from="input_r" to="StgValue_11" fromId="110" toId="11">
</dataflow>
<dataflow id="116" from="_ssdm_op_SpecBitsMap" to="StgValue_12" fromId="113" toId="12">
</dataflow>
<dataflow id="117" from="output_r" to="StgValue_12" fromId="111" toId="12">
</dataflow>
<dataflow id="119" from="_ssdm_op_SpecTopModule" to="StgValue_13" fromId="118" toId="13">
</dataflow>
<dataflow id="121" from="dct_str" to="StgValue_13" fromId="120" toId="13">
</dataflow>
<dataflow id="123" from="StgValue_122" to="buf_2d_in" fromId="122" toId="14">
</dataflow>
<dataflow id="124" from="StgValue_122" to="buf_2d_out" fromId="122" toId="15">
</dataflow>
<dataflow id="126" from="StgValue_125" to="indvar_flatten" fromId="125" toId="17">
<condition id="81">
<or_exp><and_exp></and_exp></or_exp>
</condition>
</dataflow>
<dataflow id="127" from="StgValue_16" to="indvar_flatten" fromId="16" toId="17">
</dataflow>
<dataflow id="128" from="indvar_flatten_next" to="indvar_flatten" fromId="21" toId="17">
<BackEdge/>
<condition id="82">
<or_exp><and_exp><literal name="exitcond_flatten" val="0"/>
</and_exp></or_exp>
</condition>
</dataflow>
<dataflow id="129" from="StgValue_49" to="indvar_flatten" fromId="49" toId="17">
<BackEdge/>
</dataflow>
<dataflow id="131" from="StgValue_130" to="r_i" fromId="130" toId="18">
<condition id="83">
<or_exp><and_exp></and_exp></or_exp>
</condition>
</dataflow>
<dataflow id="132" from="StgValue_16" to="r_i" fromId="16" toId="18">
</dataflow>
<dataflow id="133" from="r_i_cast8_mid2_v" to="r_i" fromId="26" toId="18">
<BackEdge/>
<condition id="84">
<or_exp><and_exp><literal name="exitcond_flatten" val="0"/>
</and_exp></or_exp>
</condition>
</dataflow>
<dataflow id="134" from="StgValue_49" to="r_i" fromId="49" toId="18">
<BackEdge/>
</dataflow>
<dataflow id="135" from="StgValue_130" to="c_i" fromId="130" toId="19">
<condition id="85">
<or_exp><and_exp></and_exp></or_exp>
</condition>
</dataflow>
<dataflow id="136" from="StgValue_16" to="c_i" fromId="16" toId="19">
</dataflow>
<dataflow id="137" from="c" to="c_i" fromId="34" toId="19">
<BackEdge/>
<condition id="86">
<or_exp><and_exp><literal name="exitcond_flatten" val="0"/>
</and_exp></or_exp>
</condition>
</dataflow>
<dataflow id="138" from="StgValue_49" to="c_i" fromId="49" toId="19">
<BackEdge/>
</dataflow>
<dataflow id="139" from="indvar_flatten" to="exitcond_flatten" fromId="17" toId="20">
</dataflow>
<dataflow id="141" from="StgValue_140" to="exitcond_flatten" fromId="140" toId="20">
</dataflow>
<dataflow id="142" from="indvar_flatten" to="indvar_flatten_next" fromId="17" toId="21">
</dataflow>
<dataflow id="144" from="StgValue_143" to="indvar_flatten_next" fromId="143" toId="21">
</dataflow>
<dataflow id="145" from="exitcond_flatten" to="StgValue_22" fromId="20" toId="22">
</dataflow>
<dataflow id="147" from="StgValue_146" to="r" fromId="146" toId="23">
</dataflow>
<dataflow id="148" from="r_i" to="r" fromId="18" toId="23">
</dataflow>
<dataflow id="149" from="c_i" to="exitcond_i" fromId="19" toId="24">
</dataflow>
<dataflow id="151" from="StgValue_150" to="exitcond_i" fromId="150" toId="24">
</dataflow>
<dataflow id="152" from="exitcond_i" to="c_i_mid2" fromId="24" toId="25">
</dataflow>
<dataflow id="153" from="StgValue_130" to="c_i_mid2" fromId="130" toId="25">
</dataflow>
<dataflow id="154" from="c_i" to="c_i_mid2" fromId="19" toId="25">
</dataflow>
<dataflow id="155" from="exitcond_i" to="r_i_cast8_mid2_v" fromId="24" toId="26">
</dataflow>
<dataflow id="156" from="r" to="r_i_cast8_mid2_v" fromId="23" toId="26">
</dataflow>
<dataflow id="157" from="r_i" to="r_i_cast8_mid2_v" fromId="18" toId="26">
</dataflow>
<dataflow id="158" from="r_i_cast8_mid2_v" to="tmp_3" fromId="26" toId="27">
</dataflow>
<dataflow id="160" from="_ssdm_op_BitConcatenate.i6.i3.i3" to="tmp_i_mid2" fromId="159" toId="28">
</dataflow>
<dataflow id="161" from="tmp_3" to="tmp_i_mid2" fromId="27" toId="28">
</dataflow>
<dataflow id="163" from="StgValue_162" to="tmp_i_mid2" fromId="162" toId="28">
</dataflow>
<dataflow id="164" from="c_i_mid2" to="c_i_cast6" fromId="25" toId="29">
</dataflow>
<dataflow id="165" from="tmp_i_mid2" to="sum_i" fromId="28" toId="30">
</dataflow>
<dataflow id="166" from="c_i_cast6" to="sum_i" fromId="29" toId="30">
</dataflow>
<dataflow id="167" from="sum_i" to="sum_i_cast" fromId="30" toId="31">
</dataflow>
<dataflow id="168" from="input_r" to="input_addr" fromId="110" toId="32">
</dataflow>
<dataflow id="170" from="StgValue_169" to="input_addr" fromId="169" toId="32">
</dataflow>
<dataflow id="171" from="sum_i_cast" to="input_addr" fromId="31" toId="32">
</dataflow>
<dataflow id="172" from="input_addr" to="input_load" fromId="32" toId="33">
</dataflow>
<dataflow id="173" from="StgValue_146" to="c" fromId="146" toId="34">
</dataflow>
<dataflow id="174" from="c_i_mid2" to="c" fromId="25" toId="34">
</dataflow>
<dataflow id="176" from="_ssdm_op_SpecLoopName" to="StgValue_35" fromId="175" toId="35">
</dataflow>
<dataflow id="178" from="RD_Loop_Row_RD_Loop_s" to="StgValue_35" fromId="177" toId="35">
</dataflow>
<dataflow id="180" from="_ssdm_op_SpecLoopTripCount" to="empty" fromId="179" toId="36">
</dataflow>
<dataflow id="182" from="StgValue_181" to="empty" fromId="181" toId="36">
</dataflow>
<dataflow id="183" from="StgValue_181" to="empty" fromId="181" toId="36">
</dataflow>
<dataflow id="184" from="StgValue_181" to="empty" fromId="181" toId="36">
</dataflow>
<dataflow id="186" from="_ssdm_op_BitConcatenate.i7.i4.i3" to="tmp" fromId="185" toId="37">
</dataflow>
<dataflow id="187" from="r_i_cast8_mid2_v" to="tmp" fromId="26" toId="37">
</dataflow>
<dataflow id="188" from="StgValue_162" to="tmp" fromId="162" toId="37">
</dataflow>
<dataflow id="189" from="tmp" to="tmp_26_cast" fromId="37" toId="38">
</dataflow>
<dataflow id="190" from="c_i_mid2" to="c_i_cast5_cast" fromId="25" toId="39">
</dataflow>
<dataflow id="191" from="tmp_26_cast" to="tmp_s" fromId="38" toId="40">
</dataflow>
<dataflow id="192" from="c_i_cast5_cast" to="tmp_s" fromId="39" toId="40">
</dataflow>
<dataflow id="193" from="tmp_s" to="tmp_28_cast" fromId="40" toId="41">
</dataflow>
<dataflow id="194" from="buf_2d_in" to="buf_2d_in_addr" fromId="14" toId="42">
</dataflow>
<dataflow id="195" from="StgValue_169" to="buf_2d_in_addr" fromId="169" toId="42">
</dataflow>
<dataflow id="196" from="tmp_28_cast" to="buf_2d_in_addr" fromId="41" toId="42">
</dataflow>
<dataflow id="197" from="_ssdm_op_SpecLoopName" to="StgValue_43" fromId="175" toId="43">
</dataflow>
<dataflow id="199" from="p_str10" to="StgValue_43" fromId="198" toId="43">
</dataflow>
<dataflow id="201" from="_ssdm_op_SpecRegionBegin" to="tmp_4_i" fromId="200" toId="44">
</dataflow>
<dataflow id="202" from="p_str10" to="tmp_4_i" fromId="198" toId="44">
</dataflow>
<dataflow id="204" from="_ssdm_op_SpecPipeline" to="StgValue_45" fromId="203" toId="45">
</dataflow>
<dataflow id="206" from="StgValue_205" to="StgValue_45" fromId="205" toId="45">
</dataflow>
<dataflow id="207" from="StgValue_122" to="StgValue_45" fromId="122" toId="45">
</dataflow>
<dataflow id="208" from="StgValue_122" to="StgValue_45" fromId="122" toId="45">
</dataflow>
<dataflow id="209" from="StgValue_169" to="StgValue_45" fromId="169" toId="45">
</dataflow>
<dataflow id="211" from="p_str2" to="StgValue_45" fromId="210" toId="45">
</dataflow>
<dataflow id="212" from="input_addr" to="input_load" fromId="32" toId="46">
</dataflow>
<dataflow id="213" from="input_load" to="StgValue_47" fromId="46" toId="47">
</dataflow>
<dataflow id="214" from="buf_2d_in_addr" to="StgValue_47" fromId="42" toId="47">
</dataflow>
<dataflow id="216" from="_ssdm_op_SpecRegionEnd" to="empty_13" fromId="215" toId="48">
</dataflow>
<dataflow id="217" from="p_str10" to="empty_13" fromId="198" toId="48">
</dataflow>
<dataflow id="218" from="tmp_4_i" to="empty_13" fromId="44" toId="48">
</dataflow>
<dataflow id="220" from="dct_2d" to="StgValue_50" fromId="219" toId="50">
</dataflow>
<dataflow id="221" from="buf_2d_in" to="StgValue_50" fromId="14" toId="50">
</dataflow>
<dataflow id="222" from="buf_2d_out" to="StgValue_50" fromId="15" toId="50">
</dataflow>
<dataflow id="223" from="dct_coeff_table" to="StgValue_50" fromId="112" toId="50">
</dataflow>
<dataflow id="224" from="dct_2d" to="StgValue_51" fromId="219" toId="51">
</dataflow>
<dataflow id="225" from="buf_2d_in" to="StgValue_51" fromId="14" toId="51">
</dataflow>
<dataflow id="226" from="buf_2d_out" to="StgValue_51" fromId="15" toId="51">
</dataflow>
<dataflow id="227" from="dct_coeff_table" to="StgValue_51" fromId="112" toId="51">
</dataflow>
<dataflow id="228" from="StgValue_125" to="indvar_flatten2" fromId="125" toId="53">
<condition id="87">
<or_exp><and_exp></and_exp></or_exp>
</condition>
</dataflow>
<dataflow id="229" from="StgValue_52" to="indvar_flatten2" fromId="52" toId="53">
</dataflow>
<dataflow id="230" from="indvar_flatten_next2" to="indvar_flatten2" fromId="57" toId="53">
<BackEdge/>
<condition id="88">
<or_exp><and_exp><literal name="exitcond_flatten2" val="0"/>
</and_exp></or_exp>
</condition>
</dataflow>
<dataflow id="231" from="StgValue_85" to="indvar_flatten2" fromId="85" toId="53">
<BackEdge/>
</dataflow>
<dataflow id="232" from="StgValue_130" to="r_i2" fromId="130" toId="54">
<condition id="89">
<or_exp><and_exp></and_exp></or_exp>
</condition>
</dataflow>
<dataflow id="233" from="StgValue_52" to="r_i2" fromId="52" toId="54">
</dataflow>
<dataflow id="234" from="r_i2_cast4_mid2_v" to="r_i2" fromId="62" toId="54">
<BackEdge/>
<condition id="90">
<or_exp><and_exp><literal name="exitcond_flatten2" val="0"/>
</and_exp></or_exp>
</condition>
</dataflow>
<dataflow id="235" from="StgValue_85" to="r_i2" fromId="85" toId="54">
<BackEdge/>
</dataflow>
<dataflow id="236" from="StgValue_130" to="c_i5" fromId="130" toId="55">
<condition id="91">
<or_exp><and_exp></and_exp></or_exp>
</condition>
</dataflow>
<dataflow id="237" from="StgValue_52" to="c_i5" fromId="52" toId="55">
</dataflow>
<dataflow id="238" from="c_1" to="c_i5" fromId="74" toId="55">
<BackEdge/>
<condition id="92">
<or_exp><and_exp><literal name="exitcond_flatten2" val="0"/>
</and_exp></or_exp>
</condition>
</dataflow>
<dataflow id="239" from="StgValue_85" to="c_i5" fromId="85" toId="55">
<BackEdge/>
</dataflow>
<dataflow id="240" from="indvar_flatten2" to="exitcond_flatten2" fromId="53" toId="56">
</dataflow>
<dataflow id="241" from="StgValue_140" to="exitcond_flatten2" fromId="140" toId="56">
</dataflow>
<dataflow id="242" from="indvar_flatten2" to="indvar_flatten_next2" fromId="53" toId="57">
</dataflow>
<dataflow id="243" from="StgValue_143" to="indvar_flatten_next2" fromId="143" toId="57">
</dataflow>
<dataflow id="244" from="exitcond_flatten2" to="StgValue_58" fromId="56" toId="58">
</dataflow>
<dataflow id="245" from="StgValue_146" to="r_1" fromId="146" toId="59">
</dataflow>
<dataflow id="246" from="r_i2" to="r_1" fromId="54" toId="59">
</dataflow>
<dataflow id="247" from="c_i5" to="exitcond_i1" fromId="55" toId="60">
</dataflow>
<dataflow id="248" from="StgValue_150" to="exitcond_i1" fromId="150" toId="60">
</dataflow>
<dataflow id="249" from="exitcond_i1" to="c_i5_mid2" fromId="60" toId="61">
</dataflow>
<dataflow id="250" from="StgValue_130" to="c_i5_mid2" fromId="130" toId="61">
</dataflow>
<dataflow id="251" from="c_i5" to="c_i5_mid2" fromId="55" toId="61">
</dataflow>
<dataflow id="252" from="exitcond_i1" to="r_i2_cast4_mid2_v" fromId="60" toId="62">
</dataflow>
<dataflow id="253" from="r_1" to="r_i2_cast4_mid2_v" fromId="59" toId="62">
</dataflow>
<dataflow id="254" from="r_i2" to="r_i2_cast4_mid2_v" fromId="54" toId="62">
</dataflow>
<dataflow id="255" from="r_i2_cast4_mid2_v" to="tmp_4" fromId="62" toId="63">
</dataflow>
<dataflow id="256" from="_ssdm_op_BitConcatenate.i7.i4.i3" to="tmp_19" fromId="185" toId="64">
</dataflow>
<dataflow id="257" from="r_i2_cast4_mid2_v" to="tmp_19" fromId="62" toId="64">
</dataflow>
<dataflow id="258" from="StgValue_162" to="tmp_19" fromId="162" toId="64">
</dataflow>
<dataflow id="259" from="tmp_19" to="tmp_30_cast" fromId="64" toId="65">
</dataflow>
<dataflow id="260" from="_ssdm_op_BitConcatenate.i6.i3.i3" to="tmp_i4_mid2" fromId="159" toId="66">
</dataflow>
<dataflow id="261" from="tmp_4" to="tmp_i4_mid2" fromId="63" toId="66">
</dataflow>
<dataflow id="262" from="StgValue_162" to="tmp_i4_mid2" fromId="162" toId="66">
</dataflow>
<dataflow id="263" from="c_i5_mid2" to="c_i5_cast2" fromId="61" toId="67">
</dataflow>
<dataflow id="264" from="c_i5_mid2" to="c_i5_cast1_cast" fromId="61" toId="68">
</dataflow>
<dataflow id="265" from="tmp_30_cast" to="tmp_20" fromId="65" toId="69">
</dataflow>
<dataflow id="266" from="c_i5_cast1_cast" to="tmp_20" fromId="68" toId="69">
</dataflow>
<dataflow id="267" from="tmp_20" to="tmp_32_cast" fromId="69" toId="70">
</dataflow>
<dataflow id="268" from="buf_2d_out" to="buf_2d_out_addr" fromId="15" toId="71">
</dataflow>
<dataflow id="269" from="StgValue_169" to="buf_2d_out_addr" fromId="169" toId="71">
</dataflow>
<dataflow id="270" from="tmp_32_cast" to="buf_2d_out_addr" fromId="70" toId="71">
</dataflow>
<dataflow id="271" from="buf_2d_out_addr" to="buf_2d_out_load" fromId="71" toId="72">
</dataflow>
<dataflow id="272" from="tmp_i4_mid2" to="sum3_i" fromId="66" toId="73">
</dataflow>
<dataflow id="273" from="c_i5_cast2" to="sum3_i" fromId="67" toId="73">
</dataflow>
<dataflow id="274" from="StgValue_146" to="c_1" fromId="146" toId="74">
</dataflow>
<dataflow id="275" from="c_i5_mid2" to="c_1" fromId="61" toId="74">
</dataflow>
<dataflow id="276" from="_ssdm_op_SpecLoopName" to="StgValue_75" fromId="175" toId="75">
</dataflow>
<dataflow id="278" from="WR_Loop_Row_WR_Loop_s" to="StgValue_75" fromId="277" toId="75">
</dataflow>
<dataflow id="279" from="_ssdm_op_SpecLoopTripCount" to="empty_14" fromId="179" toId="76">
</dataflow>
<dataflow id="280" from="StgValue_181" to="empty_14" fromId="181" toId="76">
</dataflow>
<dataflow id="281" from="StgValue_181" to="empty_14" fromId="181" toId="76">
</dataflow>
<dataflow id="282" from="StgValue_181" to="empty_14" fromId="181" toId="76">
</dataflow>
<dataflow id="283" from="_ssdm_op_SpecLoopName" to="StgValue_77" fromId="175" toId="77">
</dataflow>
<dataflow id="285" from="p_str12" to="StgValue_77" fromId="284" toId="77">
</dataflow>
<dataflow id="286" from="_ssdm_op_SpecRegionBegin" to="tmp_2_i" fromId="200" toId="78">
</dataflow>
<dataflow id="287" from="p_str12" to="tmp_2_i" fromId="284" toId="78">
</dataflow>
<dataflow id="288" from="_ssdm_op_SpecPipeline" to="StgValue_79" fromId="203" toId="79">
</dataflow>
<dataflow id="289" from="StgValue_205" to="StgValue_79" fromId="205" toId="79">
</dataflow>
<dataflow id="290" from="StgValue_122" to="StgValue_79" fromId="122" toId="79">
</dataflow>
<dataflow id="291" from="StgValue_122" to="StgValue_79" fromId="122" toId="79">
</dataflow>
<dataflow id="292" from="StgValue_169" to="StgValue_79" fromId="169" toId="79">
</dataflow>
<dataflow id="293" from="p_str2" to="StgValue_79" fromId="210" toId="79">
</dataflow>
<dataflow id="294" from="buf_2d_out_addr" to="buf_2d_out_load" fromId="71" toId="80">
</dataflow>
<dataflow id="295" from="sum3_i" to="sum3_i_cast" fromId="73" toId="81">
</dataflow>
<dataflow id="296" from="output_r" to="output_addr" fromId="111" toId="82">
</dataflow>
<dataflow id="297" from="StgValue_169" to="output_addr" fromId="169" toId="82">
</dataflow>
<dataflow id="298" from="sum3_i_cast" to="output_addr" fromId="81" toId="82">
</dataflow>
<dataflow id="299" from="buf_2d_out_load" to="StgValue_83" fromId="80" toId="83">
</dataflow>
<dataflow id="300" from="output_addr" to="StgValue_83" fromId="82" toId="83">
</dataflow>
<dataflow id="301" from="_ssdm_op_SpecRegionEnd" to="empty_15" fromId="215" toId="84">
</dataflow>
<dataflow id="302" from="p_str12" to="empty_15" fromId="284" toId="84">
</dataflow>
<dataflow id="303" from="tmp_2_i" to="empty_15" fromId="78" toId="84">
</dataflow>
<dataflow id="304" from="exitcond_flatten" to="StgValue_2" fromId="20" toId="2">
</dataflow>
<dataflow id="305" from="exitcond_flatten" to="StgValue_3" fromId="20" toId="3">
</dataflow>
<dataflow id="306" from="exitcond_flatten" to="StgValue_4" fromId="20" toId="4">
</dataflow>
<dataflow id="307" from="exitcond_flatten2" to="StgValue_7" fromId="56" toId="7">
</dataflow>
<dataflow id="308" from="exitcond_flatten2" to="StgValue_8" fromId="56" toId="8">
</dataflow>
<dataflow id="309" from="exitcond_flatten2" to="StgValue_9" fromId="56" toId="9">
</dataflow>
</dataflows>


</stg>
