<profile>

<section name = "Vivado HLS Report for 'dct'" level="0">
<item name = "Date">Wed Apr 19 18:25:37 2023
</item>
<item name = "Version">2017.2 (Build 1909853 on Thu Jun 15 18:55:24 MDT 2017)</item>
<item name = "Project">dct.pr</item>
<item name = "Solution">solution4</item>
<item name = "Product family">zynq</item>
<item name = "Target device">xc7z010clg400-1</item>
</section>

<section name = "Performance Estimates" level="0">
<item name = "Timing (ns)">
<section name = "" level="1">
<item name = "Summary"><table name="" hasTotal="0">
<keys size="4">Clock, Target, Estimated, Uncertainty</keys>
<column name="ap_clk">8.00, 9.40, 1.00</column>
</table>
</item>
</section>
</item>
<item name = "Latency (clock cycles)">
<section name = "" level="1">
<item name = "Summary"><table name="" hasTotal="0">
<keys size="6">, min, max, min, max, Type</keys>
<column name="">529, 529, 530, 530, none</column>
</table>
</item>
<item name = "Detail">
<section name = "" level="1">
<item name = "Instance"><table name="" hasTotal="0">
<keys size="7">Instance, Module, min, max, min, max, Type</keys>
<column name="grp_dct_2d_fu_165">dct_2d, 392, 392, 392, 392, none</column>
<column name="grp_read_data_fu_194">read_data, 67, 67, 67, 67, none</column>
</table>
</item>
<item name = "Loop"><table name="" hasTotal="0">
<keys size="8">Loop Name, min, max, Latency, achieved, target, Count, Pipelined</keys>
<column name="- WR_Loop_Row_WR_Loop_Col">65, 65, 3, 1, 1, 64, yes</column>
</table>
</item>
</section>
</item>
</section>
</item>
</section>

<section name = "Utilization Estimates" level="0">
<item name = "Summary"><table name="" hasTotal="1">
<keys size="5">Name, BRAM_18K, DSP48E, FF, LUT</keys>
<column name="DSP">-, -, -, -</column>
<column name="Expression">-, -, 112, 72</column>
<column name="FIFO">-, -, -, -</column>
<column name="Instance">2, 8, 1598, 1303</column>
<column name="Memory">1, -, 256, 16</column>
<column name="Multiplexer">-, -, -, 454</column>
<column name="Register">-, -, 45, -</column>
<specialColumn name="Available">120, 80, 35200, 17600</specialColumn>
<specialColumn name="Utilization (%)">2, 10, 5, 10</specialColumn>
</table>
</item>
<item name = "Detail">
<section name = "" level="1">
<item name = "Instance"><table name="" hasTotal="1">
<keys size="6">Instance, Module, BRAM_18K, DSP48E, FF, LUT</keys>
<column name="grp_dct_2d_fu_165">dct_2d, 2, 8, 1472, 1160</column>
<column name="grp_read_data_fu_194">read_data, 0, 0, 126, 143</column>
</table>
</item>
<item name = "DSP48"><table name="" hasTotal="0">
<keys size="3">Instance, Module, Expression</keys>
</table>
</item>
<item name = "Memory"><table name="" hasTotal="1">
<keys size="9">Memory, Module, BRAM_18K, FF, LUT, Words, Bits, Banks, W*Bits*Banks</keys>
<column name="buf_2d_in_0_U">dct_2d_col_inbuf_0, 0, 32, 2, 8, 16, 1, 128</column>
<column name="buf_2d_in_1_U">dct_2d_col_inbuf_0, 0, 32, 2, 8, 16, 1, 128</column>
<column name="buf_2d_in_2_U">dct_2d_col_inbuf_0, 0, 32, 2, 8, 16, 1, 128</column>
<column name="buf_2d_in_3_U">dct_2d_col_inbuf_0, 0, 32, 2, 8, 16, 1, 128</column>
<column name="buf_2d_in_4_U">dct_2d_col_inbuf_0, 0, 32, 2, 8, 16, 1, 128</column>
<column name="buf_2d_in_5_U">dct_2d_col_inbuf_0, 0, 32, 2, 8, 16, 1, 128</column>
<column name="buf_2d_in_6_U">dct_2d_col_inbuf_0, 0, 32, 2, 8, 16, 1, 128</column>
<column name="buf_2d_in_7_U">dct_2d_col_inbuf_0, 0, 32, 2, 8, 16, 1, 128</column>
<column name="buf_2d_out_U">dct_2d_row_outbuf, 1, 0, 0, 64, 16, 1, 1024</column>
</table>
</item>
<item name = "FIFO"><table name="" hasTotal="1">
<keys size="7">Name, BRAM_18K, FF, LUT, Depth, Bits, Size:D*B</keys>
</table>
</item>
<item name = "Expression"><table name="" hasTotal="1">
<keys size="7">Variable Name, Operation, DSP48E, FF, LUT, Bitwidth P0, Bitwidth P1</keys>
<column name="c_fu_301_p2">+, 0, 17, 9, 1, 4</column>
<column name="indvar_flatten_next_fu_222_p2">+, 0, 26, 12, 7, 1</column>
<column name="r_fu_228_p2">+, 0, 17, 9, 1, 4</column>
<column name="sum3_i_fu_295_p2">+, 0, 23, 11, 6, 6</column>
<column name="tmp_s_fu_284_p2">+, 0, 29, 13, 8, 8</column>
<column name="exitcond_flatten_fu_216_p2">icmp, 0, 0, 4, 7, 8</column>
<column name="exitcond_i3_fu_234_p2">icmp, 0, 0, 2, 4, 5</column>
<column name="c_i_mid2_fu_240_p3">select, 0, 0, 4, 1, 1</column>
<column name="r_i_cast4_mid2_v_fu_248_p3">select, 0, 0, 4, 1, 4</column>
<column name="ap_enable_pp0">xor, 0, 0, 2, 1, 2</column>
<column name="ap_enable_reg_pp0_iter1">xor, 0, 0, 2, 1, 2</column>
</table>
</item>
<item name = "Multiplexer"><table name="" hasTotal="1">
<keys size="5">Name, LUT, Input Size, Bits, Total Bits</keys>
<column name="ap_NS_fsm">40, 7, 1, 7</column>
<column name="ap_enable_reg_pp0_iter1">9, 2, 1, 2</column>
<column name="ap_enable_reg_pp0_iter2">9, 2, 1, 2</column>
<column name="buf_2d_in_0_address0">15, 3, 3, 9</column>
<column name="buf_2d_in_0_ce0">15, 3, 1, 3</column>
<column name="buf_2d_in_0_we0">9, 2, 1, 2</column>
<column name="buf_2d_in_1_address0">15, 3, 3, 9</column>
<column name="buf_2d_in_1_ce0">15, 3, 1, 3</column>
<column name="buf_2d_in_1_we0">9, 2, 1, 2</column>
<column name="buf_2d_in_2_address0">15, 3, 3, 9</column>
<column name="buf_2d_in_2_ce0">15, 3, 1, 3</column>
<column name="buf_2d_in_2_we0">9, 2, 1, 2</column>
<column name="buf_2d_in_3_address0">15, 3, 3, 9</column>
<column name="buf_2d_in_3_ce0">15, 3, 1, 3</column>
<column name="buf_2d_in_3_we0">9, 2, 1, 2</column>
<column name="buf_2d_in_4_address0">15, 3, 3, 9</column>
<column name="buf_2d_in_4_ce0">15, 3, 1, 3</column>
<column name="buf_2d_in_4_we0">9, 2, 1, 2</column>
<column name="buf_2d_in_5_address0">15, 3, 3, 9</column>
<column name="buf_2d_in_5_ce0">15, 3, 1, 3</column>
<column name="buf_2d_in_5_we0">9, 2, 1, 2</column>
<column name="buf_2d_in_6_address0">15, 3, 3, 9</column>
<column name="buf_2d_in_6_ce0">15, 3, 1, 3</column>
<column name="buf_2d_in_6_we0">9, 2, 1, 2</column>
<column name="buf_2d_in_7_address0">15, 3, 3, 9</column>
<column name="buf_2d_in_7_ce0">15, 3, 1, 3</column>
<column name="buf_2d_in_7_we0">9, 2, 1, 2</column>
<column name="buf_2d_out_address0">15, 3, 6, 18</column>
<column name="buf_2d_out_ce0">15, 3, 1, 3</column>
<column name="buf_2d_out_we0">9, 2, 1, 2</column>
<column name="c_i_phi_fu_158_p4">9, 2, 4, 8</column>
<column name="c_i_reg_154">9, 2, 4, 8</column>
<column name="indvar_flatten_reg_132">9, 2, 7, 14</column>
<column name="r_i_phi_fu_147_p4">9, 2, 4, 8</column>
<column name="r_i_reg_143">9, 2, 4, 8</column>
</table>
</item>
<item name = "Register"><table name="" hasTotal="1">
<keys size="5">Name, FF, LUT, Bits, Const Bits</keys>
<column name="ap_CS_fsm">6, 0, 6, 0</column>
<column name="ap_enable_reg_pp0_iter0">1, 0, 1, 0</column>
<column name="ap_enable_reg_pp0_iter1">1, 0, 1, 0</column>
<column name="ap_enable_reg_pp0_iter2">1, 0, 1, 0</column>
<column name="ap_reg_grp_dct_2d_fu_165_ap_start">1, 0, 1, 0</column>
<column name="ap_reg_grp_read_data_fu_194_ap_start">1, 0, 1, 0</column>
<column name="ap_reg_pp0_iter1_exitcond_flatten_reg_310">1, 0, 1, 0</column>
<column name="c_i_mid2_reg_319">4, 0, 4, 0</column>
<column name="c_i_reg_154">4, 0, 4, 0</column>
<column name="exitcond_flatten_reg_310">1, 0, 1, 0</column>
<column name="indvar_flatten_reg_132">7, 0, 7, 0</column>
<column name="r_i_cast4_mid2_v_reg_326">4, 0, 4, 0</column>
<column name="r_i_reg_143">4, 0, 4, 0</column>
<column name="sum3_i_reg_342">6, 0, 6, 0</column>
<column name="tmp_3_reg_332">3, 0, 3, 0</column>
</table>
</item>
</section>
</item>
</section>

<section name = "Interface" level="0">
<item name = "Summary"><table name="" hasTotal="0">
<keys size="6">RTL Ports, Dir, Bits, Protocol, Source Object, C Type</keys>
<column name="ap_clk">in, 1, ap_ctrl_hs, dct, return value</column>
<column name="ap_rst">in, 1, ap_ctrl_hs, dct, return value</column>
<column name="ap_start">in, 1, ap_ctrl_hs, dct, return value</column>
<column name="ap_done">out, 1, ap_ctrl_hs, dct, return value</column>
<column name="ap_idle">out, 1, ap_ctrl_hs, dct, return value</column>
<column name="ap_ready">out, 1, ap_ctrl_hs, dct, return value</column>
<column name="input_r_address0">out, 6, ap_memory, input_r, array</column>
<column name="input_r_ce0">out, 1, ap_memory, input_r, array</column>
<column name="input_r_q0">in, 16, ap_memory, input_r, array</column>
<column name="output_r_address0">out, 6, ap_memory, output_r, array</column>
<column name="output_r_ce0">out, 1, ap_memory, output_r, array</column>
<column name="output_r_we0">out, 1, ap_memory, output_r, array</column>
<column name="output_r_d0">out, 16, ap_memory, output_r, array</column>
</table>
</item>
</section>
</profile>
