<stg><name>dct</name>


<trans_list>

<trans id="60" from="1" to="2">
<condition id="25">
<or_exp><and_exp></and_exp></or_exp>
</condition>
</trans>

<trans id="61" from="2" to="3">
<condition id="26">
<or_exp><and_exp></and_exp></or_exp>
</condition>
</trans>

<trans id="62" from="3" to="4">
<condition id="27">
<or_exp><and_exp></and_exp></or_exp>
</condition>
</trans>

<trans id="63" from="4" to="5">
<condition id="29">
<or_exp><and_exp></and_exp></or_exp>
</condition>
</trans>

<trans id="72" from="5" to="8">
<condition id="37">
<or_exp><and_exp><literal name="exitcond_flatten" val="1"/>
</and_exp></or_exp>
</condition>
</trans>

<trans id="73" from="5" to="6">
<condition id="40">
<or_exp><and_exp><literal name="exitcond_flatten" val="0"/>
</and_exp></or_exp>
</condition>
</trans>

<trans id="70" from="6" to="7">
<condition id="38">
<or_exp><and_exp></and_exp></or_exp>
</condition>
</trans>

<trans id="71" from="7" to="5">
<condition id="39">
<or_exp><and_exp></and_exp></or_exp>
</condition>
</trans>
</trans_list>



<state_list>

<state id="1" st_id="1">

<operation id="9" st_id="1" stage="1" lat="1">
<core>NULL</core>
<MemPortIdVec></MemPortIdVec>
<condition id="20">
<or_exp><and_exp></and_exp></or_exp>
</condition>

<Node id="14" bw="16" op_0_bw="32">
<![CDATA[
:3  %buf_2d_in_0 = alloca [8 x i16], align 2

]]></Node>
<StgValue><ssdm name="buf_2d_in_0"/><MemPortTyVec>2 3 </MemPortTyVec>
</StgValue>
</operation>

<operation id="10" st_id="1" stage="1" lat="1">
<core>NULL</core>
<MemPortIdVec></MemPortIdVec>
<condition id="20">
<or_exp><and_exp></and_exp></or_exp>
</condition>

<Node id="15" bw="16" op_0_bw="32">
<![CDATA[
:4  %buf_2d_in_1 = alloca [8 x i16], align 2

]]></Node>
<StgValue><ssdm name="buf_2d_in_1"/><MemPortTyVec>2 3 </MemPortTyVec>
</StgValue>
</operation>

<operation id="11" st_id="1" stage="1" lat="1">
<core>NULL</core>
<MemPortIdVec></MemPortIdVec>
<condition id="20">
<or_exp><and_exp></and_exp></or_exp>
</condition>

<Node id="16" bw="16" op_0_bw="32">
<![CDATA[
:5  %buf_2d_in_2 = alloca [8 x i16], align 2

]]></Node>
<StgValue><ssdm name="buf_2d_in_2"/><MemPortTyVec>2 3 </MemPortTyVec>
</StgValue>
</operation>

<operation id="12" st_id="1" stage="1" lat="1">
<core>NULL</core>
<MemPortIdVec></MemPortIdVec>
<condition id="20">
<or_exp><and_exp></and_exp></or_exp>
</condition>

<Node id="17" bw="16" op_0_bw="32">
<![CDATA[
:6  %buf_2d_in_3 = alloca [8 x i16], align 2

]]></Node>
<StgValue><ssdm name="buf_2d_in_3"/><MemPortTyVec>2 3 </MemPortTyVec>
</StgValue>
</operation>

<operation id="13" st_id="1" stage="1" lat="1">
<core>NULL</core>
<MemPortIdVec></MemPortIdVec>
<condition id="20">
<or_exp><and_exp></and_exp></or_exp>
</condition>

<Node id="18" bw="16" op_0_bw="32">
<![CDATA[
:7  %buf_2d_in_4 = alloca [8 x i16], align 2

]]></Node>
<StgValue><ssdm name="buf_2d_in_4"/><MemPortTyVec>2 3 </MemPortTyVec>
</StgValue>
</operation>

<operation id="14" st_id="1" stage="1" lat="1">
<core>NULL</core>
<MemPortIdVec></MemPortIdVec>
<condition id="20">
<or_exp><and_exp></and_exp></or_exp>
</condition>

<Node id="19" bw="16" op_0_bw="32">
<![CDATA[
:8  %buf_2d_in_5 = alloca [8 x i16], align 2

]]></Node>
<StgValue><ssdm name="buf_2d_in_5"/><MemPortTyVec>2 3 </MemPortTyVec>
</StgValue>
</operation>

<operation id="15" st_id="1" stage="1" lat="1">
<core>NULL</core>
<MemPortIdVec></MemPortIdVec>
<condition id="20">
<or_exp><and_exp></and_exp></or_exp>
</condition>

<Node id="20" bw="16" op_0_bw="32">
<![CDATA[
:9  %buf_2d_in_6 = alloca [8 x i16], align 2

]]></Node>
<StgValue><ssdm name="buf_2d_in_6"/><MemPortTyVec>2 3 </MemPortTyVec>
</StgValue>
</operation>

<operation id="16" st_id="1" stage="1" lat="1">
<core>NULL</core>
<MemPortIdVec></MemPortIdVec>
<condition id="20">
<or_exp><and_exp></and_exp></or_exp>
</condition>

<Node id="21" bw="16" op_0_bw="32">
<![CDATA[
:10  %buf_2d_in_7 = alloca [8 x i16], align 2

]]></Node>
<StgValue><ssdm name="buf_2d_in_7"/><MemPortTyVec>2 3 </MemPortTyVec>
</StgValue>
</operation>

<operation id="17" st_id="1" stage="1" lat="1">
<core>RAM</core>
<MemPortIdVec></MemPortIdVec>
<condition id="20">
<or_exp><and_exp></and_exp></or_exp>
</condition>

<Node id="22" bw="16" op_0_bw="32">
<![CDATA[
:11  %buf_2d_out = alloca [64 x i16], align 2

]]></Node>
<StgValue><ssdm name="buf_2d_out"/><MemPortTyVec>2 3 </MemPortTyVec>
</StgValue>
</operation>

<operation id="18" st_id="1" stage="2" lat="2">
<core></core>
<MemPortIdVec></MemPortIdVec>
<condition id="20">
<or_exp><and_exp></and_exp></or_exp>
</condition>

<Node id="23" bw="0" op_0_bw="0" op_1_bw="16" op_2_bw="16" op_3_bw="16" op_4_bw="16" op_5_bw="16" op_6_bw="16" op_7_bw="16" op_8_bw="16" op_9_bw="16">
<![CDATA[
:12  call fastcc void @read_data([64 x i16]* %input_r, [8 x i16]* %buf_2d_in_0, [8 x i16]* %buf_2d_in_1, [8 x i16]* %buf_2d_in_2, [8 x i16]* %buf_2d_in_3, [8 x i16]* %buf_2d_in_4, [8 x i16]* %buf_2d_in_5, [8 x i16]* %buf_2d_in_6, [8 x i16]* %buf_2d_in_7) nounwind

]]></Node>
<StgValue><ssdm name=""/></StgValue>
</operation>
</state>

<state id="2" st_id="2">

<operation id="19" st_id="2" stage="1" lat="2">
<core></core>
<MemPortIdVec></MemPortIdVec>
<condition id="21">
<or_exp><and_exp></and_exp></or_exp>
</condition>

<Node id="23" bw="0" op_0_bw="0" op_1_bw="16" op_2_bw="16" op_3_bw="16" op_4_bw="16" op_5_bw="16" op_6_bw="16" op_7_bw="16" op_8_bw="16" op_9_bw="16">
<![CDATA[
:12  call fastcc void @read_data([64 x i16]* %input_r, [8 x i16]* %buf_2d_in_0, [8 x i16]* %buf_2d_in_1, [8 x i16]* %buf_2d_in_2, [8 x i16]* %buf_2d_in_3, [8 x i16]* %buf_2d_in_4, [8 x i16]* %buf_2d_in_5, [8 x i16]* %buf_2d_in_6, [8 x i16]* %buf_2d_in_7) nounwind

]]></Node>
<StgValue><ssdm name=""/></StgValue>
</operation>
</state>

<state id="3" st_id="3">

<operation id="20" st_id="3" stage="2" lat="2">
<core></core>
<MemPortIdVec></MemPortIdVec>
<condition id="22">
<or_exp><and_exp></and_exp></or_exp>
</condition>

<Node id="24" bw="0" op_0_bw="0" op_1_bw="16" op_2_bw="16" op_3_bw="16" op_4_bw="16" op_5_bw="16" op_6_bw="16" op_7_bw="16" op_8_bw="16" op_9_bw="16">
<![CDATA[
:13  call fastcc void @dct_2d([8 x i16]* %buf_2d_in_0, [8 x i16]* %buf_2d_in_1, [8 x i16]* %buf_2d_in_2, [8 x i16]* %buf_2d_in_3, [8 x i16]* %buf_2d_in_4, [8 x i16]* %buf_2d_in_5, [8 x i16]* %buf_2d_in_6, [8 x i16]* %buf_2d_in_7, [64 x i16]* %buf_2d_out) nounwind

]]></Node>
<StgValue><ssdm name=""/></StgValue>
</operation>
</state>

<state id="4" st_id="4">

<operation id="21" st_id="4" stage="1" lat="1">
<core>NULL</core>
<MemPortIdVec></MemPortIdVec>
<condition id="23">
<or_exp><and_exp></and_exp></or_exp>
</condition>

<Node id="11" bw="0" op_0_bw="0" op_1_bw="16">
<![CDATA[
:0  call void (...)* @_ssdm_op_SpecBitsMap([64 x i16]* %input_r) nounwind, !map !19

]]></Node>
<StgValue><ssdm name=""/></StgValue>
</operation>

<operation id="22" st_id="4" stage="1" lat="1">
<core>NULL</core>
<MemPortIdVec></MemPortIdVec>
<condition id="23">
<or_exp><and_exp></and_exp></or_exp>
</condition>

<Node id="12" bw="0" op_0_bw="0" op_1_bw="16">
<![CDATA[
:1  call void (...)* @_ssdm_op_SpecBitsMap([64 x i16]* %output_r) nounwind, !map !25

]]></Node>
<StgValue><ssdm name=""/></StgValue>
</operation>

<operation id="23" st_id="4" stage="1" lat="1">
<core>NULL</core>
<MemPortIdVec></MemPortIdVec>
<condition id="23">
<or_exp><and_exp></and_exp></or_exp>
</condition>

<Node id="13" bw="0" op_0_bw="0" op_1_bw="0">
<![CDATA[
:2  call void (...)* @_ssdm_op_SpecTopModule([4 x i8]* @dct_str) nounwind

]]></Node>
<StgValue><ssdm name=""/></StgValue>
</operation>

<operation id="24" st_id="4" stage="1" lat="2">
<core></core>
<MemPortIdVec></MemPortIdVec>
<condition id="23">
<or_exp><and_exp></and_exp></or_exp>
</condition>

<Node id="24" bw="0" op_0_bw="0" op_1_bw="16" op_2_bw="16" op_3_bw="16" op_4_bw="16" op_5_bw="16" op_6_bw="16" op_7_bw="16" op_8_bw="16" op_9_bw="16">
<![CDATA[
:13  call fastcc void @dct_2d([8 x i16]* %buf_2d_in_0, [8 x i16]* %buf_2d_in_1, [8 x i16]* %buf_2d_in_2, [8 x i16]* %buf_2d_in_3, [8 x i16]* %buf_2d_in_4, [8 x i16]* %buf_2d_in_5, [8 x i16]* %buf_2d_in_6, [8 x i16]* %buf_2d_in_7, [64 x i16]* %buf_2d_out) nounwind

]]></Node>
<StgValue><ssdm name=""/></StgValue>
</operation>

<operation id="25" st_id="4" stage="1" lat="1">
<core>NULL</core>
<MemPortIdVec></MemPortIdVec>
<condition id="23">
<or_exp><and_exp></and_exp></or_exp>
</condition>

<Node id="25" bw="0" op_0_bw="0">
<![CDATA[
:14  br label %1

]]></Node>
<StgValue><ssdm name=""/></StgValue>
</operation>
</state>

<state id="5" st_id="5">

<operation id="26" st_id="5" stage="1" lat="1">
<core>NULL</core>
<MemPortIdVec></MemPortIdVec>
<condition id="-1">
<or_exp><and_exp></and_exp></or_exp>
</condition>

<Node id="27" bw="7" op_0_bw="7" op_1_bw="0">
<![CDATA[
:0  %indvar_flatten = phi i7 [ 0, %0 ], [ %indvar_flatten_next, %.reset ]

]]></Node>
<StgValue><ssdm name="indvar_flatten"/></StgValue>
</operation>

<operation id="27" st_id="5" stage="1" lat="1">
<core>NULL</core>
<MemPortIdVec></MemPortIdVec>
<condition id="-1">
<or_exp><and_exp></and_exp></or_exp>
</condition>

<Node id="28" bw="4" op_0_bw="4" op_1_bw="0">
<![CDATA[
:1  %r_i = phi i4 [ 0, %0 ], [ %r_i_cast4_mid2_v, %.reset ]

]]></Node>
<StgValue><ssdm name="r_i"/></StgValue>
</operation>

<operation id="28" st_id="5" stage="1" lat="1">
<core>NULL</core>
<MemPortIdVec></MemPortIdVec>
<condition id="-1">
<or_exp><and_exp></and_exp></or_exp>
</condition>

<Node id="29" bw="4" op_0_bw="4" op_1_bw="0">
<![CDATA[
:2  %c_i = phi i4 [ 0, %0 ], [ %c, %.reset ]

]]></Node>
<StgValue><ssdm name="c_i"/></StgValue>
</operation>

<operation id="29" st_id="5" stage="1" lat="1">
<core>Cmp</core>
<MemPortIdVec></MemPortIdVec>
<condition id="-1">
<or_exp><and_exp></and_exp></or_exp>
</condition>

<Node id="30" bw="1" op_0_bw="7" op_1_bw="7">
<![CDATA[
:3  %exitcond_flatten = icmp eq i7 %indvar_flatten, -64

]]></Node>
<StgValue><ssdm name="exitcond_flatten"/></StgValue>
</operation>

<operation id="30" st_id="5" stage="1" lat="1">
<core>AddSub</core>
<MemPortIdVec></MemPortIdVec>
<condition id="-1">
<or_exp><and_exp></and_exp></or_exp>
</condition>

<Node id="31" bw="7" op_0_bw="7" op_1_bw="7">
<![CDATA[
:4  %indvar_flatten_next = add i7 %indvar_flatten, 1

]]></Node>
<StgValue><ssdm name="indvar_flatten_next"/></StgValue>
</operation>

<operation id="31" st_id="5" stage="1" lat="1">
<core>NULL</core>
<MemPortIdVec></MemPortIdVec>
<condition id="-1">
<or_exp><and_exp></and_exp></or_exp>
</condition>

<Node id="32" bw="0" op_0_bw="1" op_1_bw="0" op_2_bw="0">
<![CDATA[
:5  br i1 %exitcond_flatten, label %write_data.exit, label %.reset

]]></Node>
<StgValue><ssdm name=""/></StgValue>
</operation>

<operation id="32" st_id="5" stage="1" lat="1">
<core>AddSub</core>
<MemPortIdVec></MemPortIdVec>
<condition id="0">
<or_exp><and_exp><literal name="exitcond_flatten" val="0"/>
</and_exp></or_exp>
</condition>

<Node id="34" bw="4" op_0_bw="4" op_1_bw="4">
<![CDATA[
.reset:0  %r = add i4 1, %r_i

]]></Node>
<StgValue><ssdm name="r"/></StgValue>
</operation>

<operation id="33" st_id="5" stage="1" lat="1">
<core>Cmp</core>
<MemPortIdVec></MemPortIdVec>
<condition id="0">
<or_exp><and_exp><literal name="exitcond_flatten" val="0"/>
</and_exp></or_exp>
</condition>

<Node id="37" bw="1" op_0_bw="4" op_1_bw="4">
<![CDATA[
.reset:3  %exitcond_i3 = icmp eq i4 %c_i, -8

]]></Node>
<StgValue><ssdm name="exitcond_i3"/></StgValue>
</operation>

<operation id="34" st_id="5" stage="1" lat="1">
<core>Sel</core>
<MemPortIdVec></MemPortIdVec>
<condition id="0">
<or_exp><and_exp><literal name="exitcond_flatten" val="0"/>
</and_exp></or_exp>
</condition>

<Node id="38" bw="4" op_0_bw="1" op_1_bw="4" op_2_bw="4">
<![CDATA[
.reset:4  %c_i_mid2 = select i1 %exitcond_i3, i4 0, i4 %c_i

]]></Node>
<StgValue><ssdm name="c_i_mid2"/></StgValue>
</operation>

<operation id="35" st_id="5" stage="1" lat="1">
<core>Sel</core>
<MemPortIdVec></MemPortIdVec>
<condition id="0">
<or_exp><and_exp><literal name="exitcond_flatten" val="0"/>
</and_exp></or_exp>
</condition>

<Node id="39" bw="4" op_0_bw="1" op_1_bw="4" op_2_bw="4">
<![CDATA[
.reset:5  %r_i_cast4_mid2_v = select i1 %exitcond_i3, i4 %r, i4 %r_i

]]></Node>
<StgValue><ssdm name="r_i_cast4_mid2_v"/></StgValue>
</operation>

<operation id="36" st_id="5" stage="1" lat="1">
<core>NULL</core>
<MemPortIdVec></MemPortIdVec>
<condition id="0">
<or_exp><and_exp><literal name="exitcond_flatten" val="0"/>
</and_exp></or_exp>
</condition>

<Node id="42" bw="3" op_0_bw="4">
<![CDATA[
.reset:8  %tmp_3 = trunc i4 %r_i_cast4_mid2_v to i3

]]></Node>
<StgValue><ssdm name="tmp_3"/></StgValue>
</operation>
</state>

<state id="6" st_id="6">

<operation id="37" st_id="6" stage="1" lat="1">
<core>NULL</core>
<MemPortIdVec></MemPortIdVec>
<condition id="0">
<or_exp><and_exp><literal name="exitcond_flatten" val="0"/>
</and_exp></or_exp>
</condition>

<Node id="40" bw="7" op_0_bw="7" op_1_bw="4" op_2_bw="3">
<![CDATA[
.reset:6  %tmp = call i7 @_ssdm_op_BitConcatenate.i7.i4.i3(i4 %r_i_cast4_mid2_v, i3 0)

]]></Node>
<StgValue><ssdm name="tmp"/></StgValue>
</operation>

<operation id="38" st_id="6" stage="1" lat="1">
<core>NULL</core>
<MemPortIdVec></MemPortIdVec>
<condition id="0">
<or_exp><and_exp><literal name="exitcond_flatten" val="0"/>
</and_exp></or_exp>
</condition>

<Node id="41" bw="8" op_0_bw="7">
<![CDATA[
.reset:7  %tmp_17_cast = zext i7 %tmp to i8

]]></Node>
<StgValue><ssdm name="tmp_17_cast"/></StgValue>
</operation>

<operation id="39" st_id="6" stage="1" lat="1">
<core>NULL</core>
<MemPortIdVec></MemPortIdVec>
<condition id="0">
<or_exp><and_exp><literal name="exitcond_flatten" val="0"/>
</and_exp></or_exp>
</condition>

<Node id="43" bw="6" op_0_bw="6" op_1_bw="3" op_2_bw="3">
<![CDATA[
.reset:9  %tmp_i_mid2 = call i6 @_ssdm_op_BitConcatenate.i6.i3.i3(i3 %tmp_3, i3 0)

]]></Node>
<StgValue><ssdm name="tmp_i_mid2"/></StgValue>
</operation>

<operation id="40" st_id="6" stage="1" lat="1">
<core>NULL</core>
<MemPortIdVec></MemPortIdVec>
<condition id="0">
<or_exp><and_exp><literal name="exitcond_flatten" val="0"/>
</and_exp></or_exp>
</condition>

<Node id="44" bw="6" op_0_bw="4">
<![CDATA[
.reset:10  %c_i_cast2 = zext i4 %c_i_mid2 to i6

]]></Node>
<StgValue><ssdm name="c_i_cast2"/></StgValue>
</operation>

<operation id="41" st_id="6" stage="1" lat="1">
<core>NULL</core>
<MemPortIdVec></MemPortIdVec>
<condition id="0">
<or_exp><and_exp><literal name="exitcond_flatten" val="0"/>
</and_exp></or_exp>
</condition>

<Node id="45" bw="8" op_0_bw="4">
<![CDATA[
.reset:11  %c_i_cast1_cast = zext i4 %c_i_mid2 to i8

]]></Node>
<StgValue><ssdm name="c_i_cast1_cast"/></StgValue>
</operation>

<operation id="42" st_id="6" stage="1" lat="1">
<core>AddSub</core>
<MemPortIdVec></MemPortIdVec>
<condition id="0">
<or_exp><and_exp><literal name="exitcond_flatten" val="0"/>
</and_exp></or_exp>
</condition>

<Node id="46" bw="8" op_0_bw="8" op_1_bw="8">
<![CDATA[
.reset:12  %tmp_s = add i8 %tmp_17_cast, %c_i_cast1_cast

]]></Node>
<StgValue><ssdm name="tmp_s"/></StgValue>
</operation>

<operation id="43" st_id="6" stage="1" lat="1">
<core>NULL</core>
<MemPortIdVec></MemPortIdVec>
<condition id="0">
<or_exp><and_exp><literal name="exitcond_flatten" val="0"/>
</and_exp></or_exp>
</condition>

<Node id="47" bw="32" op_0_bw="8">
<![CDATA[
.reset:13  %tmp_19_cast = zext i8 %tmp_s to i32

]]></Node>
<StgValue><ssdm name="tmp_19_cast"/></StgValue>
</operation>

<operation id="44" st_id="6" stage="1" lat="1">
<core>NULL</core>
<MemPortIdVec></MemPortIdVec>
<condition id="0">
<or_exp><and_exp><literal name="exitcond_flatten" val="0"/>
</and_exp></or_exp>
</condition>

<Node id="48" bw="6" op_0_bw="16" op_1_bw="32" op_2_bw="32">
<![CDATA[
.reset:14  %buf_2d_out_addr = getelementptr [64 x i16]* %buf_2d_out, i32 0, i32 %tmp_19_cast

]]></Node>
<StgValue><ssdm name="buf_2d_out_addr"/></StgValue>
</operation>

<operation id="45" st_id="6" stage="2" lat="2">
<core>RAM</core>
<MemPortIdVec>0 </MemPortIdVec>
<condition id="0">
<or_exp><and_exp><literal name="exitcond_flatten" val="0"/>
</and_exp></or_exp>
</condition>

<Node id="52" bw="16" op_0_bw="6">
<![CDATA[
.reset:18  %buf_2d_out_load = load i16* %buf_2d_out_addr, align 2

]]></Node>
<StgValue><ssdm name="buf_2d_out_load"/></StgValue>
</operation>

<operation id="46" st_id="6" stage="1" lat="1">
<core>AddSub</core>
<MemPortIdVec></MemPortIdVec>
<condition id="0">
<or_exp><and_exp><literal name="exitcond_flatten" val="0"/>
</and_exp></or_exp>
</condition>

<Node id="53" bw="6" op_0_bw="6" op_1_bw="6">
<![CDATA[
.reset:19  %sum3_i = add i6 %tmp_i_mid2, %c_i_cast2

]]></Node>
<StgValue><ssdm name="sum3_i"/></StgValue>
</operation>

<operation id="47" st_id="6" stage="1" lat="1">
<core>AddSub</core>
<MemPortIdVec></MemPortIdVec>
<condition id="0">
<or_exp><and_exp><literal name="exitcond_flatten" val="0"/>
</and_exp></or_exp>
</condition>

<Node id="58" bw="4" op_0_bw="4" op_1_bw="4">
<![CDATA[
.reset:24  %c = add i4 1, %c_i_mid2

]]></Node>
<StgValue><ssdm name="c"/></StgValue>
</operation>
</state>

<state id="7" st_id="7">

<operation id="48" st_id="7" stage="1" lat="1">
<core>NULL</core>
<MemPortIdVec></MemPortIdVec>
<condition id="0">
<or_exp><and_exp><literal name="exitcond_flatten" val="0"/>
</and_exp></or_exp>
</condition>

<Node id="35" bw="0" op_0_bw="0" op_1_bw="0">
<![CDATA[
.reset:1  call void (...)* @_ssdm_op_SpecLoopName([24 x i8]* @WR_Loop_Row_WR_Loop_s)

]]></Node>
<StgValue><ssdm name=""/></StgValue>
</operation>

<operation id="49" st_id="7" stage="1" lat="1">
<core>NULL</core>
<MemPortIdVec></MemPortIdVec>
<condition id="0">
<or_exp><and_exp><literal name="exitcond_flatten" val="0"/>
</and_exp></or_exp>
</condition>

<Node id="36" bw="32" op_0_bw="32" op_1_bw="64" op_2_bw="64" op_3_bw="64">
<![CDATA[
.reset:2  %empty = call i32 (...)* @_ssdm_op_SpecLoopTripCount(i64 64, i64 64, i64 64) nounwind

]]></Node>
<StgValue><ssdm name="empty"/></StgValue>
</operation>

<operation id="50" st_id="7" stage="1" lat="1">
<core>NULL</core>
<MemPortIdVec></MemPortIdVec>
<condition id="0">
<or_exp><and_exp><literal name="exitcond_flatten" val="0"/>
</and_exp></or_exp>
</condition>

<Node id="49" bw="0" op_0_bw="0" op_1_bw="0">
<![CDATA[
.reset:15  call void (...)* @_ssdm_op_SpecLoopName([12 x i8]* @p_str13) nounwind

]]></Node>
<StgValue><ssdm name=""/></StgValue>
</operation>

<operation id="51" st_id="7" stage="1" lat="1">
<core>NULL</core>
<MemPortIdVec></MemPortIdVec>
<condition id="0">
<or_exp><and_exp><literal name="exitcond_flatten" val="0"/>
</and_exp></or_exp>
</condition>

<Node id="50" bw="32" op_0_bw="32" op_1_bw="0">
<![CDATA[
.reset:16  %tmp_2_i = call i32 (...)* @_ssdm_op_SpecRegionBegin([12 x i8]* @p_str13) nounwind

]]></Node>
<StgValue><ssdm name="tmp_2_i"/></StgValue>
</operation>

<operation id="52" st_id="7" stage="1" lat="1">
<core>NULL</core>
<MemPortIdVec></MemPortIdVec>
<condition id="0">
<or_exp><and_exp><literal name="exitcond_flatten" val="0"/>
</and_exp></or_exp>
</condition>

<Node id="51" bw="0" op_0_bw="0" op_1_bw="32" op_2_bw="32" op_3_bw="32" op_4_bw="32" op_5_bw="0">
<![CDATA[
.reset:17  call void (...)* @_ssdm_op_SpecPipeline(i32 -1, i32 1, i32 1, i32 0, [1 x i8]* @p_str1) nounwind

]]></Node>
<StgValue><ssdm name=""/></StgValue>
</operation>

<operation id="53" st_id="7" stage="1" lat="2">
<core>RAM</core>
<MemPortIdVec>0 </MemPortIdVec>
<condition id="0">
<or_exp><and_exp><literal name="exitcond_flatten" val="0"/>
</and_exp></or_exp>
</condition>

<Node id="52" bw="16" op_0_bw="6">
<![CDATA[
.reset:18  %buf_2d_out_load = load i16* %buf_2d_out_addr, align 2

]]></Node>
<StgValue><ssdm name="buf_2d_out_load"/></StgValue>
</operation>

<operation id="54" st_id="7" stage="1" lat="1">
<core>NULL</core>
<MemPortIdVec></MemPortIdVec>
<condition id="0">
<or_exp><and_exp><literal name="exitcond_flatten" val="0"/>
</and_exp></or_exp>
</condition>

<Node id="54" bw="32" op_0_bw="6">
<![CDATA[
.reset:20  %sum3_i_cast = zext i6 %sum3_i to i32

]]></Node>
<StgValue><ssdm name="sum3_i_cast"/></StgValue>
</operation>

<operation id="55" st_id="7" stage="1" lat="1">
<core>NULL</core>
<MemPortIdVec></MemPortIdVec>
<condition id="0">
<or_exp><and_exp><literal name="exitcond_flatten" val="0"/>
</and_exp></or_exp>
</condition>

<Node id="55" bw="6" op_0_bw="16" op_1_bw="32" op_2_bw="32">
<![CDATA[
.reset:21  %output_addr = getelementptr [64 x i16]* %output_r, i32 0, i32 %sum3_i_cast

]]></Node>
<StgValue><ssdm name="output_addr"/></StgValue>
</operation>

<operation id="56" st_id="7" stage="1" lat="1">
<core>RAM</core>
<MemPortIdVec>0 </MemPortIdVec>
<condition id="0">
<or_exp><and_exp><literal name="exitcond_flatten" val="0"/>
</and_exp></or_exp>
</condition>

<Node id="56" bw="0" op_0_bw="16" op_1_bw="6">
<![CDATA[
.reset:22  store i16 %buf_2d_out_load, i16* %output_addr, align 2

]]></Node>
<StgValue><ssdm name=""/></StgValue>
</operation>

<operation id="57" st_id="7" stage="1" lat="1">
<core>NULL</core>
<MemPortIdVec></MemPortIdVec>
<condition id="0">
<or_exp><and_exp><literal name="exitcond_flatten" val="0"/>
</and_exp></or_exp>
</condition>

<Node id="57" bw="32" op_0_bw="32" op_1_bw="0" op_2_bw="32">
<![CDATA[
.reset:23  %empty_12 = call i32 (...)* @_ssdm_op_SpecRegionEnd([12 x i8]* @p_str13, i32 %tmp_2_i) nounwind

]]></Node>
<StgValue><ssdm name="empty_12"/></StgValue>
</operation>

<operation id="58" st_id="7" stage="1" lat="1">
<core>NULL</core>
<MemPortIdVec></MemPortIdVec>
<condition id="0">
<or_exp><and_exp><literal name="exitcond_flatten" val="0"/>
</and_exp></or_exp>
</condition>

<Node id="59" bw="0" op_0_bw="0">
<![CDATA[
.reset:25  br label %1

]]></Node>
<StgValue><ssdm name=""/></StgValue>
</operation>
</state>

<state id="8" st_id="8">

<operation id="59" st_id="8" stage="1" lat="1">
<core>NULL</core>
<MemPortIdVec></MemPortIdVec>
<condition id="24">
<or_exp><and_exp></and_exp></or_exp>
</condition>

<Node id="61" bw="0">
<![CDATA[
write_data.exit:0  ret void

]]></Node>
<StgValue><ssdm name=""/></StgValue>
</operation>
</state>
</state_list>


<ports>
<port id="74" name="input_r" dir="0" iftype="1">
<core>RAM</core><StgValue><ssdm name="input_r"/><MemPortTyVec>1 3 </MemPortTyVec>
</StgValue>
</port>
<port id="75" name="output_r" dir="1" iftype="1">
<core>RAM</core><StgValue><ssdm name="output_r"/><MemPortTyVec>0 3 </MemPortTyVec>
</StgValue>
</port>
<port id="76" name="dct_coeff_table_0" dir="0" iftype="1">
<core>ROM_nP</core><StgValue><ssdm name="dct_coeff_table_0"/><MemPortTyVec>1 </MemPortTyVec>
</StgValue>
</port>
<port id="77" name="dct_coeff_table_1" dir="0" iftype="1">
<core>ROM_nP</core><StgValue><ssdm name="dct_coeff_table_1"/><MemPortTyVec>1 </MemPortTyVec>
</StgValue>
</port>
<port id="78" name="dct_coeff_table_2" dir="0" iftype="1">
<core>ROM_nP</core><StgValue><ssdm name="dct_coeff_table_2"/><MemPortTyVec>1 </MemPortTyVec>
</StgValue>
</port>
<port id="79" name="dct_coeff_table_3" dir="0" iftype="1">
<core>ROM_nP</core><StgValue><ssdm name="dct_coeff_table_3"/><MemPortTyVec>1 </MemPortTyVec>
</StgValue>
</port>
<port id="80" name="dct_coeff_table_4" dir="0" iftype="1">
<core>ROM_nP</core><StgValue><ssdm name="dct_coeff_table_4"/><MemPortTyVec>1 </MemPortTyVec>
</StgValue>
</port>
<port id="81" name="dct_coeff_table_5" dir="0" iftype="1">
<core>ROM_nP</core><StgValue><ssdm name="dct_coeff_table_5"/><MemPortTyVec>1 </MemPortTyVec>
</StgValue>
</port>
<port id="82" name="dct_coeff_table_6" dir="0" iftype="1">
<core>ROM_nP</core><StgValue><ssdm name="dct_coeff_table_6"/><MemPortTyVec>1 </MemPortTyVec>
</StgValue>
</port>
<port id="83" name="dct_coeff_table_7" dir="0" iftype="1">
<core>ROM_nP</core><StgValue><ssdm name="dct_coeff_table_7"/><MemPortTyVec>1 </MemPortTyVec>
</StgValue>
</port>
</ports>


<dataflows>
<dataflow id="85" from="StgValue_84" to="buf_2d_in_0" fromId="84" toId="9">
</dataflow>
<dataflow id="86" from="StgValue_84" to="buf_2d_in_1" fromId="84" toId="10">
</dataflow>
<dataflow id="87" from="StgValue_84" to="buf_2d_in_2" fromId="84" toId="11">
</dataflow>
<dataflow id="88" from="StgValue_84" to="buf_2d_in_3" fromId="84" toId="12">
</dataflow>
<dataflow id="89" from="StgValue_84" to="buf_2d_in_4" fromId="84" toId="13">
</dataflow>
<dataflow id="90" from="StgValue_84" to="buf_2d_in_5" fromId="84" toId="14">
</dataflow>
<dataflow id="91" from="StgValue_84" to="buf_2d_in_6" fromId="84" toId="15">
</dataflow>
<dataflow id="92" from="StgValue_84" to="buf_2d_in_7" fromId="84" toId="16">
</dataflow>
<dataflow id="93" from="StgValue_84" to="buf_2d_out" fromId="84" toId="17">
</dataflow>
<dataflow id="95" from="read_data" to="StgValue_18" fromId="94" toId="18">
</dataflow>
<dataflow id="96" from="input_r" to="StgValue_18" fromId="74" toId="18">
</dataflow>
<dataflow id="97" from="buf_2d_in_0" to="StgValue_18" fromId="9" toId="18">
</dataflow>
<dataflow id="98" from="buf_2d_in_1" to="StgValue_18" fromId="10" toId="18">
</dataflow>
<dataflow id="99" from="buf_2d_in_2" to="StgValue_18" fromId="11" toId="18">
</dataflow>
<dataflow id="100" from="buf_2d_in_3" to="StgValue_18" fromId="12" toId="18">
</dataflow>
<dataflow id="101" from="buf_2d_in_4" to="StgValue_18" fromId="13" toId="18">
</dataflow>
<dataflow id="102" from="buf_2d_in_5" to="StgValue_18" fromId="14" toId="18">
</dataflow>
<dataflow id="103" from="buf_2d_in_6" to="StgValue_18" fromId="15" toId="18">
</dataflow>
<dataflow id="104" from="buf_2d_in_7" to="StgValue_18" fromId="16" toId="18">
</dataflow>
<dataflow id="105" from="read_data" to="StgValue_19" fromId="94" toId="19">
</dataflow>
<dataflow id="106" from="input_r" to="StgValue_19" fromId="74" toId="19">
</dataflow>
<dataflow id="107" from="buf_2d_in_0" to="StgValue_19" fromId="9" toId="19">
</dataflow>
<dataflow id="108" from="buf_2d_in_1" to="StgValue_19" fromId="10" toId="19">
</dataflow>
<dataflow id="109" from="buf_2d_in_2" to="StgValue_19" fromId="11" toId="19">
</dataflow>
<dataflow id="110" from="buf_2d_in_3" to="StgValue_19" fromId="12" toId="19">
</dataflow>
<dataflow id="111" from="buf_2d_in_4" to="StgValue_19" fromId="13" toId="19">
</dataflow>
<dataflow id="112" from="buf_2d_in_5" to="StgValue_19" fromId="14" toId="19">
</dataflow>
<dataflow id="113" from="buf_2d_in_6" to="StgValue_19" fromId="15" toId="19">
</dataflow>
<dataflow id="114" from="buf_2d_in_7" to="StgValue_19" fromId="16" toId="19">
</dataflow>
<dataflow id="116" from="dct_2d" to="StgValue_20" fromId="115" toId="20">
</dataflow>
<dataflow id="117" from="buf_2d_in_0" to="StgValue_20" fromId="9" toId="20">
</dataflow>
<dataflow id="118" from="buf_2d_in_1" to="StgValue_20" fromId="10" toId="20">
</dataflow>
<dataflow id="119" from="buf_2d_in_2" to="StgValue_20" fromId="11" toId="20">
</dataflow>
<dataflow id="120" from="buf_2d_in_3" to="StgValue_20" fromId="12" toId="20">
</dataflow>
<dataflow id="121" from="buf_2d_in_4" to="StgValue_20" fromId="13" toId="20">
</dataflow>
<dataflow id="122" from="buf_2d_in_5" to="StgValue_20" fromId="14" toId="20">
</dataflow>
<dataflow id="123" from="buf_2d_in_6" to="StgValue_20" fromId="15" toId="20">
</dataflow>
<dataflow id="124" from="buf_2d_in_7" to="StgValue_20" fromId="16" toId="20">
</dataflow>
<dataflow id="125" from="buf_2d_out" to="StgValue_20" fromId="17" toId="20">
</dataflow>
<dataflow id="126" from="dct_coeff_table_0" to="StgValue_20" fromId="76" toId="20">
</dataflow>
<dataflow id="127" from="dct_coeff_table_1" to="StgValue_20" fromId="77" toId="20">
</dataflow>
<dataflow id="128" from="dct_coeff_table_2" to="StgValue_20" fromId="78" toId="20">
</dataflow>
<dataflow id="129" from="dct_coeff_table_3" to="StgValue_20" fromId="79" toId="20">
</dataflow>
<dataflow id="130" from="dct_coeff_table_4" to="StgValue_20" fromId="80" toId="20">
</dataflow>
<dataflow id="131" from="dct_coeff_table_5" to="StgValue_20" fromId="81" toId="20">
</dataflow>
<dataflow id="132" from="dct_coeff_table_6" to="StgValue_20" fromId="82" toId="20">
</dataflow>
<dataflow id="133" from="dct_coeff_table_7" to="StgValue_20" fromId="83" toId="20">
</dataflow>
<dataflow id="135" from="_ssdm_op_SpecBitsMap" to="StgValue_21" fromId="134" toId="21">
</dataflow>
<dataflow id="136" from="input_r" to="StgValue_21" fromId="74" toId="21">
</dataflow>
<dataflow id="137" from="_ssdm_op_SpecBitsMap" to="StgValue_22" fromId="134" toId="22">
</dataflow>
<dataflow id="138" from="output_r" to="StgValue_22" fromId="75" toId="22">
</dataflow>
<dataflow id="140" from="_ssdm_op_SpecTopModule" to="StgValue_23" fromId="139" toId="23">
</dataflow>
<dataflow id="142" from="dct_str" to="StgValue_23" fromId="141" toId="23">
</dataflow>
<dataflow id="143" from="dct_2d" to="StgValue_24" fromId="115" toId="24">
</dataflow>
<dataflow id="144" from="buf_2d_in_0" to="StgValue_24" fromId="9" toId="24">
</dataflow>
<dataflow id="145" from="buf_2d_in_1" to="StgValue_24" fromId="10" toId="24">
</dataflow>
<dataflow id="146" from="buf_2d_in_2" to="StgValue_24" fromId="11" toId="24">
</dataflow>
<dataflow id="147" from="buf_2d_in_3" to="StgValue_24" fromId="12" toId="24">
</dataflow>
<dataflow id="148" from="buf_2d_in_4" to="StgValue_24" fromId="13" toId="24">
</dataflow>
<dataflow id="149" from="buf_2d_in_5" to="StgValue_24" fromId="14" toId="24">
</dataflow>
<dataflow id="150" from="buf_2d_in_6" to="StgValue_24" fromId="15" toId="24">
</dataflow>
<dataflow id="151" from="buf_2d_in_7" to="StgValue_24" fromId="16" toId="24">
</dataflow>
<dataflow id="152" from="buf_2d_out" to="StgValue_24" fromId="17" toId="24">
</dataflow>
<dataflow id="153" from="dct_coeff_table_0" to="StgValue_24" fromId="76" toId="24">
</dataflow>
<dataflow id="154" from="dct_coeff_table_1" to="StgValue_24" fromId="77" toId="24">
</dataflow>
<dataflow id="155" from="dct_coeff_table_2" to="StgValue_24" fromId="78" toId="24">
</dataflow>
<dataflow id="156" from="dct_coeff_table_3" to="StgValue_24" fromId="79" toId="24">
</dataflow>
<dataflow id="157" from="dct_coeff_table_4" to="StgValue_24" fromId="80" toId="24">
</dataflow>
<dataflow id="158" from="dct_coeff_table_5" to="StgValue_24" fromId="81" toId="24">
</dataflow>
<dataflow id="159" from="dct_coeff_table_6" to="StgValue_24" fromId="82" toId="24">
</dataflow>
<dataflow id="160" from="dct_coeff_table_7" to="StgValue_24" fromId="83" toId="24">
</dataflow>
<dataflow id="162" from="StgValue_161" to="indvar_flatten" fromId="161" toId="26">
<condition id="49">
<or_exp><and_exp></and_exp></or_exp>
</condition>
</dataflow>
<dataflow id="163" from="StgValue_25" to="indvar_flatten" fromId="25" toId="26">
</dataflow>
<dataflow id="164" from="indvar_flatten_next" to="indvar_flatten" fromId="30" toId="26">
<BackEdge/>
<condition id="50">
<or_exp><and_exp><literal name="exitcond_flatten" val="0"/>
</and_exp></or_exp>
</condition>
</dataflow>
<dataflow id="165" from="StgValue_58" to="indvar_flatten" fromId="58" toId="26">
<BackEdge/>
</dataflow>
<dataflow id="167" from="StgValue_166" to="r_i" fromId="166" toId="27">
<condition id="51">
<or_exp><and_exp></and_exp></or_exp>
</condition>
</dataflow>
<dataflow id="168" from="StgValue_25" to="r_i" fromId="25" toId="27">
</dataflow>
<dataflow id="169" from="r_i_cast4_mid2_v" to="r_i" fromId="35" toId="27">
<BackEdge/>
<condition id="52">
<or_exp><and_exp><literal name="exitcond_flatten" val="0"/>
</and_exp></or_exp>
</condition>
</dataflow>
<dataflow id="170" from="StgValue_58" to="r_i" fromId="58" toId="27">
<BackEdge/>
</dataflow>
<dataflow id="171" from="StgValue_166" to="c_i" fromId="166" toId="28">
<condition id="53">
<or_exp><and_exp></and_exp></or_exp>
</condition>
</dataflow>
<dataflow id="172" from="StgValue_25" to="c_i" fromId="25" toId="28">
</dataflow>
<dataflow id="173" from="c" to="c_i" fromId="47" toId="28">
<BackEdge/>
<condition id="54">
<or_exp><and_exp><literal name="exitcond_flatten" val="0"/>
</and_exp></or_exp>
</condition>
</dataflow>
<dataflow id="174" from="StgValue_58" to="c_i" fromId="58" toId="28">
<BackEdge/>
</dataflow>
<dataflow id="175" from="indvar_flatten" to="exitcond_flatten" fromId="26" toId="29">
</dataflow>
<dataflow id="177" from="StgValue_176" to="exitcond_flatten" fromId="176" toId="29">
</dataflow>
<dataflow id="178" from="indvar_flatten" to="indvar_flatten_next" fromId="26" toId="30">
</dataflow>
<dataflow id="180" from="StgValue_179" to="indvar_flatten_next" fromId="179" toId="30">
</dataflow>
<dataflow id="181" from="exitcond_flatten" to="StgValue_31" fromId="29" toId="31">
</dataflow>
<dataflow id="183" from="StgValue_182" to="r" fromId="182" toId="32">
</dataflow>
<dataflow id="184" from="r_i" to="r" fromId="27" toId="32">
</dataflow>
<dataflow id="185" from="c_i" to="exitcond_i3" fromId="28" toId="33">
</dataflow>
<dataflow id="187" from="StgValue_186" to="exitcond_i3" fromId="186" toId="33">
</dataflow>
<dataflow id="188" from="exitcond_i3" to="c_i_mid2" fromId="33" toId="34">
</dataflow>
<dataflow id="189" from="StgValue_166" to="c_i_mid2" fromId="166" toId="34">
</dataflow>
<dataflow id="190" from="c_i" to="c_i_mid2" fromId="28" toId="34">
</dataflow>
<dataflow id="191" from="exitcond_i3" to="r_i_cast4_mid2_v" fromId="33" toId="35">
</dataflow>
<dataflow id="192" from="r" to="r_i_cast4_mid2_v" fromId="32" toId="35">
</dataflow>
<dataflow id="193" from="r_i" to="r_i_cast4_mid2_v" fromId="27" toId="35">
</dataflow>
<dataflow id="194" from="r_i_cast4_mid2_v" to="tmp_3" fromId="35" toId="36">
</dataflow>
<dataflow id="196" from="_ssdm_op_BitConcatenate.i7.i4.i3" to="tmp" fromId="195" toId="37">
</dataflow>
<dataflow id="197" from="r_i_cast4_mid2_v" to="tmp" fromId="35" toId="37">
</dataflow>
<dataflow id="199" from="StgValue_198" to="tmp" fromId="198" toId="37">
</dataflow>
<dataflow id="200" from="tmp" to="tmp_17_cast" fromId="37" toId="38">
</dataflow>
<dataflow id="202" from="_ssdm_op_BitConcatenate.i6.i3.i3" to="tmp_i_mid2" fromId="201" toId="39">
</dataflow>
<dataflow id="203" from="tmp_3" to="tmp_i_mid2" fromId="36" toId="39">
</dataflow>
<dataflow id="204" from="StgValue_198" to="tmp_i_mid2" fromId="198" toId="39">
</dataflow>
<dataflow id="205" from="c_i_mid2" to="c_i_cast2" fromId="34" toId="40">
</dataflow>
<dataflow id="206" from="c_i_mid2" to="c_i_cast1_cast" fromId="34" toId="41">
</dataflow>
<dataflow id="207" from="tmp_17_cast" to="tmp_s" fromId="38" toId="42">
</dataflow>
<dataflow id="208" from="c_i_cast1_cast" to="tmp_s" fromId="41" toId="42">
</dataflow>
<dataflow id="209" from="tmp_s" to="tmp_19_cast" fromId="42" toId="43">
</dataflow>
<dataflow id="210" from="buf_2d_out" to="buf_2d_out_addr" fromId="17" toId="44">
</dataflow>
<dataflow id="212" from="StgValue_211" to="buf_2d_out_addr" fromId="211" toId="44">
</dataflow>
<dataflow id="213" from="tmp_19_cast" to="buf_2d_out_addr" fromId="43" toId="44">
</dataflow>
<dataflow id="214" from="buf_2d_out_addr" to="buf_2d_out_load" fromId="44" toId="45">
</dataflow>
<dataflow id="215" from="tmp_i_mid2" to="sum3_i" fromId="39" toId="46">
</dataflow>
<dataflow id="216" from="c_i_cast2" to="sum3_i" fromId="40" toId="46">
</dataflow>
<dataflow id="217" from="StgValue_182" to="c" fromId="182" toId="47">
</dataflow>
<dataflow id="218" from="c_i_mid2" to="c" fromId="34" toId="47">
</dataflow>
<dataflow id="220" from="_ssdm_op_SpecLoopName" to="StgValue_48" fromId="219" toId="48">
</dataflow>
<dataflow id="222" from="WR_Loop_Row_WR_Loop_s" to="StgValue_48" fromId="221" toId="48">
</dataflow>
<dataflow id="224" from="_ssdm_op_SpecLoopTripCount" to="empty" fromId="223" toId="49">
</dataflow>
<dataflow id="226" from="StgValue_225" to="empty" fromId="225" toId="49">
</dataflow>
<dataflow id="227" from="StgValue_225" to="empty" fromId="225" toId="49">
</dataflow>
<dataflow id="228" from="StgValue_225" to="empty" fromId="225" toId="49">
</dataflow>
<dataflow id="229" from="_ssdm_op_SpecLoopName" to="StgValue_50" fromId="219" toId="50">
</dataflow>
<dataflow id="231" from="p_str13" to="StgValue_50" fromId="230" toId="50">
</dataflow>
<dataflow id="233" from="_ssdm_op_SpecRegionBegin" to="tmp_2_i" fromId="232" toId="51">
</dataflow>
<dataflow id="234" from="p_str13" to="tmp_2_i" fromId="230" toId="51">
</dataflow>
<dataflow id="236" from="_ssdm_op_SpecPipeline" to="StgValue_52" fromId="235" toId="52">
</dataflow>
<dataflow id="238" from="StgValue_237" to="StgValue_52" fromId="237" toId="52">
</dataflow>
<dataflow id="239" from="StgValue_84" to="StgValue_52" fromId="84" toId="52">
</dataflow>
<dataflow id="240" from="StgValue_84" to="StgValue_52" fromId="84" toId="52">
</dataflow>
<dataflow id="241" from="StgValue_211" to="StgValue_52" fromId="211" toId="52">
</dataflow>
<dataflow id="243" from="p_str1" to="StgValue_52" fromId="242" toId="52">
</dataflow>
<dataflow id="244" from="buf_2d_out_addr" to="buf_2d_out_load" fromId="44" toId="53">
</dataflow>
<dataflow id="245" from="sum3_i" to="sum3_i_cast" fromId="46" toId="54">
</dataflow>
<dataflow id="246" from="output_r" to="output_addr" fromId="75" toId="55">
</dataflow>
<dataflow id="247" from="StgValue_211" to="output_addr" fromId="211" toId="55">
</dataflow>
<dataflow id="248" from="sum3_i_cast" to="output_addr" fromId="54" toId="55">
</dataflow>
<dataflow id="249" from="buf_2d_out_load" to="StgValue_56" fromId="53" toId="56">
</dataflow>
<dataflow id="250" from="output_addr" to="StgValue_56" fromId="55" toId="56">
</dataflow>
<dataflow id="252" from="_ssdm_op_SpecRegionEnd" to="empty_12" fromId="251" toId="57">
</dataflow>
<dataflow id="253" from="p_str13" to="empty_12" fromId="230" toId="57">
</dataflow>
<dataflow id="254" from="tmp_2_i" to="empty_12" fromId="51" toId="57">
</dataflow>
<dataflow id="255" from="exitcond_flatten" to="StgValue_5" fromId="29" toId="5">
</dataflow>
<dataflow id="256" from="exitcond_flatten" to="StgValue_6" fromId="29" toId="6">
</dataflow>
<dataflow id="257" from="exitcond_flatten" to="StgValue_7" fromId="29" toId="7">
</dataflow>
</dataflows>


</stg>
