<profile>

<section name = "Vivado HLS Report for 'dct'" level="0">
<item name = "Date">Wed Apr 19 18:35:30 2023
</item>
<item name = "Version">2017.2 (Build 1909853 on Thu Jun 15 18:55:24 MDT 2017)</item>
<item name = "Project">dct.pr</item>
<item name = "Solution">solution7</item>
<item name = "Product family">zynq</item>
<item name = "Target device">xc7z010clg400-1</item>
</section>

<section name = "Performance Estimates" level="0">
<item name = "Timing (ns)">
<section name = "" level="1">
<item name = "Summary"><table name="" hasTotal="0">
<keys size="4">Clock, Target, Estimated, Uncertainty</keys>
<column name="ap_clk">8.00, 9.40, 1.00</column>
</table>
</item>
</section>
</item>
<item name = "Latency (clock cycles)">
<section name = "" level="1">
<item name = "Summary"><table name="" hasTotal="0">
<keys size="6">, min, max, min, max, Type</keys>
<column name="">647, 647, 134, 134, dataflow</column>
</table>
</item>
<item name = "Detail">
<section name = "" level="1">
<item name = "Instance"><table name="" hasTotal="0">
<keys size="7">Instance, Module, min, max, min, max, Type</keys>
<column name="grp_Loop_Xpose_Row_Outer_fu_52">Loop_Xpose_Row_Outer, 133, 133, 133, 133, none</column>
<column name="grp_read_data_fu_58">read_data, 133, 133, 133, 133, none</column>
<column name="grp_Loop_Row_DCT_Loop_pr_fu_66">Loop_Row_DCT_Loop_pr, 121, 121, 121, 121, none</column>
<column name="grp_Loop_Col_DCT_Loop_pr_fu_74">Loop_Col_DCT_Loop_pr, 121, 121, 121, 121, none</column>
<column name="grp_write_data_fu_82">write_data, 67, 67, 67, 67, none</column>
<column name="grp_Loop_Xpose_Col_Outer_fu_89">Loop_Xpose_Col_Outer, 67, 67, 67, 67, none</column>
</table>
</item>
<item name = "Loop"><table name="" hasTotal="0">
<keys size="8">Loop Name, min, max, Latency, achieved, target, Count, Pipelined</keys>
</table>
</item>
</section>
</item>
</section>
</item>
</section>
</profile>
