<stg><name>Loop_Row_DCT_Loop_pr</name>


<trans_list>

<trans id="94" from="1" to="2">
<condition id="17">
<or_exp><and_exp></and_exp></or_exp>
</condition>
</trans>

<trans id="95" from="2" to="3">
<condition id="19">
<or_exp><and_exp><literal name="tmp" val="0"/>
</and_exp></or_exp>
</condition>
</trans>

<trans id="111" from="3" to="9">
<condition id="32">
<or_exp><and_exp><literal name="tmp_i" val="1"/>
</and_exp></or_exp>
</condition>
</trans>

<trans id="112" from="3" to="4">
<condition id="38">
<or_exp><and_exp><literal name="tmp_i" val="0"/>
</and_exp></or_exp>
</condition>
</trans>

<trans id="106" from="4" to="5">
<condition id="33">
<or_exp><and_exp></and_exp></or_exp>
</condition>
</trans>

<trans id="107" from="5" to="6">
<condition id="34">
<or_exp><and_exp></and_exp></or_exp>
</condition>
</trans>

<trans id="108" from="6" to="7">
<condition id="35">
<or_exp><and_exp></and_exp></or_exp>
</condition>
</trans>

<trans id="109" from="7" to="8">
<condition id="36">
<or_exp><and_exp></and_exp></or_exp>
</condition>
</trans>

<trans id="110" from="8" to="3">
<condition id="37">
<or_exp><and_exp></and_exp></or_exp>
</condition>
</trans>

<trans id="104" from="9" to="2">
<condition id="31">
<or_exp><and_exp></and_exp></or_exp>
</condition>
</trans>
</trans_list>



<state_list>

<state id="1" st_id="1">

<operation id="10" st_id="1" stage="1" lat="1">
<core>NULL</core>
<MemPortIdVec></MemPortIdVec>
<condition id="9">
<or_exp><and_exp></and_exp></or_exp>
</condition>

<Node id="4" bw="0" op_0_bw="0">
<![CDATA[
newFuncRoot:0  br label %dct_1d.exit

]]></Node>
<StgValue><ssdm name=""/></StgValue>
</operation>
</state>

<state id="2" st_id="2">

<operation id="11" st_id="2" stage="1" lat="1">
<core>NULL</core>
<MemPortIdVec></MemPortIdVec>
<condition id="10">
<or_exp><and_exp></and_exp></or_exp>
</condition>

<Node id="6" bw="4" op_0_bw="4" op_1_bw="0">
<![CDATA[
dct_1d.exit:0  %i_0_i = phi i4 [ 0, %newFuncRoot ], [ %i, %dct_1d.exit.loopexit ]

]]></Node>
<StgValue><ssdm name="i_0_i"/></StgValue>
</operation>

<operation id="12" st_id="2" stage="1" lat="1">
<core>Cmp</core>
<MemPortIdVec></MemPortIdVec>
<condition id="10">
<or_exp><and_exp></and_exp></or_exp>
</condition>

<Node id="7" bw="1" op_0_bw="4" op_1_bw="4">
<![CDATA[
dct_1d.exit:1  %tmp = icmp eq i4 %i_0_i, -8

]]></Node>
<StgValue><ssdm name="tmp"/></StgValue>
</operation>

<operation id="13" st_id="2" stage="1" lat="1">
<core>AddSub</core>
<MemPortIdVec></MemPortIdVec>
<condition id="10">
<or_exp><and_exp></and_exp></or_exp>
</condition>

<Node id="8" bw="4" op_0_bw="4" op_1_bw="4">
<![CDATA[
dct_1d.exit:2  %i = add i4 %i_0_i, 1

]]></Node>
<StgValue><ssdm name="i"/></StgValue>
</operation>

<operation id="14" st_id="2" stage="1" lat="1">
<core>NULL</core>
<MemPortIdVec></MemPortIdVec>
<condition id="10">
<or_exp><and_exp></and_exp></or_exp>
</condition>

<Node id="9" bw="0" op_0_bw="1" op_1_bw="0" op_2_bw="0">
<![CDATA[
dct_1d.exit:3  br i1 %tmp, label %.preheader2.i.exitStub, label %0

]]></Node>
<StgValue><ssdm name=""/></StgValue>
</operation>

<operation id="15" st_id="2" stage="1" lat="1">
<core>NULL</core>
<MemPortIdVec></MemPortIdVec>
<condition id="12">
<or_exp><and_exp><literal name="tmp" val="0"/>
</and_exp></or_exp>
</condition>

<Node id="11" bw="32" op_0_bw="32" op_1_bw="64" op_2_bw="64" op_3_bw="64">
<![CDATA[
:0  %empty = call i32 (...)* @_ssdm_op_SpecLoopTripCount(i64 8, i64 8, i64 8) nounwind

]]></Node>
<StgValue><ssdm name="empty"/></StgValue>
</operation>

<operation id="16" st_id="2" stage="1" lat="1">
<core>NULL</core>
<MemPortIdVec></MemPortIdVec>
<condition id="12">
<or_exp><and_exp><literal name="tmp" val="0"/>
</and_exp></or_exp>
</condition>

<Node id="12" bw="0" op_0_bw="0" op_1_bw="0">
<![CDATA[
:1  call void (...)* @_ssdm_op_SpecLoopName([13 x i8]* @p_str4) nounwind

]]></Node>
<StgValue><ssdm name=""/></StgValue>
</operation>

<operation id="17" st_id="2" stage="1" lat="1">
<core>NULL</core>
<MemPortIdVec></MemPortIdVec>
<condition id="12">
<or_exp><and_exp><literal name="tmp" val="0"/>
</and_exp></or_exp>
</condition>

<Node id="13" bw="32" op_0_bw="4">
<![CDATA[
:2  %i_2_i1_cast_i = zext i4 %i_0_i to i32

]]></Node>
<StgValue><ssdm name="i_2_i1_cast_i"/></StgValue>
</operation>

<operation id="18" st_id="2" stage="1" lat="1">
<core>NULL</core>
<MemPortIdVec></MemPortIdVec>
<condition id="12">
<or_exp><and_exp><literal name="tmp" val="0"/>
</and_exp></or_exp>
</condition>

<Node id="14" bw="7" op_0_bw="7" op_1_bw="4" op_2_bw="3">
<![CDATA[
:3  %tmp_s = call i7 @_ssdm_op_BitConcatenate.i7.i4.i3(i4 %i_0_i, i3 0)

]]></Node>
<StgValue><ssdm name="tmp_s"/></StgValue>
</operation>

<operation id="19" st_id="2" stage="1" lat="1">
<core>NULL</core>
<MemPortIdVec></MemPortIdVec>
<condition id="12">
<or_exp><and_exp><literal name="tmp" val="0"/>
</and_exp></or_exp>
</condition>

<Node id="15" bw="8" op_0_bw="7">
<![CDATA[
:4  %tmp_16_cast = zext i7 %tmp_s to i8

]]></Node>
<StgValue><ssdm name="tmp_16_cast"/></StgValue>
</operation>

<operation id="20" st_id="2" stage="1" lat="1">
<core>NULL</core>
<MemPortIdVec></MemPortIdVec>
<condition id="12">
<or_exp><and_exp><literal name="tmp" val="0"/>
</and_exp></or_exp>
</condition>

<Node id="16" bw="3" op_0_bw="128" op_1_bw="32" op_2_bw="32">
<![CDATA[
:5  %buf_2d_in_addr = getelementptr [8 x i128]* %buf_2d_in, i32 0, i32 %i_2_i1_cast_i

]]></Node>
<StgValue><ssdm name="buf_2d_in_addr"/></StgValue>
</operation>

<operation id="21" st_id="2" stage="1" lat="1">
<core>NULL</core>
<MemPortIdVec></MemPortIdVec>
<condition id="12">
<or_exp><and_exp><literal name="tmp" val="0"/>
</and_exp></or_exp>
</condition>

<Node id="17" bw="0" op_0_bw="0">
<![CDATA[
:6  br label %1

]]></Node>
<StgValue><ssdm name=""/></StgValue>
</operation>

<operation id="22" st_id="2" stage="1" lat="1">
<core>NULL</core>
<MemPortIdVec></MemPortIdVec>
<condition id="14">
<or_exp><and_exp><literal name="tmp" val="1"/>
</and_exp></or_exp>
</condition>

<Node id="91" bw="0">
<![CDATA[
.preheader2.i.exitStub:0  ret void

]]></Node>
<StgValue><ssdm name=""/></StgValue>
</operation>
</state>

<state id="3" st_id="3">

<operation id="23" st_id="3" stage="1" lat="1">
<core>NULL</core>
<MemPortIdVec></MemPortIdVec>
<condition id="-1">
<or_exp><and_exp></and_exp></or_exp>
</condition>

<Node id="19" bw="4" op_0_bw="4" op_1_bw="0">
<![CDATA[
:0  %k_i = phi i4 [ 0, %0 ], [ %k, %2 ]

]]></Node>
<StgValue><ssdm name="k_i"/></StgValue>
</operation>

<operation id="24" st_id="3" stage="1" lat="1">
<core>Cmp</core>
<MemPortIdVec></MemPortIdVec>
<condition id="-1">
<or_exp><and_exp></and_exp></or_exp>
</condition>

<Node id="20" bw="1" op_0_bw="4" op_1_bw="4">
<![CDATA[
:1  %tmp_i = icmp eq i4 %k_i, -8

]]></Node>
<StgValue><ssdm name="tmp_i"/></StgValue>
</operation>

<operation id="25" st_id="3" stage="1" lat="1">
<core>AddSub</core>
<MemPortIdVec></MemPortIdVec>
<condition id="-1">
<or_exp><and_exp></and_exp></or_exp>
</condition>

<Node id="21" bw="4" op_0_bw="4" op_1_bw="4">
<![CDATA[
:2  %k = add i4 %k_i, 1

]]></Node>
<StgValue><ssdm name="k"/></StgValue>
</operation>

<operation id="26" st_id="3" stage="1" lat="1">
<core>NULL</core>
<MemPortIdVec></MemPortIdVec>
<condition id="-1">
<or_exp><and_exp></and_exp></or_exp>
</condition>

<Node id="22" bw="0" op_0_bw="1" op_1_bw="0" op_2_bw="0">
<![CDATA[
:3  br i1 %tmp_i, label %dct_1d.exit.loopexit, label %2

]]></Node>
<StgValue><ssdm name=""/></StgValue>
</operation>

<operation id="27" st_id="3" stage="1" lat="1">
<core>NULL</core>
<MemPortIdVec></MemPortIdVec>
<condition id="0">
<or_exp><and_exp><literal name="tmp_i" val="0"/>
</and_exp></or_exp>
</condition>

<Node id="24" bw="32" op_0_bw="4">
<![CDATA[
:0  %k_cast1_i = zext i4 %k_i to i32

]]></Node>
<StgValue><ssdm name="k_cast1_i"/></StgValue>
</operation>

<operation id="28" st_id="3" stage="1" lat="1">
<core>NULL</core>
<MemPortIdVec></MemPortIdVec>
<condition id="0">
<or_exp><and_exp><literal name="tmp_i" val="0"/>
</and_exp></or_exp>
</condition>

<Node id="25" bw="8" op_0_bw="4">
<![CDATA[
:1  %k_cast1_i_cast = zext i4 %k_i to i8

]]></Node>
<StgValue><ssdm name="k_cast1_i_cast"/></StgValue>
</operation>

<operation id="29" st_id="3" stage="1" lat="1">
<core>AddSub</core>
<MemPortIdVec></MemPortIdVec>
<condition id="0">
<or_exp><and_exp><literal name="tmp_i" val="0"/>
</and_exp></or_exp>
</condition>

<Node id="26" bw="8" op_0_bw="8" op_1_bw="8">
<![CDATA[
:2  %tmp_4 = add i8 %k_cast1_i_cast, %tmp_16_cast

]]></Node>
<StgValue><ssdm name="tmp_4"/></StgValue>
</operation>

<operation id="30" st_id="3" stage="1" lat="1">
<core>NULL</core>
<MemPortIdVec></MemPortIdVec>
<condition id="0">
<or_exp><and_exp><literal name="tmp_i" val="0"/>
</and_exp></or_exp>
</condition>

<Node id="33" bw="3" op_0_bw="127" op_1_bw="32" op_2_bw="32">
<![CDATA[
:9  %dct_coeff_table_addr = getelementptr [8 x i127]* @dct_coeff_table, i32 0, i32 %k_cast1_i

]]></Node>
<StgValue><ssdm name="dct_coeff_table_addr"/></StgValue>
</operation>

<operation id="31" st_id="3" stage="2" lat="2">
<core>ROM_nP</core>
<MemPortIdVec>0 </MemPortIdVec>
<condition id="0">
<or_exp><and_exp><literal name="tmp_i" val="0"/>
</and_exp></or_exp>
</condition>

<Node id="34" bw="127" op_0_bw="3">
<![CDATA[
:10  %dct_coeff_table_load = load i127* %dct_coeff_table_addr, align 16

]]></Node>
<StgValue><ssdm name="dct_coeff_table_load"/></StgValue>
</operation>

<operation id="32" st_id="3" stage="2" lat="2">
<core>RAM</core>
<MemPortIdVec>0 </MemPortIdVec>
<condition id="0">
<or_exp><and_exp><literal name="tmp_i" val="0"/>
</and_exp></or_exp>
</condition>

<Node id="37" bw="128" op_0_bw="3">
<![CDATA[
:13  %buf_2d_in_load = load i128* %buf_2d_in_addr, align 8

]]></Node>
<StgValue><ssdm name="buf_2d_in_load"/></StgValue>
</operation>
</state>

<state id="4" st_id="4">

<operation id="33" st_id="4" stage="1" lat="2">
<core>ROM_nP</core>
<MemPortIdVec>0 </MemPortIdVec>
<condition id="0">
<or_exp><and_exp><literal name="tmp_i" val="0"/>
</and_exp></or_exp>
</condition>

<Node id="34" bw="127" op_0_bw="3">
<![CDATA[
:10  %dct_coeff_table_load = load i127* %dct_coeff_table_addr, align 16

]]></Node>
<StgValue><ssdm name="dct_coeff_table_load"/></StgValue>
</operation>

<operation id="34" st_id="4" stage="1" lat="1">
<core>NULL</core>
<MemPortIdVec></MemPortIdVec>
<condition id="0">
<or_exp><and_exp><literal name="tmp_i" val="0"/>
</and_exp></or_exp>
</condition>

<Node id="35" bw="16" op_0_bw="127">
<![CDATA[
:11  %tmp_49 = trunc i127 %dct_coeff_table_load to i16

]]></Node>
<StgValue><ssdm name="tmp_49"/></StgValue>
</operation>

<operation id="35" st_id="4" stage="1" lat="2">
<core>RAM</core>
<MemPortIdVec>0 </MemPortIdVec>
<condition id="0">
<or_exp><and_exp><literal name="tmp_i" val="0"/>
</and_exp></or_exp>
</condition>

<Node id="37" bw="128" op_0_bw="3">
<![CDATA[
:13  %buf_2d_in_load = load i128* %buf_2d_in_addr, align 8

]]></Node>
<StgValue><ssdm name="buf_2d_in_load"/></StgValue>
</operation>

<operation id="36" st_id="4" stage="1" lat="1">
<core>NULL</core>
<MemPortIdVec></MemPortIdVec>
<condition id="0">
<or_exp><and_exp><literal name="tmp_i" val="0"/>
</and_exp></or_exp>
</condition>

<Node id="38" bw="16" op_0_bw="128">
<![CDATA[
:14  %tmp_50 = trunc i128 %buf_2d_in_load to i16

]]></Node>
<StgValue><ssdm name="tmp_50"/></StgValue>
</operation>

<operation id="37" st_id="4" stage="1" lat="1">
<core>NULL</core>
<MemPortIdVec></MemPortIdVec>
<condition id="0">
<or_exp><and_exp><literal name="tmp_i" val="0"/>
</and_exp></or_exp>
</condition>

<Node id="41" bw="16" op_0_bw="16" op_1_bw="127" op_2_bw="32" op_3_bw="32">
<![CDATA[
:17  %tmp_6_i = call i16 @_ssdm_op_PartSelect.i16.i127.i32.i32(i127 %dct_coeff_table_load, i32 16, i32 31) nounwind

]]></Node>
<StgValue><ssdm name="tmp_6_i"/></StgValue>
</operation>

<operation id="38" st_id="4" stage="1" lat="1">
<core>NULL</core>
<MemPortIdVec></MemPortIdVec>
<condition id="0">
<or_exp><and_exp><literal name="tmp_i" val="0"/>
</and_exp></or_exp>
</condition>

<Node id="43" bw="16" op_0_bw="16" op_1_bw="128" op_2_bw="9" op_3_bw="9">
<![CDATA[
:19  %tmp_7_i = call i16 @_ssdm_op_PartSelect.i16.i128.i9.i9(i128 %buf_2d_in_load, i9 16, i9 31) nounwind

]]></Node>
<StgValue><ssdm name="tmp_7_i"/></StgValue>
</operation>

<operation id="39" st_id="4" stage="1" lat="1">
<core>NULL</core>
<MemPortIdVec></MemPortIdVec>
<condition id="0">
<or_exp><and_exp><literal name="tmp_i" val="0"/>
</and_exp></or_exp>
</condition>

<Node id="46" bw="16" op_0_bw="16" op_1_bw="127" op_2_bw="32" op_3_bw="32">
<![CDATA[
:22  %tmp_8_i = call i16 @_ssdm_op_PartSelect.i16.i127.i32.i32(i127 %dct_coeff_table_load, i32 32, i32 47) nounwind

]]></Node>
<StgValue><ssdm name="tmp_8_i"/></StgValue>
</operation>

<operation id="40" st_id="4" stage="1" lat="1">
<core>NULL</core>
<MemPortIdVec></MemPortIdVec>
<condition id="0">
<or_exp><and_exp><literal name="tmp_i" val="0"/>
</and_exp></or_exp>
</condition>

<Node id="48" bw="16" op_0_bw="16" op_1_bw="128" op_2_bw="9" op_3_bw="9">
<![CDATA[
:24  %tmp_10_i = call i16 @_ssdm_op_PartSelect.i16.i128.i9.i9(i128 %buf_2d_in_load, i9 32, i9 47) nounwind

]]></Node>
<StgValue><ssdm name="tmp_10_i"/></StgValue>
</operation>

<operation id="41" st_id="4" stage="1" lat="1">
<core>NULL</core>
<MemPortIdVec></MemPortIdVec>
<condition id="0">
<or_exp><and_exp><literal name="tmp_i" val="0"/>
</and_exp></or_exp>
</condition>

<Node id="51" bw="16" op_0_bw="16" op_1_bw="127" op_2_bw="32" op_3_bw="32">
<![CDATA[
:27  %tmp_11_i = call i16 @_ssdm_op_PartSelect.i16.i127.i32.i32(i127 %dct_coeff_table_load, i32 48, i32 63) nounwind

]]></Node>
<StgValue><ssdm name="tmp_11_i"/></StgValue>
</operation>

<operation id="42" st_id="4" stage="1" lat="1">
<core>NULL</core>
<MemPortIdVec></MemPortIdVec>
<condition id="0">
<or_exp><and_exp><literal name="tmp_i" val="0"/>
</and_exp></or_exp>
</condition>

<Node id="53" bw="16" op_0_bw="16" op_1_bw="128" op_2_bw="9" op_3_bw="9">
<![CDATA[
:29  %tmp_12_i = call i16 @_ssdm_op_PartSelect.i16.i128.i9.i9(i128 %buf_2d_in_load, i9 48, i9 63) nounwind

]]></Node>
<StgValue><ssdm name="tmp_12_i"/></StgValue>
</operation>

<operation id="43" st_id="4" stage="1" lat="1">
<core>NULL</core>
<MemPortIdVec></MemPortIdVec>
<condition id="0">
<or_exp><and_exp><literal name="tmp_i" val="0"/>
</and_exp></or_exp>
</condition>

<Node id="56" bw="16" op_0_bw="16" op_1_bw="127" op_2_bw="32" op_3_bw="32">
<![CDATA[
:32  %tmp_13_i = call i16 @_ssdm_op_PartSelect.i16.i127.i32.i32(i127 %dct_coeff_table_load, i32 64, i32 79) nounwind

]]></Node>
<StgValue><ssdm name="tmp_13_i"/></StgValue>
</operation>

<operation id="44" st_id="4" stage="1" lat="1">
<core>NULL</core>
<MemPortIdVec></MemPortIdVec>
<condition id="0">
<or_exp><and_exp><literal name="tmp_i" val="0"/>
</and_exp></or_exp>
</condition>

<Node id="58" bw="16" op_0_bw="16" op_1_bw="128" op_2_bw="9" op_3_bw="9">
<![CDATA[
:34  %tmp_14_i = call i16 @_ssdm_op_PartSelect.i16.i128.i9.i9(i128 %buf_2d_in_load, i9 64, i9 79) nounwind

]]></Node>
<StgValue><ssdm name="tmp_14_i"/></StgValue>
</operation>

<operation id="45" st_id="4" stage="1" lat="1">
<core>NULL</core>
<MemPortIdVec></MemPortIdVec>
<condition id="0">
<or_exp><and_exp><literal name="tmp_i" val="0"/>
</and_exp></or_exp>
</condition>

<Node id="61" bw="16" op_0_bw="16" op_1_bw="127" op_2_bw="32" op_3_bw="32">
<![CDATA[
:37  %tmp_15_i = call i16 @_ssdm_op_PartSelect.i16.i127.i32.i32(i127 %dct_coeff_table_load, i32 80, i32 95) nounwind

]]></Node>
<StgValue><ssdm name="tmp_15_i"/></StgValue>
</operation>

<operation id="46" st_id="4" stage="1" lat="1">
<core>NULL</core>
<MemPortIdVec></MemPortIdVec>
<condition id="0">
<or_exp><and_exp><literal name="tmp_i" val="0"/>
</and_exp></or_exp>
</condition>

<Node id="63" bw="16" op_0_bw="16" op_1_bw="128" op_2_bw="9" op_3_bw="9">
<![CDATA[
:39  %tmp_16_i = call i16 @_ssdm_op_PartSelect.i16.i128.i9.i9(i128 %buf_2d_in_load, i9 80, i9 95) nounwind

]]></Node>
<StgValue><ssdm name="tmp_16_i"/></StgValue>
</operation>

<operation id="47" st_id="4" stage="1" lat="1">
<core>NULL</core>
<MemPortIdVec></MemPortIdVec>
<condition id="0">
<or_exp><and_exp><literal name="tmp_i" val="0"/>
</and_exp></or_exp>
</condition>

<Node id="66" bw="16" op_0_bw="16" op_1_bw="127" op_2_bw="32" op_3_bw="32">
<![CDATA[
:42  %tmp_17_i = call i16 @_ssdm_op_PartSelect.i16.i127.i32.i32(i127 %dct_coeff_table_load, i32 96, i32 111) nounwind

]]></Node>
<StgValue><ssdm name="tmp_17_i"/></StgValue>
</operation>

<operation id="48" st_id="4" stage="1" lat="1">
<core>NULL</core>
<MemPortIdVec></MemPortIdVec>
<condition id="0">
<or_exp><and_exp><literal name="tmp_i" val="0"/>
</and_exp></or_exp>
</condition>

<Node id="68" bw="16" op_0_bw="16" op_1_bw="128" op_2_bw="9" op_3_bw="9">
<![CDATA[
:44  %tmp_18_i = call i16 @_ssdm_op_PartSelect.i16.i128.i9.i9(i128 %buf_2d_in_load, i9 96, i9 111) nounwind

]]></Node>
<StgValue><ssdm name="tmp_18_i"/></StgValue>
</operation>

<operation id="49" st_id="4" stage="1" lat="1">
<core>NULL</core>
<MemPortIdVec></MemPortIdVec>
<condition id="0">
<or_exp><and_exp><literal name="tmp_i" val="0"/>
</and_exp></or_exp>
</condition>

<Node id="71" bw="15" op_0_bw="15" op_1_bw="127" op_2_bw="32" op_3_bw="32">
<![CDATA[
:47  %tmp_1 = call i15 @_ssdm_op_PartSelect.i15.i127.i32.i32(i127 %dct_coeff_table_load, i32 112, i32 126) nounwind

]]></Node>
<StgValue><ssdm name="tmp_1"/></StgValue>
</operation>

<operation id="50" st_id="4" stage="1" lat="1">
<core>NULL</core>
<MemPortIdVec></MemPortIdVec>
<condition id="0">
<or_exp><and_exp><literal name="tmp_i" val="0"/>
</and_exp></or_exp>
</condition>

<Node id="73" bw="16" op_0_bw="16" op_1_bw="128" op_2_bw="9" op_3_bw="9">
<![CDATA[
:49  %tmp_20_i = call i16 @_ssdm_op_PartSelect.i16.i128.i9.i9(i128 %buf_2d_in_load, i9 112, i9 127) nounwind

]]></Node>
<StgValue><ssdm name="tmp_20_i"/></StgValue>
</operation>
</state>

<state id="5" st_id="5">

<operation id="51" st_id="5" stage="1" lat="1">
<core>NULL</core>
<MemPortIdVec></MemPortIdVec>
<condition id="0">
<or_exp><and_exp><literal name="tmp_i" val="0"/>
</and_exp></or_exp>
</condition>

<Node id="36" bw="29" op_0_bw="16">
<![CDATA[
:12  %coeff_cast_i = sext i16 %tmp_49 to i29

]]></Node>
<StgValue><ssdm name="coeff_cast_i"/></StgValue>
</operation>

<operation id="52" st_id="5" stage="1" lat="1">
<core>NULL</core>
<MemPortIdVec></MemPortIdVec>
<condition id="0">
<or_exp><and_exp><literal name="tmp_i" val="0"/>
</and_exp></or_exp>
</condition>

<Node id="39" bw="29" op_0_bw="16">
<![CDATA[
:15  %tmp_2_cast_i = sext i16 %tmp_50 to i29

]]></Node>
<StgValue><ssdm name="tmp_2_cast_i"/></StgValue>
</operation>

<operation id="53" st_id="5" stage="1" lat="1">
<core>DSP48</core>
<MemPortIdVec></MemPortIdVec>
<condition id="0">
<or_exp><and_exp><literal name="tmp_i" val="0"/>
</and_exp></or_exp>
</condition>

<Node id="40" bw="29" op_0_bw="29" op_1_bw="29">
<![CDATA[
:16  %tmp_3_i = mul i29 %coeff_cast_i, %tmp_2_cast_i

]]></Node>
<StgValue><ssdm name="tmp_3_i"/></StgValue>
</operation>

<operation id="54" st_id="5" stage="1" lat="1">
<core>NULL</core>
<MemPortIdVec></MemPortIdVec>
<condition id="0">
<or_exp><and_exp><literal name="tmp_i" val="0"/>
</and_exp></or_exp>
</condition>

<Node id="47" bw="29" op_0_bw="16">
<![CDATA[
:23  %coeff_2_cast_i = sext i16 %tmp_8_i to i29

]]></Node>
<StgValue><ssdm name="coeff_2_cast_i"/></StgValue>
</operation>

<operation id="55" st_id="5" stage="1" lat="1">
<core>NULL</core>
<MemPortIdVec></MemPortIdVec>
<condition id="0">
<or_exp><and_exp><literal name="tmp_i" val="0"/>
</and_exp></or_exp>
</condition>

<Node id="49" bw="29" op_0_bw="16">
<![CDATA[
:25  %tmp_2_2_cast_i = sext i16 %tmp_10_i to i29

]]></Node>
<StgValue><ssdm name="tmp_2_2_cast_i"/></StgValue>
</operation>

<operation id="56" st_id="5" stage="1" lat="1">
<core>DSP48</core>
<MemPortIdVec></MemPortIdVec>
<condition id="0">
<or_exp><and_exp><literal name="tmp_i" val="0"/>
</and_exp></or_exp>
</condition>

<Node id="50" bw="29" op_0_bw="29" op_1_bw="29">
<![CDATA[
:26  %tmp_3_2_i = mul i29 %coeff_2_cast_i, %tmp_2_2_cast_i

]]></Node>
<StgValue><ssdm name="tmp_3_2_i"/></StgValue>
</operation>

<operation id="57" st_id="5" stage="1" lat="1">
<core>NULL</core>
<MemPortIdVec></MemPortIdVec>
<condition id="0">
<or_exp><and_exp><literal name="tmp_i" val="0"/>
</and_exp></or_exp>
</condition>

<Node id="57" bw="29" op_0_bw="16">
<![CDATA[
:33  %coeff_4_cast_i = sext i16 %tmp_13_i to i29

]]></Node>
<StgValue><ssdm name="coeff_4_cast_i"/></StgValue>
</operation>

<operation id="58" st_id="5" stage="1" lat="1">
<core>NULL</core>
<MemPortIdVec></MemPortIdVec>
<condition id="0">
<or_exp><and_exp><literal name="tmp_i" val="0"/>
</and_exp></or_exp>
</condition>

<Node id="59" bw="29" op_0_bw="16">
<![CDATA[
:35  %tmp_2_4_cast_i = sext i16 %tmp_14_i to i29

]]></Node>
<StgValue><ssdm name="tmp_2_4_cast_i"/></StgValue>
</operation>

<operation id="59" st_id="5" stage="1" lat="1">
<core>DSP48</core>
<MemPortIdVec></MemPortIdVec>
<condition id="0">
<or_exp><and_exp><literal name="tmp_i" val="0"/>
</and_exp></or_exp>
</condition>

<Node id="60" bw="29" op_0_bw="29" op_1_bw="29">
<![CDATA[
:36  %tmp_3_4_i = mul i29 %coeff_4_cast_i, %tmp_2_4_cast_i

]]></Node>
<StgValue><ssdm name="tmp_3_4_i"/></StgValue>
</operation>

<operation id="60" st_id="5" stage="1" lat="1">
<core>NULL</core>
<MemPortIdVec></MemPortIdVec>
<condition id="0">
<or_exp><and_exp><literal name="tmp_i" val="0"/>
</and_exp></or_exp>
</condition>

<Node id="67" bw="29" op_0_bw="16">
<![CDATA[
:43  %coeff_6_cast_i = sext i16 %tmp_17_i to i29

]]></Node>
<StgValue><ssdm name="coeff_6_cast_i"/></StgValue>
</operation>

<operation id="61" st_id="5" stage="1" lat="1">
<core>NULL</core>
<MemPortIdVec></MemPortIdVec>
<condition id="0">
<or_exp><and_exp><literal name="tmp_i" val="0"/>
</and_exp></or_exp>
</condition>

<Node id="69" bw="29" op_0_bw="16">
<![CDATA[
:45  %tmp_2_6_cast_i = sext i16 %tmp_18_i to i29

]]></Node>
<StgValue><ssdm name="tmp_2_6_cast_i"/></StgValue>
</operation>

<operation id="62" st_id="5" stage="1" lat="1">
<core>DSP48</core>
<MemPortIdVec></MemPortIdVec>
<condition id="0">
<or_exp><and_exp><literal name="tmp_i" val="0"/>
</and_exp></or_exp>
</condition>

<Node id="70" bw="29" op_0_bw="29" op_1_bw="29">
<![CDATA[
:46  %tmp_3_6_i = mul i29 %coeff_6_cast_i, %tmp_2_6_cast_i

]]></Node>
<StgValue><ssdm name="tmp_3_6_i"/></StgValue>
</operation>

<operation id="63" st_id="5" stage="1" lat="1">
<core>NULL</core>
<MemPortIdVec></MemPortIdVec>
<condition id="0">
<or_exp><and_exp><literal name="tmp_i" val="0"/>
</and_exp></or_exp>
</condition>

<Node id="72" bw="29" op_0_bw="15">
<![CDATA[
:48  %coeff_7_cast_i = sext i15 %tmp_1 to i29

]]></Node>
<StgValue><ssdm name="coeff_7_cast_i"/></StgValue>
</operation>

<operation id="64" st_id="5" stage="1" lat="1">
<core>NULL</core>
<MemPortIdVec></MemPortIdVec>
<condition id="0">
<or_exp><and_exp><literal name="tmp_i" val="0"/>
</and_exp></or_exp>
</condition>

<Node id="74" bw="29" op_0_bw="16">
<![CDATA[
:50  %tmp_2_7_cast_i = sext i16 %tmp_20_i to i29

]]></Node>
<StgValue><ssdm name="tmp_2_7_cast_i"/></StgValue>
</operation>

<operation id="65" st_id="5" stage="1" lat="1">
<core>DSP48</core>
<MemPortIdVec></MemPortIdVec>
<condition id="0">
<or_exp><and_exp><literal name="tmp_i" val="0"/>
</and_exp></or_exp>
</condition>

<Node id="75" bw="29" op_0_bw="29" op_1_bw="29">
<![CDATA[
:51  %tmp_3_7_i = mul i29 %tmp_2_7_cast_i, %coeff_7_cast_i

]]></Node>
<StgValue><ssdm name="tmp_3_7_i"/></StgValue>
</operation>

<operation id="66" st_id="5" stage="1" lat="1">
<core>DSP48</core>
<MemPortIdVec></MemPortIdVec>
<condition id="0">
<or_exp><and_exp><literal name="tmp_i" val="0"/>
</and_exp></or_exp>
</condition>

<Node id="80" bw="29" op_0_bw="29" op_1_bw="29">
<![CDATA[
:56  %tmp7 = add i29 4096, %tmp_3_7_i

]]></Node>
<StgValue><ssdm name="tmp7"/></StgValue>
</operation>

<operation id="67" st_id="5" stage="1" lat="1">
<core>DSP48</core>
<MemPortIdVec></MemPortIdVec>
<condition id="0">
<or_exp><and_exp><literal name="tmp_i" val="0"/>
</and_exp></or_exp>
</condition>

<Node id="81" bw="29" op_0_bw="29" op_1_bw="29">
<![CDATA[
:57  %tmp6 = add i29 %tmp7, %tmp_3_6_i

]]></Node>
<StgValue><ssdm name="tmp6"/></StgValue>
</operation>
</state>

<state id="6" st_id="6">

<operation id="68" st_id="6" stage="1" lat="1">
<core>NULL</core>
<MemPortIdVec></MemPortIdVec>
<condition id="0">
<or_exp><and_exp><literal name="tmp_i" val="0"/>
</and_exp></or_exp>
</condition>

<Node id="42" bw="29" op_0_bw="16">
<![CDATA[
:18  %coeff_1_cast_i = sext i16 %tmp_6_i to i29

]]></Node>
<StgValue><ssdm name="coeff_1_cast_i"/></StgValue>
</operation>

<operation id="69" st_id="6" stage="1" lat="1">
<core>NULL</core>
<MemPortIdVec></MemPortIdVec>
<condition id="0">
<or_exp><and_exp><literal name="tmp_i" val="0"/>
</and_exp></or_exp>
</condition>

<Node id="44" bw="29" op_0_bw="16">
<![CDATA[
:20  %tmp_2_1_cast_i = sext i16 %tmp_7_i to i29

]]></Node>
<StgValue><ssdm name="tmp_2_1_cast_i"/></StgValue>
</operation>

<operation id="70" st_id="6" stage="1" lat="1">
<core>DSP48</core>
<MemPortIdVec></MemPortIdVec>
<condition id="0">
<or_exp><and_exp><literal name="tmp_i" val="0"/>
</and_exp></or_exp>
</condition>

<Node id="45" bw="29" op_0_bw="29" op_1_bw="29">
<![CDATA[
:21  %tmp_3_1_i = mul i29 %coeff_1_cast_i, %tmp_2_1_cast_i

]]></Node>
<StgValue><ssdm name="tmp_3_1_i"/></StgValue>
</operation>

<operation id="71" st_id="6" stage="1" lat="1">
<core>NULL</core>
<MemPortIdVec></MemPortIdVec>
<condition id="0">
<or_exp><and_exp><literal name="tmp_i" val="0"/>
</and_exp></or_exp>
</condition>

<Node id="52" bw="29" op_0_bw="16">
<![CDATA[
:28  %coeff_3_cast_i = sext i16 %tmp_11_i to i29

]]></Node>
<StgValue><ssdm name="coeff_3_cast_i"/></StgValue>
</operation>

<operation id="72" st_id="6" stage="1" lat="1">
<core>NULL</core>
<MemPortIdVec></MemPortIdVec>
<condition id="0">
<or_exp><and_exp><literal name="tmp_i" val="0"/>
</and_exp></or_exp>
</condition>

<Node id="54" bw="29" op_0_bw="16">
<![CDATA[
:30  %tmp_2_3_cast_i = sext i16 %tmp_12_i to i29

]]></Node>
<StgValue><ssdm name="tmp_2_3_cast_i"/></StgValue>
</operation>

<operation id="73" st_id="6" stage="1" lat="1">
<core>DSP48</core>
<MemPortIdVec></MemPortIdVec>
<condition id="0">
<or_exp><and_exp><literal name="tmp_i" val="0"/>
</and_exp></or_exp>
</condition>

<Node id="55" bw="29" op_0_bw="29" op_1_bw="29">
<![CDATA[
:31  %tmp_3_3_i = mul i29 %coeff_3_cast_i, %tmp_2_3_cast_i

]]></Node>
<StgValue><ssdm name="tmp_3_3_i"/></StgValue>
</operation>

<operation id="74" st_id="6" stage="1" lat="1">
<core>NULL</core>
<MemPortIdVec></MemPortIdVec>
<condition id="0">
<or_exp><and_exp><literal name="tmp_i" val="0"/>
</and_exp></or_exp>
</condition>

<Node id="62" bw="29" op_0_bw="16">
<![CDATA[
:38  %coeff_5_cast_i = sext i16 %tmp_15_i to i29

]]></Node>
<StgValue><ssdm name="coeff_5_cast_i"/></StgValue>
</operation>

<operation id="75" st_id="6" stage="1" lat="1">
<core>NULL</core>
<MemPortIdVec></MemPortIdVec>
<condition id="0">
<or_exp><and_exp><literal name="tmp_i" val="0"/>
</and_exp></or_exp>
</condition>

<Node id="64" bw="29" op_0_bw="16">
<![CDATA[
:40  %tmp_2_5_cast_i = sext i16 %tmp_16_i to i29

]]></Node>
<StgValue><ssdm name="tmp_2_5_cast_i"/></StgValue>
</operation>

<operation id="76" st_id="6" stage="1" lat="1">
<core>DSP48</core>
<MemPortIdVec></MemPortIdVec>
<condition id="0">
<or_exp><and_exp><literal name="tmp_i" val="0"/>
</and_exp></or_exp>
</condition>

<Node id="65" bw="29" op_0_bw="29" op_1_bw="29">
<![CDATA[
:41  %tmp_3_5_i = mul i29 %coeff_5_cast_i, %tmp_2_5_cast_i

]]></Node>
<StgValue><ssdm name="tmp_3_5_i"/></StgValue>
</operation>

<operation id="77" st_id="6" stage="1" lat="1">
<core>DSP48</core>
<MemPortIdVec></MemPortIdVec>
<condition id="0">
<or_exp><and_exp><literal name="tmp_i" val="0"/>
</and_exp></or_exp>
</condition>

<Node id="76" bw="29" op_0_bw="29" op_1_bw="29">
<![CDATA[
:52  %tmp2 = add i29 %tmp_3_i, %tmp_3_1_i

]]></Node>
<StgValue><ssdm name="tmp2"/></StgValue>
</operation>

<operation id="78" st_id="6" stage="1" lat="1">
<core>DSP48</core>
<MemPortIdVec></MemPortIdVec>
<condition id="0">
<or_exp><and_exp><literal name="tmp_i" val="0"/>
</and_exp></or_exp>
</condition>

<Node id="77" bw="29" op_0_bw="29" op_1_bw="29">
<![CDATA[
:53  %tmp3 = add i29 %tmp_3_2_i, %tmp_3_3_i

]]></Node>
<StgValue><ssdm name="tmp3"/></StgValue>
</operation>

<operation id="79" st_id="6" stage="1" lat="1">
<core>DSP48</core>
<MemPortIdVec></MemPortIdVec>
<condition id="0">
<or_exp><and_exp><literal name="tmp_i" val="0"/>
</and_exp></or_exp>
</condition>

<Node id="79" bw="29" op_0_bw="29" op_1_bw="29">
<![CDATA[
:55  %tmp5 = add i29 %tmp_3_4_i, %tmp_3_5_i

]]></Node>
<StgValue><ssdm name="tmp5"/></StgValue>
</operation>

<operation id="80" st_id="6" stage="1" lat="1">
<core>AddSub</core>
<MemPortIdVec></MemPortIdVec>
<condition id="0">
<or_exp><and_exp><literal name="tmp_i" val="0"/>
</and_exp></or_exp>
</condition>

<Node id="82" bw="29" op_0_bw="29" op_1_bw="29">
<![CDATA[
:58  %tmp4 = add i29 %tmp6, %tmp5

]]></Node>
<StgValue><ssdm name="tmp4"/></StgValue>
</operation>
</state>

<state id="7" st_id="7">

<operation id="81" st_id="7" stage="1" lat="1">
<core>TAddSub</core>
<MemPortIdVec></MemPortIdVec>
<condition id="0">
<or_exp><and_exp><literal name="tmp_i" val="0"/>
</and_exp></or_exp>
</condition>

<Node id="78" bw="29" op_0_bw="29" op_1_bw="29">
<![CDATA[
:54  %tmp1 = add i29 %tmp3, %tmp2

]]></Node>
<StgValue><ssdm name="tmp1"/></StgValue>
</operation>

<operation id="82" st_id="7" stage="1" lat="1">
<core>TAddSub</core>
<MemPortIdVec></MemPortIdVec>
<condition id="0">
<or_exp><and_exp><literal name="tmp_i" val="0"/>
</and_exp></or_exp>
</condition>

<Node id="83" bw="29" op_0_bw="29" op_1_bw="29">
<![CDATA[
:59  %tmp_9_i = add i29 %tmp4, %tmp1

]]></Node>
<StgValue><ssdm name="tmp_9_i"/></StgValue>
</operation>

<operation id="83" st_id="7" stage="1" lat="1">
<core>NULL</core>
<MemPortIdVec></MemPortIdVec>
<condition id="0">
<or_exp><and_exp><literal name="tmp_i" val="0"/>
</and_exp></or_exp>
</condition>

<Node id="84" bw="16" op_0_bw="16" op_1_bw="29" op_2_bw="32" op_3_bw="32">
<![CDATA[
:60  %tmp_1_i = call i16 @_ssdm_op_PartSelect.i16.i29.i32.i32(i29 %tmp_9_i, i32 13, i32 28)

]]></Node>
<StgValue><ssdm name="tmp_1_i"/></StgValue>
</operation>
</state>

<state id="8" st_id="8">

<operation id="84" st_id="8" stage="1" lat="1">
<core>NULL</core>
<MemPortIdVec></MemPortIdVec>
<condition id="0">
<or_exp><and_exp><literal name="tmp_i" val="0"/>
</and_exp></or_exp>
</condition>

<Node id="27" bw="32" op_0_bw="8">
<![CDATA[
:3  %tmp_17_cast = zext i8 %tmp_4 to i32

]]></Node>
<StgValue><ssdm name="tmp_17_cast"/></StgValue>
</operation>

<operation id="85" st_id="8" stage="1" lat="1">
<core>NULL</core>
<MemPortIdVec></MemPortIdVec>
<condition id="0">
<or_exp><and_exp><literal name="tmp_i" val="0"/>
</and_exp></or_exp>
</condition>

<Node id="28" bw="6" op_0_bw="16" op_1_bw="32" op_2_bw="32">
<![CDATA[
:4  %row_outbuf_i_addr = getelementptr [64 x i16]* %row_outbuf_i, i32 0, i32 %tmp_17_cast

]]></Node>
<StgValue><ssdm name="row_outbuf_i_addr"/></StgValue>
</operation>

<operation id="86" st_id="8" stage="1" lat="1">
<core>NULL</core>
<MemPortIdVec></MemPortIdVec>
<condition id="0">
<or_exp><and_exp><literal name="tmp_i" val="0"/>
</and_exp></or_exp>
</condition>

<Node id="29" bw="32" op_0_bw="32" op_1_bw="64" op_2_bw="64" op_3_bw="64">
<![CDATA[
:5  %empty_28 = call i32 (...)* @_ssdm_op_SpecLoopTripCount(i64 8, i64 8, i64 8) nounwind

]]></Node>
<StgValue><ssdm name="empty_28"/></StgValue>
</operation>

<operation id="87" st_id="8" stage="1" lat="1">
<core>NULL</core>
<MemPortIdVec></MemPortIdVec>
<condition id="0">
<or_exp><and_exp><literal name="tmp_i" val="0"/>
</and_exp></or_exp>
</condition>

<Node id="30" bw="0" op_0_bw="0" op_1_bw="0">
<![CDATA[
:6  call void (...)* @_ssdm_op_SpecLoopName([15 x i8]* @p_str2) nounwind

]]></Node>
<StgValue><ssdm name=""/></StgValue>
</operation>

<operation id="88" st_id="8" stage="1" lat="1">
<core>NULL</core>
<MemPortIdVec></MemPortIdVec>
<condition id="0">
<or_exp><and_exp><literal name="tmp_i" val="0"/>
</and_exp></or_exp>
</condition>

<Node id="31" bw="32" op_0_bw="32" op_1_bw="0">
<![CDATA[
:7  %tmp_2_i = call i32 (...)* @_ssdm_op_SpecRegionBegin([15 x i8]* @p_str2) nounwind

]]></Node>
<StgValue><ssdm name="tmp_2_i"/></StgValue>
</operation>

<operation id="89" st_id="8" stage="1" lat="1">
<core>NULL</core>
<MemPortIdVec></MemPortIdVec>
<condition id="0">
<or_exp><and_exp><literal name="tmp_i" val="0"/>
</and_exp></or_exp>
</condition>

<Node id="32" bw="0" op_0_bw="0" op_1_bw="32" op_2_bw="32" op_3_bw="32" op_4_bw="32" op_5_bw="0">
<![CDATA[
:8  call void (...)* @_ssdm_op_SpecPipeline(i32 -1, i32 1, i32 1, i32 0, [1 x i8]* @p_str1) nounwind

]]></Node>
<StgValue><ssdm name=""/></StgValue>
</operation>

<operation id="90" st_id="8" stage="1" lat="1">
<core>RAM</core>
<MemPortIdVec>0 </MemPortIdVec>
<condition id="0">
<or_exp><and_exp><literal name="tmp_i" val="0"/>
</and_exp></or_exp>
</condition>

<Node id="85" bw="0" op_0_bw="16" op_1_bw="6">
<![CDATA[
:61  store i16 %tmp_1_i, i16* %row_outbuf_i_addr, align 2

]]></Node>
<StgValue><ssdm name=""/></StgValue>
</operation>

<operation id="91" st_id="8" stage="1" lat="1">
<core>NULL</core>
<MemPortIdVec></MemPortIdVec>
<condition id="0">
<or_exp><and_exp><literal name="tmp_i" val="0"/>
</and_exp></or_exp>
</condition>

<Node id="86" bw="32" op_0_bw="32" op_1_bw="0" op_2_bw="32">
<![CDATA[
:62  %empty_29 = call i32 (...)* @_ssdm_op_SpecRegionEnd([15 x i8]* @p_str2, i32 %tmp_2_i) nounwind

]]></Node>
<StgValue><ssdm name="empty_29"/></StgValue>
</operation>

<operation id="92" st_id="8" stage="1" lat="1">
<core>NULL</core>
<MemPortIdVec></MemPortIdVec>
<condition id="0">
<or_exp><and_exp><literal name="tmp_i" val="0"/>
</and_exp></or_exp>
</condition>

<Node id="87" bw="0" op_0_bw="0">
<![CDATA[
:63  br label %1

]]></Node>
<StgValue><ssdm name=""/></StgValue>
</operation>
</state>

<state id="9" st_id="9">

<operation id="93" st_id="9" stage="1" lat="1">
<core>NULL</core>
<MemPortIdVec></MemPortIdVec>
<condition id="15">
<or_exp><and_exp></and_exp></or_exp>
</condition>

<Node id="89" bw="0" op_0_bw="0">
<![CDATA[
dct_1d.exit.loopexit:0  br label %dct_1d.exit

]]></Node>
<StgValue><ssdm name=""/></StgValue>
</operation>
</state>
</state_list>


<ports>
<port id="113" name="buf_2d_in" dir="0" iftype="1">
<core>RAM</core><StgValue><ssdm name="buf_2d_in"/><MemPortTyVec>1 3 </MemPortTyVec>
</StgValue>
</port>
<port id="114" name="row_outbuf_i" dir="1" iftype="1">
<core>RAM</core><StgValue><ssdm name="row_outbuf_i"/><MemPortTyVec>0 3 </MemPortTyVec>
</StgValue>
</port>
<port id="115" name="dct_coeff_table" dir="0" iftype="1">
<core>ROM_nP</core><StgValue><ssdm name="dct_coeff_table"/><MemPortTyVec>1 </MemPortTyVec>
</StgValue>
</port>
</ports>


<dataflows>
<dataflow id="117" from="StgValue_116" to="i_0_i" fromId="116" toId="11">
<condition id="48">
<or_exp><and_exp></and_exp></or_exp>
</condition>
</dataflow>
<dataflow id="118" from="StgValue_10" to="i_0_i" fromId="10" toId="11">
</dataflow>
<dataflow id="119" from="i" to="i_0_i" fromId="13" toId="11">
<BackEdge/>
<condition id="49">
<or_exp><and_exp></and_exp></or_exp>
</condition>
</dataflow>
<dataflow id="120" from="StgValue_93" to="i_0_i" fromId="93" toId="11">
<BackEdge/>
</dataflow>
<dataflow id="121" from="i_0_i" to="tmp" fromId="11" toId="12">
</dataflow>
<dataflow id="123" from="StgValue_122" to="tmp" fromId="122" toId="12">
</dataflow>
<dataflow id="124" from="i_0_i" to="i" fromId="11" toId="13">
</dataflow>
<dataflow id="126" from="StgValue_125" to="i" fromId="125" toId="13">
</dataflow>
<dataflow id="127" from="tmp" to="StgValue_14" fromId="12" toId="14">
</dataflow>
<dataflow id="129" from="_ssdm_op_SpecLoopTripCount" to="empty" fromId="128" toId="15">
</dataflow>
<dataflow id="131" from="StgValue_130" to="empty" fromId="130" toId="15">
</dataflow>
<dataflow id="132" from="StgValue_130" to="empty" fromId="130" toId="15">
</dataflow>
<dataflow id="133" from="StgValue_130" to="empty" fromId="130" toId="15">
</dataflow>
<dataflow id="135" from="_ssdm_op_SpecLoopName" to="StgValue_16" fromId="134" toId="16">
</dataflow>
<dataflow id="137" from="p_str4" to="StgValue_16" fromId="136" toId="16">
</dataflow>
<dataflow id="138" from="i_0_i" to="i_2_i1_cast_i" fromId="11" toId="17">
</dataflow>
<dataflow id="140" from="_ssdm_op_BitConcatenate.i7.i4.i3" to="tmp_s" fromId="139" toId="18">
</dataflow>
<dataflow id="141" from="i_0_i" to="tmp_s" fromId="11" toId="18">
</dataflow>
<dataflow id="143" from="StgValue_142" to="tmp_s" fromId="142" toId="18">
</dataflow>
<dataflow id="144" from="tmp_s" to="tmp_16_cast" fromId="18" toId="19">
</dataflow>
<dataflow id="145" from="buf_2d_in" to="buf_2d_in_addr" fromId="113" toId="20">
</dataflow>
<dataflow id="147" from="StgValue_146" to="buf_2d_in_addr" fromId="146" toId="20">
</dataflow>
<dataflow id="148" from="i_2_i1_cast_i" to="buf_2d_in_addr" fromId="17" toId="20">
</dataflow>
<dataflow id="149" from="StgValue_116" to="k_i" fromId="116" toId="23">
<condition id="50">
<or_exp><and_exp><literal name="tmp" val="0"/>
</and_exp></or_exp>
</condition>
</dataflow>
<dataflow id="150" from="StgValue_21" to="k_i" fromId="21" toId="23">
</dataflow>
<dataflow id="151" from="k" to="k_i" fromId="25" toId="23">
<BackEdge/>
<condition id="51">
<or_exp><and_exp><literal name="tmp_i" val="0"/>
</and_exp></or_exp>
</condition>
</dataflow>
<dataflow id="152" from="StgValue_92" to="k_i" fromId="92" toId="23">
<BackEdge/>
</dataflow>
<dataflow id="153" from="k_i" to="tmp_i" fromId="23" toId="24">
</dataflow>
<dataflow id="154" from="StgValue_122" to="tmp_i" fromId="122" toId="24">
</dataflow>
<dataflow id="155" from="k_i" to="k" fromId="23" toId="25">
</dataflow>
<dataflow id="156" from="StgValue_125" to="k" fromId="125" toId="25">
</dataflow>
<dataflow id="157" from="tmp_i" to="StgValue_26" fromId="24" toId="26">
</dataflow>
<dataflow id="158" from="k_i" to="k_cast1_i" fromId="23" toId="27">
</dataflow>
<dataflow id="159" from="k_i" to="k_cast1_i_cast" fromId="23" toId="28">
</dataflow>
<dataflow id="160" from="k_cast1_i_cast" to="tmp_4" fromId="28" toId="29">
</dataflow>
<dataflow id="161" from="tmp_16_cast" to="tmp_4" fromId="19" toId="29">
</dataflow>
<dataflow id="162" from="dct_coeff_table" to="dct_coeff_table_addr" fromId="115" toId="30">
</dataflow>
<dataflow id="163" from="StgValue_146" to="dct_coeff_table_addr" fromId="146" toId="30">
</dataflow>
<dataflow id="164" from="k_cast1_i" to="dct_coeff_table_addr" fromId="27" toId="30">
</dataflow>
<dataflow id="165" from="dct_coeff_table_addr" to="dct_coeff_table_load" fromId="30" toId="31">
</dataflow>
<dataflow id="166" from="buf_2d_in_addr" to="buf_2d_in_load" fromId="20" toId="32">
</dataflow>
<dataflow id="167" from="dct_coeff_table_addr" to="dct_coeff_table_load" fromId="30" toId="33">
</dataflow>
<dataflow id="168" from="dct_coeff_table_load" to="tmp_49" fromId="33" toId="34">
</dataflow>
<dataflow id="169" from="buf_2d_in_addr" to="buf_2d_in_load" fromId="20" toId="35">
</dataflow>
<dataflow id="170" from="buf_2d_in_load" to="tmp_50" fromId="35" toId="36">
</dataflow>
<dataflow id="172" from="_ssdm_op_PartSelect.i16.i127.i32.i32" to="tmp_6_i" fromId="171" toId="37">
</dataflow>
<dataflow id="173" from="dct_coeff_table_load" to="tmp_6_i" fromId="33" toId="37">
</dataflow>
<dataflow id="175" from="StgValue_174" to="tmp_6_i" fromId="174" toId="37">
</dataflow>
<dataflow id="177" from="StgValue_176" to="tmp_6_i" fromId="176" toId="37">
</dataflow>
<dataflow id="179" from="_ssdm_op_PartSelect.i16.i128.i9.i9" to="tmp_7_i" fromId="178" toId="38">
</dataflow>
<dataflow id="180" from="buf_2d_in_load" to="tmp_7_i" fromId="35" toId="38">
</dataflow>
<dataflow id="182" from="StgValue_181" to="tmp_7_i" fromId="181" toId="38">
</dataflow>
<dataflow id="184" from="StgValue_183" to="tmp_7_i" fromId="183" toId="38">
</dataflow>
<dataflow id="185" from="_ssdm_op_PartSelect.i16.i127.i32.i32" to="tmp_8_i" fromId="171" toId="39">
</dataflow>
<dataflow id="186" from="dct_coeff_table_load" to="tmp_8_i" fromId="33" toId="39">
</dataflow>
<dataflow id="188" from="StgValue_187" to="tmp_8_i" fromId="187" toId="39">
</dataflow>
<dataflow id="190" from="StgValue_189" to="tmp_8_i" fromId="189" toId="39">
</dataflow>
<dataflow id="191" from="_ssdm_op_PartSelect.i16.i128.i9.i9" to="tmp_10_i" fromId="178" toId="40">
</dataflow>
<dataflow id="192" from="buf_2d_in_load" to="tmp_10_i" fromId="35" toId="40">
</dataflow>
<dataflow id="194" from="StgValue_193" to="tmp_10_i" fromId="193" toId="40">
</dataflow>
<dataflow id="196" from="StgValue_195" to="tmp_10_i" fromId="195" toId="40">
</dataflow>
<dataflow id="197" from="_ssdm_op_PartSelect.i16.i127.i32.i32" to="tmp_11_i" fromId="171" toId="41">
</dataflow>
<dataflow id="198" from="dct_coeff_table_load" to="tmp_11_i" fromId="33" toId="41">
</dataflow>
<dataflow id="200" from="StgValue_199" to="tmp_11_i" fromId="199" toId="41">
</dataflow>
<dataflow id="202" from="StgValue_201" to="tmp_11_i" fromId="201" toId="41">
</dataflow>
<dataflow id="203" from="_ssdm_op_PartSelect.i16.i128.i9.i9" to="tmp_12_i" fromId="178" toId="42">
</dataflow>
<dataflow id="204" from="buf_2d_in_load" to="tmp_12_i" fromId="35" toId="42">
</dataflow>
<dataflow id="206" from="StgValue_205" to="tmp_12_i" fromId="205" toId="42">
</dataflow>
<dataflow id="208" from="StgValue_207" to="tmp_12_i" fromId="207" toId="42">
</dataflow>
<dataflow id="209" from="_ssdm_op_PartSelect.i16.i127.i32.i32" to="tmp_13_i" fromId="171" toId="43">
</dataflow>
<dataflow id="210" from="dct_coeff_table_load" to="tmp_13_i" fromId="33" toId="43">
</dataflow>
<dataflow id="212" from="StgValue_211" to="tmp_13_i" fromId="211" toId="43">
</dataflow>
<dataflow id="214" from="StgValue_213" to="tmp_13_i" fromId="213" toId="43">
</dataflow>
<dataflow id="215" from="_ssdm_op_PartSelect.i16.i128.i9.i9" to="tmp_14_i" fromId="178" toId="44">
</dataflow>
<dataflow id="216" from="buf_2d_in_load" to="tmp_14_i" fromId="35" toId="44">
</dataflow>
<dataflow id="218" from="StgValue_217" to="tmp_14_i" fromId="217" toId="44">
</dataflow>
<dataflow id="220" from="StgValue_219" to="tmp_14_i" fromId="219" toId="44">
</dataflow>
<dataflow id="221" from="_ssdm_op_PartSelect.i16.i127.i32.i32" to="tmp_15_i" fromId="171" toId="45">
</dataflow>
<dataflow id="222" from="dct_coeff_table_load" to="tmp_15_i" fromId="33" toId="45">
</dataflow>
<dataflow id="224" from="StgValue_223" to="tmp_15_i" fromId="223" toId="45">
</dataflow>
<dataflow id="226" from="StgValue_225" to="tmp_15_i" fromId="225" toId="45">
</dataflow>
<dataflow id="227" from="_ssdm_op_PartSelect.i16.i128.i9.i9" to="tmp_16_i" fromId="178" toId="46">
</dataflow>
<dataflow id="228" from="buf_2d_in_load" to="tmp_16_i" fromId="35" toId="46">
</dataflow>
<dataflow id="230" from="StgValue_229" to="tmp_16_i" fromId="229" toId="46">
</dataflow>
<dataflow id="232" from="StgValue_231" to="tmp_16_i" fromId="231" toId="46">
</dataflow>
<dataflow id="233" from="_ssdm_op_PartSelect.i16.i127.i32.i32" to="tmp_17_i" fromId="171" toId="47">
</dataflow>
<dataflow id="234" from="dct_coeff_table_load" to="tmp_17_i" fromId="33" toId="47">
</dataflow>
<dataflow id="236" from="StgValue_235" to="tmp_17_i" fromId="235" toId="47">
</dataflow>
<dataflow id="238" from="StgValue_237" to="tmp_17_i" fromId="237" toId="47">
</dataflow>
<dataflow id="239" from="_ssdm_op_PartSelect.i16.i128.i9.i9" to="tmp_18_i" fromId="178" toId="48">
</dataflow>
<dataflow id="240" from="buf_2d_in_load" to="tmp_18_i" fromId="35" toId="48">
</dataflow>
<dataflow id="242" from="StgValue_241" to="tmp_18_i" fromId="241" toId="48">
</dataflow>
<dataflow id="244" from="StgValue_243" to="tmp_18_i" fromId="243" toId="48">
</dataflow>
<dataflow id="246" from="_ssdm_op_PartSelect.i15.i127.i32.i32" to="tmp_1" fromId="245" toId="49">
</dataflow>
<dataflow id="247" from="dct_coeff_table_load" to="tmp_1" fromId="33" toId="49">
</dataflow>
<dataflow id="249" from="StgValue_248" to="tmp_1" fromId="248" toId="49">
</dataflow>
<dataflow id="251" from="StgValue_250" to="tmp_1" fromId="250" toId="49">
</dataflow>
<dataflow id="252" from="_ssdm_op_PartSelect.i16.i128.i9.i9" to="tmp_20_i" fromId="178" toId="50">
</dataflow>
<dataflow id="253" from="buf_2d_in_load" to="tmp_20_i" fromId="35" toId="50">
</dataflow>
<dataflow id="255" from="StgValue_254" to="tmp_20_i" fromId="254" toId="50">
</dataflow>
<dataflow id="257" from="StgValue_256" to="tmp_20_i" fromId="256" toId="50">
</dataflow>
<dataflow id="258" from="tmp_49" to="coeff_cast_i" fromId="34" toId="51">
</dataflow>
<dataflow id="259" from="tmp_50" to="tmp_2_cast_i" fromId="36" toId="52">
</dataflow>
<dataflow id="260" from="coeff_cast_i" to="tmp_3_i" fromId="51" toId="53">
</dataflow>
<dataflow id="261" from="tmp_2_cast_i" to="tmp_3_i" fromId="52" toId="53">
</dataflow>
<dataflow id="262" from="tmp_8_i" to="coeff_2_cast_i" fromId="39" toId="54">
</dataflow>
<dataflow id="263" from="tmp_10_i" to="tmp_2_2_cast_i" fromId="40" toId="55">
</dataflow>
<dataflow id="264" from="coeff_2_cast_i" to="tmp_3_2_i" fromId="54" toId="56">
</dataflow>
<dataflow id="265" from="tmp_2_2_cast_i" to="tmp_3_2_i" fromId="55" toId="56">
</dataflow>
<dataflow id="266" from="tmp_13_i" to="coeff_4_cast_i" fromId="43" toId="57">
</dataflow>
<dataflow id="267" from="tmp_14_i" to="tmp_2_4_cast_i" fromId="44" toId="58">
</dataflow>
<dataflow id="268" from="coeff_4_cast_i" to="tmp_3_4_i" fromId="57" toId="59">
</dataflow>
<dataflow id="269" from="tmp_2_4_cast_i" to="tmp_3_4_i" fromId="58" toId="59">
</dataflow>
<dataflow id="270" from="tmp_17_i" to="coeff_6_cast_i" fromId="47" toId="60">
</dataflow>
<dataflow id="271" from="tmp_18_i" to="tmp_2_6_cast_i" fromId="48" toId="61">
</dataflow>
<dataflow id="272" from="coeff_6_cast_i" to="tmp_3_6_i" fromId="60" toId="62">
</dataflow>
<dataflow id="273" from="tmp_2_6_cast_i" to="tmp_3_6_i" fromId="61" toId="62">
</dataflow>
<dataflow id="274" from="tmp_1" to="coeff_7_cast_i" fromId="49" toId="63">
</dataflow>
<dataflow id="275" from="tmp_20_i" to="tmp_2_7_cast_i" fromId="50" toId="64">
</dataflow>
<dataflow id="276" from="tmp_2_7_cast_i" to="tmp_3_7_i" fromId="64" toId="65">
</dataflow>
<dataflow id="277" from="coeff_7_cast_i" to="tmp_3_7_i" fromId="63" toId="65">
</dataflow>
<dataflow id="279" from="StgValue_278" to="tmp7" fromId="278" toId="66">
</dataflow>
<dataflow id="280" from="tmp_3_7_i" to="tmp7" fromId="65" toId="66">
</dataflow>
<dataflow id="281" from="tmp7" to="tmp6" fromId="66" toId="67">
</dataflow>
<dataflow id="282" from="tmp_3_6_i" to="tmp6" fromId="62" toId="67">
</dataflow>
<dataflow id="283" from="tmp_6_i" to="coeff_1_cast_i" fromId="37" toId="68">
</dataflow>
<dataflow id="284" from="tmp_7_i" to="tmp_2_1_cast_i" fromId="38" toId="69">
</dataflow>
<dataflow id="285" from="coeff_1_cast_i" to="tmp_3_1_i" fromId="68" toId="70">
</dataflow>
<dataflow id="286" from="tmp_2_1_cast_i" to="tmp_3_1_i" fromId="69" toId="70">
</dataflow>
<dataflow id="287" from="tmp_11_i" to="coeff_3_cast_i" fromId="41" toId="71">
</dataflow>
<dataflow id="288" from="tmp_12_i" to="tmp_2_3_cast_i" fromId="42" toId="72">
</dataflow>
<dataflow id="289" from="coeff_3_cast_i" to="tmp_3_3_i" fromId="71" toId="73">
</dataflow>
<dataflow id="290" from="tmp_2_3_cast_i" to="tmp_3_3_i" fromId="72" toId="73">
</dataflow>
<dataflow id="291" from="tmp_15_i" to="coeff_5_cast_i" fromId="45" toId="74">
</dataflow>
<dataflow id="292" from="tmp_16_i" to="tmp_2_5_cast_i" fromId="46" toId="75">
</dataflow>
<dataflow id="293" from="coeff_5_cast_i" to="tmp_3_5_i" fromId="74" toId="76">
</dataflow>
<dataflow id="294" from="tmp_2_5_cast_i" to="tmp_3_5_i" fromId="75" toId="76">
</dataflow>
<dataflow id="295" from="tmp_3_i" to="tmp2" fromId="53" toId="77">
</dataflow>
<dataflow id="296" from="tmp_3_1_i" to="tmp2" fromId="70" toId="77">
</dataflow>
<dataflow id="297" from="tmp_3_2_i" to="tmp3" fromId="56" toId="78">
</dataflow>
<dataflow id="298" from="tmp_3_3_i" to="tmp3" fromId="73" toId="78">
</dataflow>
<dataflow id="299" from="tmp_3_4_i" to="tmp5" fromId="59" toId="79">
</dataflow>
<dataflow id="300" from="tmp_3_5_i" to="tmp5" fromId="76" toId="79">
</dataflow>
<dataflow id="301" from="tmp6" to="tmp4" fromId="67" toId="80">
</dataflow>
<dataflow id="302" from="tmp5" to="tmp4" fromId="79" toId="80">
</dataflow>
<dataflow id="303" from="tmp3" to="tmp1" fromId="78" toId="81">
</dataflow>
<dataflow id="304" from="tmp2" to="tmp1" fromId="77" toId="81">
</dataflow>
<dataflow id="305" from="tmp4" to="tmp_9_i" fromId="80" toId="82">
</dataflow>
<dataflow id="306" from="tmp1" to="tmp_9_i" fromId="81" toId="82">
</dataflow>
<dataflow id="308" from="_ssdm_op_PartSelect.i16.i29.i32.i32" to="tmp_1_i" fromId="307" toId="83">
</dataflow>
<dataflow id="309" from="tmp_9_i" to="tmp_1_i" fromId="82" toId="83">
</dataflow>
<dataflow id="311" from="StgValue_310" to="tmp_1_i" fromId="310" toId="83">
</dataflow>
<dataflow id="313" from="StgValue_312" to="tmp_1_i" fromId="312" toId="83">
</dataflow>
<dataflow id="314" from="tmp_4" to="tmp_17_cast" fromId="29" toId="84">
</dataflow>
<dataflow id="315" from="row_outbuf_i" to="row_outbuf_i_addr" fromId="114" toId="85">
</dataflow>
<dataflow id="316" from="StgValue_146" to="row_outbuf_i_addr" fromId="146" toId="85">
</dataflow>
<dataflow id="317" from="tmp_17_cast" to="row_outbuf_i_addr" fromId="84" toId="85">
</dataflow>
<dataflow id="318" from="_ssdm_op_SpecLoopTripCount" to="empty_28" fromId="128" toId="86">
</dataflow>
<dataflow id="319" from="StgValue_130" to="empty_28" fromId="130" toId="86">
</dataflow>
<dataflow id="320" from="StgValue_130" to="empty_28" fromId="130" toId="86">
</dataflow>
<dataflow id="321" from="StgValue_130" to="empty_28" fromId="130" toId="86">
</dataflow>
<dataflow id="322" from="_ssdm_op_SpecLoopName" to="StgValue_87" fromId="134" toId="87">
</dataflow>
<dataflow id="324" from="p_str2" to="StgValue_87" fromId="323" toId="87">
</dataflow>
<dataflow id="326" from="_ssdm_op_SpecRegionBegin" to="tmp_2_i" fromId="325" toId="88">
</dataflow>
<dataflow id="327" from="p_str2" to="tmp_2_i" fromId="323" toId="88">
</dataflow>
<dataflow id="329" from="_ssdm_op_SpecPipeline" to="StgValue_89" fromId="328" toId="89">
</dataflow>
<dataflow id="331" from="StgValue_330" to="StgValue_89" fromId="330" toId="89">
</dataflow>
<dataflow id="333" from="StgValue_332" to="StgValue_89" fromId="332" toId="89">
</dataflow>
<dataflow id="334" from="StgValue_332" to="StgValue_89" fromId="332" toId="89">
</dataflow>
<dataflow id="335" from="StgValue_146" to="StgValue_89" fromId="146" toId="89">
</dataflow>
<dataflow id="337" from="p_str1" to="StgValue_89" fromId="336" toId="89">
</dataflow>
<dataflow id="338" from="tmp_1_i" to="StgValue_90" fromId="83" toId="90">
</dataflow>
<dataflow id="339" from="row_outbuf_i_addr" to="StgValue_90" fromId="85" toId="90">
</dataflow>
<dataflow id="341" from="_ssdm_op_SpecRegionEnd" to="empty_29" fromId="340" toId="91">
</dataflow>
<dataflow id="342" from="p_str2" to="empty_29" fromId="323" toId="91">
</dataflow>
<dataflow id="343" from="tmp_2_i" to="empty_29" fromId="88" toId="91">
</dataflow>
<dataflow id="344" from="tmp" to="StgValue_2" fromId="12" toId="2">
</dataflow>
<dataflow id="345" from="tmp_i" to="StgValue_3" fromId="24" toId="3">
</dataflow>
<dataflow id="346" from="tmp_i" to="StgValue_4" fromId="24" toId="4">
</dataflow>
<dataflow id="347" from="tmp_i" to="StgValue_5" fromId="24" toId="5">
</dataflow>
<dataflow id="348" from="tmp_i" to="StgValue_6" fromId="24" toId="6">
</dataflow>
<dataflow id="349" from="tmp_i" to="StgValue_7" fromId="24" toId="7">
</dataflow>
<dataflow id="350" from="tmp_i" to="StgValue_8" fromId="24" toId="8">
</dataflow>
<dataflow id="351" from="tmp" to="StgValue_3" fromId="12" toId="3">
</dataflow>
<dataflow id="352" from="tmp" to="StgValue_4" fromId="12" toId="4">
</dataflow>
<dataflow id="353" from="tmp" to="StgValue_5" fromId="12" toId="5">
</dataflow>
<dataflow id="354" from="tmp" to="StgValue_6" fromId="12" toId="6">
</dataflow>
<dataflow id="355" from="tmp" to="StgValue_7" fromId="12" toId="7">
</dataflow>
<dataflow id="356" from="tmp" to="StgValue_8" fromId="12" toId="8">
</dataflow>
</dataflows>


</stg>
