<stg><name>read_data</name>


<trans_list>

<trans id="67" from="1" to="2">
<condition id="47">
<or_exp><and_exp></and_exp></or_exp>
</condition>
</trans>

<trans id="81" from="2" to="8">
<condition id="57">
<or_exp><and_exp><literal name="exitcond_flatten" val="1"/>
</and_exp></or_exp>
</condition>
</trans>

<trans id="82" from="2" to="3">
<condition id="63">
<or_exp><and_exp><literal name="exitcond_flatten" val="0"/>
</and_exp></or_exp>
</condition>
</trans>

<trans id="76" from="3" to="4">
<condition id="58">
<or_exp><and_exp></and_exp></or_exp>
</condition>
</trans>

<trans id="77" from="4" to="5">
<condition id="59">
<or_exp><and_exp></and_exp></or_exp>
</condition>
</trans>

<trans id="78" from="5" to="6">
<condition id="60">
<or_exp><and_exp></and_exp></or_exp>
</condition>
</trans>

<trans id="79" from="6" to="7">
<condition id="61">
<or_exp><and_exp></and_exp></or_exp>
</condition>
</trans>

<trans id="80" from="7" to="2">
<condition id="62">
<or_exp><and_exp></and_exp></or_exp>
</condition>
</trans>
</trans_list>



<state_list>

<state id="1" st_id="1">

<operation id="9" st_id="1" stage="1" lat="1">
<core>NULL</core>
<MemPortIdVec></MemPortIdVec>
<condition id="44">
<or_exp><and_exp></and_exp></or_exp>
</condition>

<Node id="3" bw="0" op_0_bw="0">
<![CDATA[
:0  br label %1

]]></Node>
<StgValue><ssdm name=""/></StgValue>
</operation>
</state>

<state id="2" st_id="2">

<operation id="10" st_id="2" stage="1" lat="1">
<core>NULL</core>
<MemPortIdVec></MemPortIdVec>
<condition id="-1">
<or_exp><and_exp></and_exp></or_exp>
</condition>

<Node id="5" bw="7" op_0_bw="7" op_1_bw="0">
<![CDATA[
:0  %indvar_flatten = phi i7 [ 0, %0 ], [ %indvar_flatten_next, %.reset ]

]]></Node>
<StgValue><ssdm name="indvar_flatten"/></StgValue>
</operation>

<operation id="11" st_id="2" stage="1" lat="1">
<core>NULL</core>
<MemPortIdVec></MemPortIdVec>
<condition id="-1">
<or_exp><and_exp></and_exp></or_exp>
</condition>

<Node id="6" bw="4" op_0_bw="4" op_1_bw="0">
<![CDATA[
:1  %r = phi i4 [ 0, %0 ], [ %r_cast4_mid2_v, %.reset ]

]]></Node>
<StgValue><ssdm name="r"/></StgValue>
</operation>

<operation id="12" st_id="2" stage="1" lat="1">
<core>NULL</core>
<MemPortIdVec></MemPortIdVec>
<condition id="-1">
<or_exp><and_exp></and_exp></or_exp>
</condition>

<Node id="7" bw="4" op_0_bw="4" op_1_bw="0">
<![CDATA[
:2  %c = phi i4 [ 0, %0 ], [ %c_2, %.reset ]

]]></Node>
<StgValue><ssdm name="c"/></StgValue>
</operation>

<operation id="13" st_id="2" stage="1" lat="1">
<core>Cmp</core>
<MemPortIdVec></MemPortIdVec>
<condition id="-1">
<or_exp><and_exp></and_exp></or_exp>
</condition>

<Node id="8" bw="1" op_0_bw="7" op_1_bw="7">
<![CDATA[
:3  %exitcond_flatten = icmp eq i7 %indvar_flatten, -64

]]></Node>
<StgValue><ssdm name="exitcond_flatten"/></StgValue>
</operation>

<operation id="14" st_id="2" stage="1" lat="1">
<core>AddSub</core>
<MemPortIdVec></MemPortIdVec>
<condition id="-1">
<or_exp><and_exp></and_exp></or_exp>
</condition>

<Node id="9" bw="7" op_0_bw="7" op_1_bw="7">
<![CDATA[
:4  %indvar_flatten_next = add i7 %indvar_flatten, 1

]]></Node>
<StgValue><ssdm name="indvar_flatten_next"/></StgValue>
</operation>

<operation id="15" st_id="2" stage="1" lat="1">
<core>NULL</core>
<MemPortIdVec></MemPortIdVec>
<condition id="-1">
<or_exp><and_exp></and_exp></or_exp>
</condition>

<Node id="10" bw="0" op_0_bw="1" op_1_bw="0" op_2_bw="0">
<![CDATA[
:5  br i1 %exitcond_flatten, label %2, label %.reset

]]></Node>
<StgValue><ssdm name=""/></StgValue>
</operation>
</state>

<state id="3" st_id="3">

<operation id="16" st_id="3" stage="1" lat="1">
<core>AddSub</core>
<MemPortIdVec></MemPortIdVec>
<condition id="0">
<or_exp><and_exp><literal name="exitcond_flatten" val="0"/>
</and_exp></or_exp>
</condition>

<Node id="12" bw="4" op_0_bw="4" op_1_bw="4">
<![CDATA[
.reset:0  %r_2 = add i4 1, %r

]]></Node>
<StgValue><ssdm name="r_2"/></StgValue>
</operation>

<operation id="17" st_id="3" stage="1" lat="1">
<core>Cmp</core>
<MemPortIdVec></MemPortIdVec>
<condition id="0">
<or_exp><and_exp><literal name="exitcond_flatten" val="0"/>
</and_exp></or_exp>
</condition>

<Node id="15" bw="1" op_0_bw="4" op_1_bw="4">
<![CDATA[
.reset:3  %exitcond5 = icmp eq i4 %c, -8

]]></Node>
<StgValue><ssdm name="exitcond5"/></StgValue>
</operation>

<operation id="18" st_id="3" stage="1" lat="1">
<core>Sel</core>
<MemPortIdVec></MemPortIdVec>
<condition id="0">
<or_exp><and_exp><literal name="exitcond_flatten" val="0"/>
</and_exp></or_exp>
</condition>

<Node id="16" bw="4" op_0_bw="1" op_1_bw="4" op_2_bw="4">
<![CDATA[
.reset:4  %c_mid2 = select i1 %exitcond5, i4 0, i4 %c

]]></Node>
<StgValue><ssdm name="c_mid2"/></StgValue>
</operation>

<operation id="19" st_id="3" stage="1" lat="1">
<core>Sel</core>
<MemPortIdVec></MemPortIdVec>
<condition id="0">
<or_exp><and_exp><literal name="exitcond_flatten" val="0"/>
</and_exp></or_exp>
</condition>

<Node id="17" bw="4" op_0_bw="1" op_1_bw="4" op_2_bw="4">
<![CDATA[
.reset:5  %r_cast4_mid2_v = select i1 %exitcond5, i4 %r_2, i4 %r

]]></Node>
<StgValue><ssdm name="r_cast4_mid2_v"/></StgValue>
</operation>

<operation id="20" st_id="3" stage="1" lat="1">
<core>NULL</core>
<MemPortIdVec></MemPortIdVec>
<condition id="0">
<or_exp><and_exp><literal name="exitcond_flatten" val="0"/>
</and_exp></or_exp>
</condition>

<Node id="18" bw="32" op_0_bw="4">
<![CDATA[
.reset:6  %r_cast4_mid2 = zext i4 %r_cast4_mid2_v to i32

]]></Node>
<StgValue><ssdm name="r_cast4_mid2"/></StgValue>
</operation>

<operation id="21" st_id="3" stage="1" lat="1">
<core>NULL</core>
<MemPortIdVec></MemPortIdVec>
<condition id="0">
<or_exp><and_exp><literal name="exitcond_flatten" val="0"/>
</and_exp></or_exp>
</condition>

<Node id="19" bw="3" op_0_bw="4">
<![CDATA[
.reset:7  %tmp = trunc i4 %r_cast4_mid2_v to i3

]]></Node>
<StgValue><ssdm name="tmp"/></StgValue>
</operation>

<operation id="22" st_id="3" stage="1" lat="1">
<core>NULL</core>
<MemPortIdVec></MemPortIdVec>
<condition id="0">
<or_exp><and_exp><literal name="exitcond_flatten" val="0"/>
</and_exp></or_exp>
</condition>

<Node id="29" bw="3" op_0_bw="128" op_1_bw="32" op_2_bw="32">
<![CDATA[
.reset:17  %buf_addr = getelementptr [8 x i128]* %buf_r, i32 0, i32 %r_cast4_mid2

]]></Node>
<StgValue><ssdm name="buf_addr"/></StgValue>
</operation>

<operation id="23" st_id="3" stage="1" lat="1">
<core>NULL</core>
<MemPortIdVec></MemPortIdVec>
<condition id="0">
<or_exp><and_exp><literal name="exitcond_flatten" val="0"/>
</and_exp></or_exp>
</condition>

<Node id="31" bw="3" op_0_bw="4">
<![CDATA[
.reset:19  %tmp_2 = trunc i4 %c_mid2 to i3

]]></Node>
<StgValue><ssdm name="tmp_2"/></StgValue>
</operation>
</state>

<state id="4" st_id="4">

<operation id="24" st_id="4" stage="1" lat="1">
<core>NULL</core>
<MemPortIdVec></MemPortIdVec>
<condition id="0">
<or_exp><and_exp><literal name="exitcond_flatten" val="0"/>
</and_exp></or_exp>
</condition>

<Node id="20" bw="6" op_0_bw="6" op_1_bw="3" op_2_bw="3">
<![CDATA[
.reset:8  %tmp_mid2 = call i6 @_ssdm_op_BitConcatenate.i6.i3.i3(i3 %tmp, i3 0)

]]></Node>
<StgValue><ssdm name="tmp_mid2"/></StgValue>
</operation>

<operation id="25" st_id="4" stage="1" lat="1">
<core>NULL</core>
<MemPortIdVec></MemPortIdVec>
<condition id="0">
<or_exp><and_exp><literal name="exitcond_flatten" val="0"/>
</and_exp></or_exp>
</condition>

<Node id="21" bw="6" op_0_bw="4">
<![CDATA[
.reset:9  %c_cast2 = zext i4 %c_mid2 to i6

]]></Node>
<StgValue><ssdm name="c_cast2"/></StgValue>
</operation>

<operation id="26" st_id="4" stage="1" lat="1">
<core>AddSub</core>
<MemPortIdVec></MemPortIdVec>
<condition id="0">
<or_exp><and_exp><literal name="exitcond_flatten" val="0"/>
</and_exp></or_exp>
</condition>

<Node id="25" bw="6" op_0_bw="6" op_1_bw="6">
<![CDATA[
.reset:13  %sum = add i6 %c_cast2, %tmp_mid2

]]></Node>
<StgValue><ssdm name="sum"/></StgValue>
</operation>

<operation id="27" st_id="4" stage="1" lat="1">
<core>NULL</core>
<MemPortIdVec></MemPortIdVec>
<condition id="0">
<or_exp><and_exp><literal name="exitcond_flatten" val="0"/>
</and_exp></or_exp>
</condition>

<Node id="26" bw="32" op_0_bw="6">
<![CDATA[
.reset:14  %sum_cast = zext i6 %sum to i32

]]></Node>
<StgValue><ssdm name="sum_cast"/></StgValue>
</operation>

<operation id="28" st_id="4" stage="1" lat="1">
<core>NULL</core>
<MemPortIdVec></MemPortIdVec>
<condition id="0">
<or_exp><and_exp><literal name="exitcond_flatten" val="0"/>
</and_exp></or_exp>
</condition>

<Node id="27" bw="6" op_0_bw="16" op_1_bw="32" op_2_bw="32">
<![CDATA[
.reset:15  %input_addr = getelementptr [64 x i16]* %input_r, i32 0, i32 %sum_cast

]]></Node>
<StgValue><ssdm name="input_addr"/></StgValue>
</operation>

<operation id="29" st_id="4" stage="2" lat="2">
<core>RAM</core>
<MemPortIdVec>0 </MemPortIdVec>
<condition id="0">
<or_exp><and_exp><literal name="exitcond_flatten" val="0"/>
</and_exp></or_exp>
</condition>

<Node id="28" bw="16" op_0_bw="6">
<![CDATA[
.reset:16  %input_load = load i16* %input_addr, align 2

]]></Node>
<StgValue><ssdm name="input_load"/></StgValue>
</operation>

<operation id="30" st_id="4" stage="1" lat="1">
<core>AddSub</core>
<MemPortIdVec></MemPortIdVec>
<condition id="0">
<or_exp><and_exp><literal name="exitcond_flatten" val="0"/>
</and_exp></or_exp>
</condition>

<Node id="58" bw="4" op_0_bw="4" op_1_bw="4">
<![CDATA[
.reset:46  %c_2 = add i4 1, %c_mid2

]]></Node>
<StgValue><ssdm name="c_2"/></StgValue>
</operation>
</state>

<state id="5" st_id="5">

<operation id="31" st_id="5" stage="1" lat="2">
<core>RAM</core>
<MemPortIdVec>0 </MemPortIdVec>
<condition id="0">
<or_exp><and_exp><literal name="exitcond_flatten" val="0"/>
</and_exp></or_exp>
</condition>

<Node id="28" bw="16" op_0_bw="6">
<![CDATA[
.reset:16  %input_load = load i16* %input_addr, align 2

]]></Node>
<StgValue><ssdm name="input_load"/></StgValue>
</operation>

<operation id="32" st_id="5" stage="1" lat="1">
<core>NULL</core>
<MemPortIdVec></MemPortIdVec>
<condition id="0">
<or_exp><and_exp><literal name="exitcond_flatten" val="0"/>
</and_exp></or_exp>
</condition>

<Node id="32" bw="7" op_0_bw="7" op_1_bw="3" op_2_bw="4">
<![CDATA[
.reset:20  %tmp_7 = call i7 @_ssdm_op_BitConcatenate.i7.i3.i4(i3 %tmp_2, i4 0)

]]></Node>
<StgValue><ssdm name="tmp_7"/></StgValue>
</operation>

<operation id="33" st_id="5" stage="1" lat="1">
<core>NULL</core>
<MemPortIdVec></MemPortIdVec>
<condition id="0">
<or_exp><and_exp><literal name="exitcond_flatten" val="0"/>
</and_exp></or_exp>
</condition>

<Node id="33" bw="7" op_0_bw="7" op_1_bw="7">
<![CDATA[
.reset:21  %tmp_8 = or i7 %tmp_7, 15

]]></Node>
<StgValue><ssdm name="tmp_8"/></StgValue>
</operation>

<operation id="34" st_id="5" stage="1" lat="1">
<core>Cmp</core>
<MemPortIdVec></MemPortIdVec>
<condition id="0">
<or_exp><and_exp><literal name="exitcond_flatten" val="0"/>
</and_exp></or_exp>
</condition>

<Node id="34" bw="1" op_0_bw="7" op_1_bw="7">
<![CDATA[
.reset:22  %tmp_3 = icmp ugt i7 %tmp_7, %tmp_8

]]></Node>
<StgValue><ssdm name="tmp_3"/></StgValue>
</operation>

<operation id="35" st_id="5" stage="1" lat="1">
<core>NULL</core>
<MemPortIdVec></MemPortIdVec>
<condition id="0">
<or_exp><and_exp><literal name="exitcond_flatten" val="0"/>
</and_exp></or_exp>
</condition>

<Node id="35" bw="8" op_0_bw="7">
<![CDATA[
.reset:23  %tmp_5 = zext i7 %tmp_7 to i8

]]></Node>
<StgValue><ssdm name="tmp_5"/></StgValue>
</operation>

<operation id="36" st_id="5" stage="1" lat="1">
<core>NULL</core>
<MemPortIdVec></MemPortIdVec>
<condition id="0">
<or_exp><and_exp><literal name="exitcond_flatten" val="0"/>
</and_exp></or_exp>
</condition>

<Node id="36" bw="8" op_0_bw="7">
<![CDATA[
.reset:24  %tmp_6 = zext i7 %tmp_8 to i8

]]></Node>
<StgValue><ssdm name="tmp_6"/></StgValue>
</operation>

<operation id="37" st_id="5" stage="1" lat="1">
<core>Sel</core>
<MemPortIdVec></MemPortIdVec>
<condition id="0">
<or_exp><and_exp><literal name="exitcond_flatten" val="0"/>
</and_exp></or_exp>
</condition>

<Node id="39" bw="8" op_0_bw="1" op_1_bw="8" op_2_bw="8">
<![CDATA[
.reset:27  %tmp_11 = select i1 %tmp_3, i8 %tmp_5, i8 %tmp_6

]]></Node>
<StgValue><ssdm name="tmp_11"/></StgValue>
</operation>

<operation id="38" st_id="5" stage="1" lat="1">
<core>Sel</core>
<MemPortIdVec></MemPortIdVec>
<condition id="0">
<or_exp><and_exp><literal name="exitcond_flatten" val="0"/>
</and_exp></or_exp>
</condition>

<Node id="40" bw="8" op_0_bw="1" op_1_bw="8" op_2_bw="8">
<![CDATA[
.reset:28  %tmp_12 = select i1 %tmp_3, i8 %tmp_6, i8 %tmp_5

]]></Node>
<StgValue><ssdm name="tmp_12"/></StgValue>
</operation>

<operation id="39" st_id="5" stage="1" lat="1">
<core>LogicGate</core>
<MemPortIdVec></MemPortIdVec>
<condition id="0">
<or_exp><and_exp><literal name="exitcond_flatten" val="0"/>
</and_exp></or_exp>
</condition>

<Node id="42" bw="8" op_0_bw="8" op_1_bw="8">
<![CDATA[
.reset:30  %tmp_14 = xor i8 %tmp_11, 127

]]></Node>
<StgValue><ssdm name="tmp_14"/></StgValue>
</operation>

<operation id="40" st_id="5" stage="1" lat="1">
<core>NULL</core>
<MemPortIdVec></MemPortIdVec>
<condition id="0">
<or_exp><and_exp><literal name="exitcond_flatten" val="0"/>
</and_exp></or_exp>
</condition>

<Node id="44" bw="128" op_0_bw="8">
<![CDATA[
.reset:32  %tmp_16 = zext i8 %tmp_12 to i128

]]></Node>
<StgValue><ssdm name="tmp_16"/></StgValue>
</operation>

<operation id="41" st_id="5" stage="1" lat="1">
<core>NULL</core>
<MemPortIdVec></MemPortIdVec>
<condition id="0">
<or_exp><and_exp><literal name="exitcond_flatten" val="0"/>
</and_exp></or_exp>
</condition>

<Node id="45" bw="128" op_0_bw="8">
<![CDATA[
.reset:33  %tmp_17 = zext i8 %tmp_14 to i128

]]></Node>
<StgValue><ssdm name="tmp_17"/></StgValue>
</operation>

<operation id="42" st_id="5" stage="1" lat="1">
<core>Shift</core>
<MemPortIdVec></MemPortIdVec>
<condition id="0">
<or_exp><and_exp><literal name="exitcond_flatten" val="0"/>
</and_exp></or_exp>
</condition>

<Node id="49" bw="128" op_0_bw="128" op_1_bw="128">
<![CDATA[
.reset:37  %tmp_21 = shl i128 -1, %tmp_16

]]></Node>
<StgValue><ssdm name="tmp_21"/></StgValue>
</operation>

<operation id="43" st_id="5" stage="1" lat="1">
<core>Shift</core>
<MemPortIdVec></MemPortIdVec>
<condition id="0">
<or_exp><and_exp><literal name="exitcond_flatten" val="0"/>
</and_exp></or_exp>
</condition>

<Node id="50" bw="128" op_0_bw="128" op_1_bw="128">
<![CDATA[
.reset:38  %tmp_22 = lshr i128 -1, %tmp_17

]]></Node>
<StgValue><ssdm name="tmp_22"/></StgValue>
</operation>

<operation id="44" st_id="5" stage="1" lat="1">
<core>LogicGate</core>
<MemPortIdVec></MemPortIdVec>
<condition id="0">
<or_exp><and_exp><literal name="exitcond_flatten" val="0"/>
</and_exp></or_exp>
</condition>

<Node id="51" bw="128" op_0_bw="128" op_1_bw="128">
<![CDATA[
.reset:39  %p_demorgan = and i128 %tmp_21, %tmp_22

]]></Node>
<StgValue><ssdm name="p_demorgan"/></StgValue>
</operation>
</state>

<state id="6" st_id="6">

<operation id="45" st_id="6" stage="2" lat="2">
<core>RAM</core>
<MemPortIdVec>0 </MemPortIdVec>
<condition id="0">
<or_exp><and_exp><literal name="exitcond_flatten" val="0"/>
</and_exp></or_exp>
</condition>

<Node id="30" bw="128" op_0_bw="3">
<![CDATA[
.reset:18  %buf_load = load i128* %buf_addr, align 8

]]></Node>
<StgValue><ssdm name="buf_load"/></StgValue>
</operation>

<operation id="46" st_id="6" stage="1" lat="1">
<core>NULL</core>
<MemPortIdVec></MemPortIdVec>
<condition id="0">
<or_exp><and_exp><literal name="exitcond_flatten" val="0"/>
</and_exp></or_exp>
</condition>

<Node id="37" bw="128" op_0_bw="16">
<![CDATA[
.reset:25  %tmp_9 = zext i16 %input_load to i128

]]></Node>
<StgValue><ssdm name="tmp_9"/></StgValue>
</operation>

<operation id="47" st_id="6" stage="1" lat="1">
<core>LogicGate</core>
<MemPortIdVec></MemPortIdVec>
<condition id="64">
<or_exp><and_exp><literal name="exitcond_flatten" val="0"/>
<literal name="tmp_3" val="1"/>
</and_exp></or_exp>
</condition>

<Node id="38" bw="8" op_0_bw="8" op_1_bw="8">
<![CDATA[
.reset:26  %tmp_10 = xor i8 %tmp_5, 127

]]></Node>
<StgValue><ssdm name="tmp_10"/></StgValue>
</operation>

<operation id="48" st_id="6" stage="1" lat="1">
<core>Sel</core>
<MemPortIdVec></MemPortIdVec>
<condition id="0">
<or_exp><and_exp><literal name="exitcond_flatten" val="0"/>
</and_exp></or_exp>
</condition>

<Node id="41" bw="8" op_0_bw="1" op_1_bw="8" op_2_bw="8">
<![CDATA[
.reset:29  %tmp_13 = select i1 %tmp_3, i8 %tmp_10, i8 %tmp_5

]]></Node>
<StgValue><ssdm name="tmp_13"/></StgValue>
</operation>

<operation id="49" st_id="6" stage="1" lat="1">
<core>NULL</core>
<MemPortIdVec></MemPortIdVec>
<condition id="0">
<or_exp><and_exp><literal name="exitcond_flatten" val="0"/>
</and_exp></or_exp>
</condition>

<Node id="43" bw="128" op_0_bw="8">
<![CDATA[
.reset:31  %tmp_15 = zext i8 %tmp_13 to i128

]]></Node>
<StgValue><ssdm name="tmp_15"/></StgValue>
</operation>

<operation id="50" st_id="6" stage="1" lat="1">
<core>Shift</core>
<MemPortIdVec></MemPortIdVec>
<condition id="0">
<or_exp><and_exp><literal name="exitcond_flatten" val="0"/>
</and_exp></or_exp>
</condition>

<Node id="46" bw="128" op_0_bw="128" op_1_bw="128">
<![CDATA[
.reset:34  %tmp_18 = shl i128 %tmp_9, %tmp_15

]]></Node>
<StgValue><ssdm name="tmp_18"/></StgValue>
</operation>
</state>

<state id="7" st_id="7">

<operation id="51" st_id="7" stage="1" lat="1">
<core>NULL</core>
<MemPortIdVec></MemPortIdVec>
<condition id="0">
<or_exp><and_exp><literal name="exitcond_flatten" val="0"/>
</and_exp></or_exp>
</condition>

<Node id="13" bw="0" op_0_bw="0" op_1_bw="0">
<![CDATA[
.reset:1  call void (...)* @_ssdm_op_SpecLoopName([24 x i8]* @RD_Loop_Row_RD_Loop_s)

]]></Node>
<StgValue><ssdm name=""/></StgValue>
</operation>

<operation id="52" st_id="7" stage="1" lat="1">
<core>NULL</core>
<MemPortIdVec></MemPortIdVec>
<condition id="0">
<or_exp><and_exp><literal name="exitcond_flatten" val="0"/>
</and_exp></or_exp>
</condition>

<Node id="14" bw="32" op_0_bw="32" op_1_bw="64" op_2_bw="64" op_3_bw="64">
<![CDATA[
.reset:2  %empty = call i32 (...)* @_ssdm_op_SpecLoopTripCount(i64 64, i64 64, i64 64)

]]></Node>
<StgValue><ssdm name="empty"/></StgValue>
</operation>

<operation id="53" st_id="7" stage="1" lat="1">
<core>NULL</core>
<MemPortIdVec></MemPortIdVec>
<condition id="0">
<or_exp><and_exp><literal name="exitcond_flatten" val="0"/>
</and_exp></or_exp>
</condition>

<Node id="22" bw="0" op_0_bw="0" op_1_bw="0">
<![CDATA[
.reset:10  call void (...)* @_ssdm_op_SpecLoopName([12 x i8]* @p_str11) nounwind

]]></Node>
<StgValue><ssdm name=""/></StgValue>
</operation>

<operation id="54" st_id="7" stage="1" lat="1">
<core>NULL</core>
<MemPortIdVec></MemPortIdVec>
<condition id="0">
<or_exp><and_exp><literal name="exitcond_flatten" val="0"/>
</and_exp></or_exp>
</condition>

<Node id="23" bw="32" op_0_bw="32" op_1_bw="0">
<![CDATA[
.reset:11  %tmp_4 = call i32 (...)* @_ssdm_op_SpecRegionBegin([12 x i8]* @p_str11)

]]></Node>
<StgValue><ssdm name="tmp_4"/></StgValue>
</operation>

<operation id="55" st_id="7" stage="1" lat="1">
<core>NULL</core>
<MemPortIdVec></MemPortIdVec>
<condition id="0">
<or_exp><and_exp><literal name="exitcond_flatten" val="0"/>
</and_exp></or_exp>
</condition>

<Node id="24" bw="0" op_0_bw="0" op_1_bw="32" op_2_bw="32" op_3_bw="32" op_4_bw="32" op_5_bw="0">
<![CDATA[
.reset:12  call void (...)* @_ssdm_op_SpecPipeline(i32 -1, i32 1, i32 1, i32 0, [1 x i8]* @p_str1) nounwind

]]></Node>
<StgValue><ssdm name=""/></StgValue>
</operation>

<operation id="56" st_id="7" stage="1" lat="2">
<core>RAM</core>
<MemPortIdVec>0 </MemPortIdVec>
<condition id="0">
<or_exp><and_exp><literal name="exitcond_flatten" val="0"/>
</and_exp></or_exp>
</condition>

<Node id="30" bw="128" op_0_bw="3">
<![CDATA[
.reset:18  %buf_load = load i128* %buf_addr, align 8

]]></Node>
<StgValue><ssdm name="buf_load"/></StgValue>
</operation>

<operation id="57" st_id="7" stage="1" lat="1">
<core>NULL</core>
<MemPortIdVec></MemPortIdVec>
<condition id="65">
<or_exp><and_exp><literal name="exitcond_flatten" val="0"/>
<literal name="tmp_3" val="1"/>
</and_exp></or_exp>
</condition>

<Node id="47" bw="128" op_0_bw="128" op_1_bw="128" op_2_bw="32" op_3_bw="32">
<![CDATA[
.reset:35  %tmp_19 = call i128 @llvm.part.select.i128(i128 %tmp_18, i32 127, i32 0)

]]></Node>
<StgValue><ssdm name="tmp_19"/></StgValue>
</operation>

<operation id="58" st_id="7" stage="1" lat="1">
<core>Sel</core>
<MemPortIdVec></MemPortIdVec>
<condition id="0">
<or_exp><and_exp><literal name="exitcond_flatten" val="0"/>
</and_exp></or_exp>
</condition>

<Node id="48" bw="128" op_0_bw="1" op_1_bw="128" op_2_bw="128">
<![CDATA[
.reset:36  %tmp_20 = select i1 %tmp_3, i128 %tmp_19, i128 %tmp_18

]]></Node>
<StgValue><ssdm name="tmp_20"/></StgValue>
</operation>

<operation id="59" st_id="7" stage="1" lat="1">
<core>LogicGate</core>
<MemPortIdVec></MemPortIdVec>
<condition id="0">
<or_exp><and_exp><literal name="exitcond_flatten" val="0"/>
</and_exp></or_exp>
</condition>

<Node id="52" bw="128" op_0_bw="128" op_1_bw="128">
<![CDATA[
.reset:40  %tmp_23 = xor i128 %p_demorgan, -1

]]></Node>
<StgValue><ssdm name="tmp_23"/></StgValue>
</operation>

<operation id="60" st_id="7" stage="1" lat="1">
<core>LogicGate</core>
<MemPortIdVec></MemPortIdVec>
<condition id="0">
<or_exp><and_exp><literal name="exitcond_flatten" val="0"/>
</and_exp></or_exp>
</condition>

<Node id="53" bw="128" op_0_bw="128" op_1_bw="128">
<![CDATA[
.reset:41  %tmp_24 = and i128 %buf_load, %tmp_23

]]></Node>
<StgValue><ssdm name="tmp_24"/></StgValue>
</operation>

<operation id="61" st_id="7" stage="1" lat="1">
<core>LogicGate</core>
<MemPortIdVec></MemPortIdVec>
<condition id="0">
<or_exp><and_exp><literal name="exitcond_flatten" val="0"/>
</and_exp></or_exp>
</condition>

<Node id="54" bw="128" op_0_bw="128" op_1_bw="128">
<![CDATA[
.reset:42  %tmp_25 = and i128 %tmp_20, %p_demorgan

]]></Node>
<StgValue><ssdm name="tmp_25"/></StgValue>
</operation>

<operation id="62" st_id="7" stage="1" lat="1">
<core>LogicGate</core>
<MemPortIdVec></MemPortIdVec>
<condition id="0">
<or_exp><and_exp><literal name="exitcond_flatten" val="0"/>
</and_exp></or_exp>
</condition>

<Node id="55" bw="128" op_0_bw="128" op_1_bw="128">
<![CDATA[
.reset:43  %tmp_26 = or i128 %tmp_24, %tmp_25

]]></Node>
<StgValue><ssdm name="tmp_26"/></StgValue>
</operation>

<operation id="63" st_id="7" stage="1" lat="1">
<core>RAM</core>
<MemPortIdVec>0 </MemPortIdVec>
<condition id="0">
<or_exp><and_exp><literal name="exitcond_flatten" val="0"/>
</and_exp></or_exp>
</condition>

<Node id="56" bw="0" op_0_bw="128" op_1_bw="3">
<![CDATA[
.reset:44  store i128 %tmp_26, i128* %buf_addr, align 8

]]></Node>
<StgValue><ssdm name=""/></StgValue>
</operation>

<operation id="64" st_id="7" stage="1" lat="1">
<core>NULL</core>
<MemPortIdVec></MemPortIdVec>
<condition id="0">
<or_exp><and_exp><literal name="exitcond_flatten" val="0"/>
</and_exp></or_exp>
</condition>

<Node id="57" bw="32" op_0_bw="32" op_1_bw="0" op_2_bw="32">
<![CDATA[
.reset:45  %empty_10 = call i32 (...)* @_ssdm_op_SpecRegionEnd([12 x i8]* @p_str11, i32 %tmp_4)

]]></Node>
<StgValue><ssdm name="empty_10"/></StgValue>
</operation>

<operation id="65" st_id="7" stage="1" lat="1">
<core>NULL</core>
<MemPortIdVec></MemPortIdVec>
<condition id="0">
<or_exp><and_exp><literal name="exitcond_flatten" val="0"/>
</and_exp></or_exp>
</condition>

<Node id="59" bw="0" op_0_bw="0">
<![CDATA[
.reset:47  br label %1

]]></Node>
<StgValue><ssdm name=""/></StgValue>
</operation>
</state>

<state id="8" st_id="8">

<operation id="66" st_id="8" stage="1" lat="1">
<core>NULL</core>
<MemPortIdVec></MemPortIdVec>
<condition id="45">
<or_exp><and_exp></and_exp></or_exp>
</condition>

<Node id="61" bw="0">
<![CDATA[
:0  ret void

]]></Node>
<StgValue><ssdm name=""/></StgValue>
</operation>
</state>
</state_list>


<ports>
<port id="83" name="input_r" dir="0" iftype="1">
<core>RAM</core><StgValue><ssdm name="input_r"/><MemPortTyVec>1 3 </MemPortTyVec>
</StgValue>
</port>
<port id="84" name="buf_r" dir="2" iftype="1">
<core>RAM</core><StgValue><ssdm name="buf_r"/><MemPortTyVec>2 3 </MemPortTyVec>
</StgValue>
</port>
</ports>


<dataflows>
<dataflow id="86" from="StgValue_85" to="indvar_flatten" fromId="85" toId="10">
<condition id="74">
<or_exp><and_exp></and_exp></or_exp>
</condition>
</dataflow>
<dataflow id="87" from="StgValue_9" to="indvar_flatten" fromId="9" toId="10">
</dataflow>
<dataflow id="88" from="indvar_flatten_next" to="indvar_flatten" fromId="14" toId="10">
<BackEdge/>
<condition id="75">
<or_exp><and_exp><literal name="exitcond_flatten" val="0"/>
</and_exp></or_exp>
</condition>
</dataflow>
<dataflow id="89" from="StgValue_65" to="indvar_flatten" fromId="65" toId="10">
<BackEdge/>
</dataflow>
<dataflow id="91" from="StgValue_90" to="r" fromId="90" toId="11">
<condition id="76">
<or_exp><and_exp></and_exp></or_exp>
</condition>
</dataflow>
<dataflow id="92" from="StgValue_9" to="r" fromId="9" toId="11">
</dataflow>
<dataflow id="93" from="r_cast4_mid2_v" to="r" fromId="19" toId="11">
<BackEdge/>
<condition id="77">
<or_exp><and_exp><literal name="exitcond_flatten" val="0"/>
</and_exp></or_exp>
</condition>
</dataflow>
<dataflow id="94" from="StgValue_65" to="r" fromId="65" toId="11">
<BackEdge/>
</dataflow>
<dataflow id="95" from="StgValue_90" to="c" fromId="90" toId="12">
<condition id="78">
<or_exp><and_exp></and_exp></or_exp>
</condition>
</dataflow>
<dataflow id="96" from="StgValue_9" to="c" fromId="9" toId="12">
</dataflow>
<dataflow id="97" from="c_2" to="c" fromId="30" toId="12">
<BackEdge/>
<condition id="79">
<or_exp><and_exp><literal name="exitcond_flatten" val="0"/>
</and_exp></or_exp>
</condition>
</dataflow>
<dataflow id="98" from="StgValue_65" to="c" fromId="65" toId="12">
<BackEdge/>
</dataflow>
<dataflow id="99" from="indvar_flatten" to="exitcond_flatten" fromId="10" toId="13">
</dataflow>
<dataflow id="101" from="StgValue_100" to="exitcond_flatten" fromId="100" toId="13">
</dataflow>
<dataflow id="102" from="indvar_flatten" to="indvar_flatten_next" fromId="10" toId="14">
</dataflow>
<dataflow id="104" from="StgValue_103" to="indvar_flatten_next" fromId="103" toId="14">
</dataflow>
<dataflow id="105" from="exitcond_flatten" to="StgValue_15" fromId="13" toId="15">
</dataflow>
<dataflow id="107" from="StgValue_106" to="r_2" fromId="106" toId="16">
</dataflow>
<dataflow id="108" from="r" to="r_2" fromId="11" toId="16">
</dataflow>
<dataflow id="109" from="c" to="exitcond5" fromId="12" toId="17">
</dataflow>
<dataflow id="111" from="StgValue_110" to="exitcond5" fromId="110" toId="17">
</dataflow>
<dataflow id="112" from="exitcond5" to="c_mid2" fromId="17" toId="18">
</dataflow>
<dataflow id="113" from="StgValue_90" to="c_mid2" fromId="90" toId="18">
</dataflow>
<dataflow id="114" from="c" to="c_mid2" fromId="12" toId="18">
</dataflow>
<dataflow id="115" from="exitcond5" to="r_cast4_mid2_v" fromId="17" toId="19">
</dataflow>
<dataflow id="116" from="r_2" to="r_cast4_mid2_v" fromId="16" toId="19">
</dataflow>
<dataflow id="117" from="r" to="r_cast4_mid2_v" fromId="11" toId="19">
</dataflow>
<dataflow id="118" from="r_cast4_mid2_v" to="r_cast4_mid2" fromId="19" toId="20">
</dataflow>
<dataflow id="119" from="r_cast4_mid2_v" to="tmp" fromId="19" toId="21">
</dataflow>
<dataflow id="120" from="buf_r" to="buf_addr" fromId="84" toId="22">
</dataflow>
<dataflow id="122" from="StgValue_121" to="buf_addr" fromId="121" toId="22">
</dataflow>
<dataflow id="123" from="r_cast4_mid2" to="buf_addr" fromId="20" toId="22">
</dataflow>
<dataflow id="124" from="c_mid2" to="tmp_2" fromId="18" toId="23">
</dataflow>
<dataflow id="126" from="_ssdm_op_BitConcatenate.i6.i3.i3" to="tmp_mid2" fromId="125" toId="24">
</dataflow>
<dataflow id="127" from="tmp" to="tmp_mid2" fromId="21" toId="24">
</dataflow>
<dataflow id="129" from="StgValue_128" to="tmp_mid2" fromId="128" toId="24">
</dataflow>
<dataflow id="130" from="c_mid2" to="c_cast2" fromId="18" toId="25">
</dataflow>
<dataflow id="131" from="c_cast2" to="sum" fromId="25" toId="26">
</dataflow>
<dataflow id="132" from="tmp_mid2" to="sum" fromId="24" toId="26">
</dataflow>
<dataflow id="133" from="sum" to="sum_cast" fromId="26" toId="27">
</dataflow>
<dataflow id="134" from="input_r" to="input_addr" fromId="83" toId="28">
</dataflow>
<dataflow id="135" from="StgValue_121" to="input_addr" fromId="121" toId="28">
</dataflow>
<dataflow id="136" from="sum_cast" to="input_addr" fromId="27" toId="28">
</dataflow>
<dataflow id="137" from="input_addr" to="input_load" fromId="28" toId="29">
</dataflow>
<dataflow id="138" from="StgValue_106" to="c_2" fromId="106" toId="30">
</dataflow>
<dataflow id="139" from="c_mid2" to="c_2" fromId="18" toId="30">
</dataflow>
<dataflow id="140" from="input_addr" to="input_load" fromId="28" toId="31">
</dataflow>
<dataflow id="142" from="_ssdm_op_BitConcatenate.i7.i3.i4" to="tmp_7" fromId="141" toId="32">
</dataflow>
<dataflow id="143" from="tmp_2" to="tmp_7" fromId="23" toId="32">
</dataflow>
<dataflow id="144" from="StgValue_90" to="tmp_7" fromId="90" toId="32">
</dataflow>
<dataflow id="145" from="tmp_7" to="tmp_8" fromId="32" toId="33">
</dataflow>
<dataflow id="147" from="StgValue_146" to="tmp_8" fromId="146" toId="33">
</dataflow>
<dataflow id="148" from="tmp_7" to="tmp_3" fromId="32" toId="34">
</dataflow>
<dataflow id="149" from="tmp_8" to="tmp_3" fromId="33" toId="34">
</dataflow>
<dataflow id="150" from="tmp_7" to="tmp_5" fromId="32" toId="35">
</dataflow>
<dataflow id="151" from="tmp_8" to="tmp_6" fromId="33" toId="36">
</dataflow>
<dataflow id="152" from="tmp_3" to="tmp_11" fromId="34" toId="37">
</dataflow>
<dataflow id="153" from="tmp_5" to="tmp_11" fromId="35" toId="37">
</dataflow>
<dataflow id="154" from="tmp_6" to="tmp_11" fromId="36" toId="37">
</dataflow>
<dataflow id="155" from="tmp_3" to="tmp_12" fromId="34" toId="38">
</dataflow>
<dataflow id="156" from="tmp_6" to="tmp_12" fromId="36" toId="38">
</dataflow>
<dataflow id="157" from="tmp_5" to="tmp_12" fromId="35" toId="38">
</dataflow>
<dataflow id="158" from="tmp_11" to="tmp_14" fromId="37" toId="39">
</dataflow>
<dataflow id="160" from="StgValue_159" to="tmp_14" fromId="159" toId="39">
</dataflow>
<dataflow id="161" from="tmp_12" to="tmp_16" fromId="38" toId="40">
</dataflow>
<dataflow id="162" from="tmp_14" to="tmp_17" fromId="39" toId="41">
</dataflow>
<dataflow id="164" from="StgValue_163" to="tmp_21" fromId="163" toId="42">
</dataflow>
<dataflow id="165" from="tmp_16" to="tmp_21" fromId="40" toId="42">
</dataflow>
<dataflow id="166" from="StgValue_163" to="tmp_22" fromId="163" toId="43">
</dataflow>
<dataflow id="167" from="tmp_17" to="tmp_22" fromId="41" toId="43">
</dataflow>
<dataflow id="168" from="tmp_21" to="p_demorgan" fromId="42" toId="44">
</dataflow>
<dataflow id="169" from="tmp_22" to="p_demorgan" fromId="43" toId="44">
</dataflow>
<dataflow id="170" from="buf_addr" to="buf_load" fromId="22" toId="45">
</dataflow>
<dataflow id="171" from="input_load" to="tmp_9" fromId="31" toId="46">
</dataflow>
<dataflow id="172" from="tmp_5" to="tmp_10" fromId="35" toId="47">
</dataflow>
<dataflow id="173" from="StgValue_159" to="tmp_10" fromId="159" toId="47">
</dataflow>
<dataflow id="174" from="tmp_3" to="tmp_13" fromId="34" toId="48">
</dataflow>
<dataflow id="175" from="tmp_10" to="tmp_13" fromId="47" toId="48">
</dataflow>
<dataflow id="176" from="tmp_5" to="tmp_13" fromId="35" toId="48">
</dataflow>
<dataflow id="177" from="tmp_13" to="tmp_15" fromId="48" toId="49">
</dataflow>
<dataflow id="178" from="tmp_9" to="tmp_18" fromId="46" toId="50">
</dataflow>
<dataflow id="179" from="tmp_15" to="tmp_18" fromId="49" toId="50">
</dataflow>
<dataflow id="181" from="_ssdm_op_SpecLoopName" to="StgValue_51" fromId="180" toId="51">
</dataflow>
<dataflow id="183" from="RD_Loop_Row_RD_Loop_s" to="StgValue_51" fromId="182" toId="51">
</dataflow>
<dataflow id="185" from="_ssdm_op_SpecLoopTripCount" to="empty" fromId="184" toId="52">
</dataflow>
<dataflow id="187" from="StgValue_186" to="empty" fromId="186" toId="52">
</dataflow>
<dataflow id="188" from="StgValue_186" to="empty" fromId="186" toId="52">
</dataflow>
<dataflow id="189" from="StgValue_186" to="empty" fromId="186" toId="52">
</dataflow>
<dataflow id="190" from="_ssdm_op_SpecLoopName" to="StgValue_53" fromId="180" toId="53">
</dataflow>
<dataflow id="192" from="p_str11" to="StgValue_53" fromId="191" toId="53">
</dataflow>
<dataflow id="194" from="_ssdm_op_SpecRegionBegin" to="tmp_4" fromId="193" toId="54">
</dataflow>
<dataflow id="195" from="p_str11" to="tmp_4" fromId="191" toId="54">
</dataflow>
<dataflow id="197" from="_ssdm_op_SpecPipeline" to="StgValue_55" fromId="196" toId="55">
</dataflow>
<dataflow id="199" from="StgValue_198" to="StgValue_55" fromId="198" toId="55">
</dataflow>
<dataflow id="201" from="StgValue_200" to="StgValue_55" fromId="200" toId="55">
</dataflow>
<dataflow id="202" from="StgValue_200" to="StgValue_55" fromId="200" toId="55">
</dataflow>
<dataflow id="203" from="StgValue_121" to="StgValue_55" fromId="121" toId="55">
</dataflow>
<dataflow id="205" from="p_str1" to="StgValue_55" fromId="204" toId="55">
</dataflow>
<dataflow id="206" from="buf_addr" to="buf_load" fromId="22" toId="56">
</dataflow>
<dataflow id="208" from="llvm.part.select.i128" to="tmp_19" fromId="207" toId="57">
</dataflow>
<dataflow id="209" from="tmp_18" to="tmp_19" fromId="50" toId="57">
</dataflow>
<dataflow id="211" from="StgValue_210" to="tmp_19" fromId="210" toId="57">
</dataflow>
<dataflow id="212" from="StgValue_121" to="tmp_19" fromId="121" toId="57">
</dataflow>
<dataflow id="213" from="tmp_3" to="tmp_20" fromId="34" toId="58">
</dataflow>
<dataflow id="214" from="tmp_19" to="tmp_20" fromId="57" toId="58">
</dataflow>
<dataflow id="215" from="tmp_18" to="tmp_20" fromId="50" toId="58">
</dataflow>
<dataflow id="216" from="p_demorgan" to="tmp_23" fromId="44" toId="59">
</dataflow>
<dataflow id="217" from="StgValue_163" to="tmp_23" fromId="163" toId="59">
</dataflow>
<dataflow id="218" from="buf_load" to="tmp_24" fromId="56" toId="60">
</dataflow>
<dataflow id="219" from="tmp_23" to="tmp_24" fromId="59" toId="60">
</dataflow>
<dataflow id="220" from="tmp_20" to="tmp_25" fromId="58" toId="61">
</dataflow>
<dataflow id="221" from="p_demorgan" to="tmp_25" fromId="44" toId="61">
</dataflow>
<dataflow id="222" from="tmp_24" to="tmp_26" fromId="60" toId="62">
</dataflow>
<dataflow id="223" from="tmp_25" to="tmp_26" fromId="61" toId="62">
</dataflow>
<dataflow id="224" from="tmp_26" to="StgValue_63" fromId="62" toId="63">
</dataflow>
<dataflow id="225" from="buf_addr" to="StgValue_63" fromId="22" toId="63">
</dataflow>
<dataflow id="227" from="_ssdm_op_SpecRegionEnd" to="empty_10" fromId="226" toId="64">
</dataflow>
<dataflow id="228" from="p_str11" to="empty_10" fromId="191" toId="64">
</dataflow>
<dataflow id="229" from="tmp_4" to="empty_10" fromId="54" toId="64">
</dataflow>
<dataflow id="230" from="exitcond_flatten" to="StgValue_3" fromId="13" toId="3">
</dataflow>
<dataflow id="231" from="exitcond_flatten" to="StgValue_4" fromId="13" toId="4">
</dataflow>
<dataflow id="232" from="exitcond_flatten" to="StgValue_5" fromId="13" toId="5">
</dataflow>
<dataflow id="233" from="exitcond_flatten" to="StgValue_6" fromId="13" toId="6">
</dataflow>
<dataflow id="234" from="tmp_3" to="StgValue_6" fromId="34" toId="6">
</dataflow>
<dataflow id="235" from="exitcond_flatten" to="StgValue_7" fromId="13" toId="7">
</dataflow>
<dataflow id="236" from="tmp_3" to="StgValue_7" fromId="34" toId="7">
</dataflow>
<dataflow id="237" from="exitcond_flatten" to="StgValue_2" fromId="13" toId="2">
</dataflow>
</dataflows>


</stg>
