<stg><name>write_data</name>


<trans_list>

<trans id="41" from="1" to="2">
<condition id="23">
<or_exp><and_exp></and_exp></or_exp>
</condition>
</trans>

<trans id="50" from="2" to="5">
<condition id="31">
<or_exp><and_exp><literal name="exitcond_flatten" val="1"/>
</and_exp></or_exp>
</condition>
</trans>

<trans id="51" from="2" to="3">
<condition id="34">
<or_exp><and_exp><literal name="exitcond_flatten" val="0"/>
</and_exp></or_exp>
</condition>
</trans>

<trans id="48" from="3" to="4">
<condition id="32">
<or_exp><and_exp></and_exp></or_exp>
</condition>
</trans>

<trans id="49" from="4" to="2">
<condition id="33">
<or_exp><and_exp></and_exp></or_exp>
</condition>
</trans>
</trans_list>



<state_list>

<state id="1" st_id="1">

<operation id="6" st_id="1" stage="1" lat="1">
<core>NULL</core>
<MemPortIdVec></MemPortIdVec>
<condition id="20">
<or_exp><and_exp></and_exp></or_exp>
</condition>

<Node id="3" bw="0" op_0_bw="0">
<![CDATA[
:0  br label %1

]]></Node>
<StgValue><ssdm name=""/></StgValue>
</operation>
</state>

<state id="2" st_id="2">

<operation id="7" st_id="2" stage="1" lat="1">
<core>NULL</core>
<MemPortIdVec></MemPortIdVec>
<condition id="-1">
<or_exp><and_exp></and_exp></or_exp>
</condition>

<Node id="5" bw="7" op_0_bw="7" op_1_bw="0">
<![CDATA[
:0  %indvar_flatten = phi i7 [ 0, %0 ], [ %indvar_flatten_next, %.reset ]

]]></Node>
<StgValue><ssdm name="indvar_flatten"/></StgValue>
</operation>

<operation id="8" st_id="2" stage="1" lat="1">
<core>NULL</core>
<MemPortIdVec></MemPortIdVec>
<condition id="-1">
<or_exp><and_exp></and_exp></or_exp>
</condition>

<Node id="6" bw="4" op_0_bw="4" op_1_bw="0">
<![CDATA[
:1  %r = phi i4 [ 0, %0 ], [ %r_cast8_mid2_v, %.reset ]

]]></Node>
<StgValue><ssdm name="r"/></StgValue>
</operation>

<operation id="9" st_id="2" stage="1" lat="1">
<core>NULL</core>
<MemPortIdVec></MemPortIdVec>
<condition id="-1">
<or_exp><and_exp></and_exp></or_exp>
</condition>

<Node id="7" bw="4" op_0_bw="4" op_1_bw="0">
<![CDATA[
:2  %c = phi i4 [ 0, %0 ], [ %c_1, %.reset ]

]]></Node>
<StgValue><ssdm name="c"/></StgValue>
</operation>

<operation id="10" st_id="2" stage="1" lat="1">
<core>Cmp</core>
<MemPortIdVec></MemPortIdVec>
<condition id="-1">
<or_exp><and_exp></and_exp></or_exp>
</condition>

<Node id="8" bw="1" op_0_bw="7" op_1_bw="7">
<![CDATA[
:3  %exitcond_flatten = icmp eq i7 %indvar_flatten, -64

]]></Node>
<StgValue><ssdm name="exitcond_flatten"/></StgValue>
</operation>

<operation id="11" st_id="2" stage="1" lat="1">
<core>AddSub</core>
<MemPortIdVec></MemPortIdVec>
<condition id="-1">
<or_exp><and_exp></and_exp></or_exp>
</condition>

<Node id="9" bw="7" op_0_bw="7" op_1_bw="7">
<![CDATA[
:4  %indvar_flatten_next = add i7 %indvar_flatten, 1

]]></Node>
<StgValue><ssdm name="indvar_flatten_next"/></StgValue>
</operation>

<operation id="12" st_id="2" stage="1" lat="1">
<core>NULL</core>
<MemPortIdVec></MemPortIdVec>
<condition id="-1">
<or_exp><and_exp></and_exp></or_exp>
</condition>

<Node id="10" bw="0" op_0_bw="1" op_1_bw="0" op_2_bw="0">
<![CDATA[
:5  br i1 %exitcond_flatten, label %2, label %.reset

]]></Node>
<StgValue><ssdm name=""/></StgValue>
</operation>

<operation id="13" st_id="2" stage="1" lat="1">
<core>AddSub</core>
<MemPortIdVec></MemPortIdVec>
<condition id="0">
<or_exp><and_exp><literal name="exitcond_flatten" val="0"/>
</and_exp></or_exp>
</condition>

<Node id="12" bw="4" op_0_bw="4" op_1_bw="4">
<![CDATA[
.reset:0  %r_1 = add i4 1, %r

]]></Node>
<StgValue><ssdm name="r_1"/></StgValue>
</operation>

<operation id="14" st_id="2" stage="1" lat="1">
<core>Cmp</core>
<MemPortIdVec></MemPortIdVec>
<condition id="0">
<or_exp><and_exp><literal name="exitcond_flatten" val="0"/>
</and_exp></or_exp>
</condition>

<Node id="15" bw="1" op_0_bw="4" op_1_bw="4">
<![CDATA[
.reset:3  %exitcond2 = icmp eq i4 %c, -8

]]></Node>
<StgValue><ssdm name="exitcond2"/></StgValue>
</operation>

<operation id="15" st_id="2" stage="1" lat="1">
<core>Sel</core>
<MemPortIdVec></MemPortIdVec>
<condition id="0">
<or_exp><and_exp><literal name="exitcond_flatten" val="0"/>
</and_exp></or_exp>
</condition>

<Node id="16" bw="4" op_0_bw="1" op_1_bw="4" op_2_bw="4">
<![CDATA[
.reset:4  %c_mid2 = select i1 %exitcond2, i4 0, i4 %c

]]></Node>
<StgValue><ssdm name="c_mid2"/></StgValue>
</operation>

<operation id="16" st_id="2" stage="1" lat="1">
<core>Sel</core>
<MemPortIdVec></MemPortIdVec>
<condition id="0">
<or_exp><and_exp><literal name="exitcond_flatten" val="0"/>
</and_exp></or_exp>
</condition>

<Node id="17" bw="4" op_0_bw="1" op_1_bw="4" op_2_bw="4">
<![CDATA[
.reset:5  %r_cast8_mid2_v = select i1 %exitcond2, i4 %r_1, i4 %r

]]></Node>
<StgValue><ssdm name="r_cast8_mid2_v"/></StgValue>
</operation>

<operation id="17" st_id="2" stage="1" lat="1">
<core>NULL</core>
<MemPortIdVec></MemPortIdVec>
<condition id="0">
<or_exp><and_exp><literal name="exitcond_flatten" val="0"/>
</and_exp></or_exp>
</condition>

<Node id="20" bw="3" op_0_bw="4">
<![CDATA[
.reset:8  %tmp_1 = trunc i4 %r_cast8_mid2_v to i3

]]></Node>
<StgValue><ssdm name="tmp_1"/></StgValue>
</operation>
</state>

<state id="3" st_id="3">

<operation id="18" st_id="3" stage="1" lat="1">
<core>NULL</core>
<MemPortIdVec></MemPortIdVec>
<condition id="0">
<or_exp><and_exp><literal name="exitcond_flatten" val="0"/>
</and_exp></or_exp>
</condition>

<Node id="18" bw="7" op_0_bw="7" op_1_bw="4" op_2_bw="3">
<![CDATA[
.reset:6  %tmp = call i7 @_ssdm_op_BitConcatenate.i7.i4.i3(i4 %r_cast8_mid2_v, i3 0)

]]></Node>
<StgValue><ssdm name="tmp"/></StgValue>
</operation>

<operation id="19" st_id="3" stage="1" lat="1">
<core>NULL</core>
<MemPortIdVec></MemPortIdVec>
<condition id="0">
<or_exp><and_exp><literal name="exitcond_flatten" val="0"/>
</and_exp></or_exp>
</condition>

<Node id="19" bw="8" op_0_bw="7">
<![CDATA[
.reset:7  %tmp_1_cast = zext i7 %tmp to i8

]]></Node>
<StgValue><ssdm name="tmp_1_cast"/></StgValue>
</operation>

<operation id="20" st_id="3" stage="1" lat="1">
<core>NULL</core>
<MemPortIdVec></MemPortIdVec>
<condition id="0">
<or_exp><and_exp><literal name="exitcond_flatten" val="0"/>
</and_exp></or_exp>
</condition>

<Node id="21" bw="6" op_0_bw="6" op_1_bw="3" op_2_bw="3">
<![CDATA[
.reset:9  %tmp_mid2 = call i6 @_ssdm_op_BitConcatenate.i6.i3.i3(i3 %tmp_1, i3 0)

]]></Node>
<StgValue><ssdm name="tmp_mid2"/></StgValue>
</operation>

<operation id="21" st_id="3" stage="1" lat="1">
<core>NULL</core>
<MemPortIdVec></MemPortIdVec>
<condition id="0">
<or_exp><and_exp><literal name="exitcond_flatten" val="0"/>
</and_exp></or_exp>
</condition>

<Node id="22" bw="6" op_0_bw="4">
<![CDATA[
.reset:10  %c_cast6 = zext i4 %c_mid2 to i6

]]></Node>
<StgValue><ssdm name="c_cast6"/></StgValue>
</operation>

<operation id="22" st_id="3" stage="1" lat="1">
<core>NULL</core>
<MemPortIdVec></MemPortIdVec>
<condition id="0">
<or_exp><and_exp><literal name="exitcond_flatten" val="0"/>
</and_exp></or_exp>
</condition>

<Node id="23" bw="8" op_0_bw="4">
<![CDATA[
.reset:11  %c_cast5_cast = zext i4 %c_mid2 to i8

]]></Node>
<StgValue><ssdm name="c_cast5_cast"/></StgValue>
</operation>

<operation id="23" st_id="3" stage="1" lat="1">
<core>AddSub</core>
<MemPortIdVec></MemPortIdVec>
<condition id="0">
<or_exp><and_exp><literal name="exitcond_flatten" val="0"/>
</and_exp></or_exp>
</condition>

<Node id="24" bw="8" op_0_bw="8" op_1_bw="8">
<![CDATA[
.reset:12  %tmp_4 = add i8 %tmp_1_cast, %c_cast5_cast

]]></Node>
<StgValue><ssdm name="tmp_4"/></StgValue>
</operation>

<operation id="24" st_id="3" stage="1" lat="1">
<core>NULL</core>
<MemPortIdVec></MemPortIdVec>
<condition id="0">
<or_exp><and_exp><literal name="exitcond_flatten" val="0"/>
</and_exp></or_exp>
</condition>

<Node id="25" bw="32" op_0_bw="8">
<![CDATA[
.reset:13  %tmp_4_cast = zext i8 %tmp_4 to i32

]]></Node>
<StgValue><ssdm name="tmp_4_cast"/></StgValue>
</operation>

<operation id="25" st_id="3" stage="1" lat="1">
<core>NULL</core>
<MemPortIdVec></MemPortIdVec>
<condition id="0">
<or_exp><and_exp><literal name="exitcond_flatten" val="0"/>
</and_exp></or_exp>
</condition>

<Node id="26" bw="6" op_0_bw="16" op_1_bw="32" op_2_bw="32">
<![CDATA[
.reset:14  %buf_addr = getelementptr [64 x i16]* %buf_r, i32 0, i32 %tmp_4_cast

]]></Node>
<StgValue><ssdm name="buf_addr"/></StgValue>
</operation>

<operation id="26" st_id="3" stage="2" lat="2">
<core>RAM</core>
<MemPortIdVec>0 </MemPortIdVec>
<condition id="0">
<or_exp><and_exp><literal name="exitcond_flatten" val="0"/>
</and_exp></or_exp>
</condition>

<Node id="30" bw="16" op_0_bw="6">
<![CDATA[
.reset:18  %buf_load = load i16* %buf_addr, align 2

]]></Node>
<StgValue><ssdm name="buf_load"/></StgValue>
</operation>

<operation id="27" st_id="3" stage="1" lat="1">
<core>AddSub</core>
<MemPortIdVec></MemPortIdVec>
<condition id="0">
<or_exp><and_exp><literal name="exitcond_flatten" val="0"/>
</and_exp></or_exp>
</condition>

<Node id="31" bw="6" op_0_bw="6" op_1_bw="6">
<![CDATA[
.reset:19  %sum3 = add i6 %c_cast6, %tmp_mid2

]]></Node>
<StgValue><ssdm name="sum3"/></StgValue>
</operation>

<operation id="28" st_id="3" stage="1" lat="1">
<core>AddSub</core>
<MemPortIdVec></MemPortIdVec>
<condition id="0">
<or_exp><and_exp><literal name="exitcond_flatten" val="0"/>
</and_exp></or_exp>
</condition>

<Node id="36" bw="4" op_0_bw="4" op_1_bw="4">
<![CDATA[
.reset:24  %c_1 = add i4 1, %c_mid2

]]></Node>
<StgValue><ssdm name="c_1"/></StgValue>
</operation>
</state>

<state id="4" st_id="4">

<operation id="29" st_id="4" stage="1" lat="1">
<core>NULL</core>
<MemPortIdVec></MemPortIdVec>
<condition id="0">
<or_exp><and_exp><literal name="exitcond_flatten" val="0"/>
</and_exp></or_exp>
</condition>

<Node id="13" bw="0" op_0_bw="0" op_1_bw="0">
<![CDATA[
.reset:1  call void (...)* @_ssdm_op_SpecLoopName([24 x i8]* @WR_Loop_Row_WR_Loop_s)

]]></Node>
<StgValue><ssdm name=""/></StgValue>
</operation>

<operation id="30" st_id="4" stage="1" lat="1">
<core>NULL</core>
<MemPortIdVec></MemPortIdVec>
<condition id="0">
<or_exp><and_exp><literal name="exitcond_flatten" val="0"/>
</and_exp></or_exp>
</condition>

<Node id="14" bw="32" op_0_bw="32" op_1_bw="64" op_2_bw="64" op_3_bw="64">
<![CDATA[
.reset:2  %empty = call i32 (...)* @_ssdm_op_SpecLoopTripCount(i64 64, i64 64, i64 64)

]]></Node>
<StgValue><ssdm name="empty"/></StgValue>
</operation>

<operation id="31" st_id="4" stage="1" lat="1">
<core>NULL</core>
<MemPortIdVec></MemPortIdVec>
<condition id="0">
<or_exp><and_exp><literal name="exitcond_flatten" val="0"/>
</and_exp></or_exp>
</condition>

<Node id="27" bw="0" op_0_bw="0" op_1_bw="0">
<![CDATA[
.reset:15  call void (...)* @_ssdm_op_SpecLoopName([12 x i8]* @p_str13) nounwind

]]></Node>
<StgValue><ssdm name=""/></StgValue>
</operation>

<operation id="32" st_id="4" stage="1" lat="1">
<core>NULL</core>
<MemPortIdVec></MemPortIdVec>
<condition id="0">
<or_exp><and_exp><literal name="exitcond_flatten" val="0"/>
</and_exp></or_exp>
</condition>

<Node id="28" bw="32" op_0_bw="32" op_1_bw="0">
<![CDATA[
.reset:16  %tmp_2 = call i32 (...)* @_ssdm_op_SpecRegionBegin([12 x i8]* @p_str13)

]]></Node>
<StgValue><ssdm name="tmp_2"/></StgValue>
</operation>

<operation id="33" st_id="4" stage="1" lat="1">
<core>NULL</core>
<MemPortIdVec></MemPortIdVec>
<condition id="0">
<or_exp><and_exp><literal name="exitcond_flatten" val="0"/>
</and_exp></or_exp>
</condition>

<Node id="29" bw="0" op_0_bw="0" op_1_bw="32" op_2_bw="32" op_3_bw="32" op_4_bw="32" op_5_bw="0">
<![CDATA[
.reset:17  call void (...)* @_ssdm_op_SpecPipeline(i32 -1, i32 1, i32 1, i32 0, [1 x i8]* @p_str1) nounwind

]]></Node>
<StgValue><ssdm name=""/></StgValue>
</operation>

<operation id="34" st_id="4" stage="1" lat="2">
<core>RAM</core>
<MemPortIdVec>0 </MemPortIdVec>
<condition id="0">
<or_exp><and_exp><literal name="exitcond_flatten" val="0"/>
</and_exp></or_exp>
</condition>

<Node id="30" bw="16" op_0_bw="6">
<![CDATA[
.reset:18  %buf_load = load i16* %buf_addr, align 2

]]></Node>
<StgValue><ssdm name="buf_load"/></StgValue>
</operation>

<operation id="35" st_id="4" stage="1" lat="1">
<core>NULL</core>
<MemPortIdVec></MemPortIdVec>
<condition id="0">
<or_exp><and_exp><literal name="exitcond_flatten" val="0"/>
</and_exp></or_exp>
</condition>

<Node id="32" bw="32" op_0_bw="6">
<![CDATA[
.reset:20  %sum3_cast = zext i6 %sum3 to i32

]]></Node>
<StgValue><ssdm name="sum3_cast"/></StgValue>
</operation>

<operation id="36" st_id="4" stage="1" lat="1">
<core>NULL</core>
<MemPortIdVec></MemPortIdVec>
<condition id="0">
<or_exp><and_exp><literal name="exitcond_flatten" val="0"/>
</and_exp></or_exp>
</condition>

<Node id="33" bw="6" op_0_bw="16" op_1_bw="32" op_2_bw="32">
<![CDATA[
.reset:21  %output_addr = getelementptr [64 x i16]* %output_r, i32 0, i32 %sum3_cast

]]></Node>
<StgValue><ssdm name="output_addr"/></StgValue>
</operation>

<operation id="37" st_id="4" stage="1" lat="1">
<core>RAM</core>
<MemPortIdVec>0 </MemPortIdVec>
<condition id="0">
<or_exp><and_exp><literal name="exitcond_flatten" val="0"/>
</and_exp></or_exp>
</condition>

<Node id="34" bw="0" op_0_bw="16" op_1_bw="6">
<![CDATA[
.reset:22  store i16 %buf_load, i16* %output_addr, align 2

]]></Node>
<StgValue><ssdm name=""/></StgValue>
</operation>

<operation id="38" st_id="4" stage="1" lat="1">
<core>NULL</core>
<MemPortIdVec></MemPortIdVec>
<condition id="0">
<or_exp><and_exp><literal name="exitcond_flatten" val="0"/>
</and_exp></or_exp>
</condition>

<Node id="35" bw="32" op_0_bw="32" op_1_bw="0" op_2_bw="32">
<![CDATA[
.reset:23  %empty_9 = call i32 (...)* @_ssdm_op_SpecRegionEnd([12 x i8]* @p_str13, i32 %tmp_2)

]]></Node>
<StgValue><ssdm name="empty_9"/></StgValue>
</operation>

<operation id="39" st_id="4" stage="1" lat="1">
<core>NULL</core>
<MemPortIdVec></MemPortIdVec>
<condition id="0">
<or_exp><and_exp><literal name="exitcond_flatten" val="0"/>
</and_exp></or_exp>
</condition>

<Node id="37" bw="0" op_0_bw="0">
<![CDATA[
.reset:25  br label %1

]]></Node>
<StgValue><ssdm name=""/></StgValue>
</operation>
</state>

<state id="5" st_id="5">

<operation id="40" st_id="5" stage="1" lat="1">
<core>NULL</core>
<MemPortIdVec></MemPortIdVec>
<condition id="21">
<or_exp><and_exp></and_exp></or_exp>
</condition>

<Node id="39" bw="0">
<![CDATA[
:0  ret void

]]></Node>
<StgValue><ssdm name=""/></StgValue>
</operation>
</state>
</state_list>


<ports>
<port id="52" name="buf_r" dir="0" iftype="1">
<core>RAM</core><StgValue><ssdm name="buf_r"/><MemPortTyVec>1 3 </MemPortTyVec>
</StgValue>
</port>
<port id="53" name="output_r" dir="1" iftype="1">
<core>RAM</core><StgValue><ssdm name="output_r"/><MemPortTyVec>0 3 </MemPortTyVec>
</StgValue>
</port>
</ports>


<dataflows>
<dataflow id="55" from="StgValue_54" to="indvar_flatten" fromId="54" toId="7">
<condition id="40">
<or_exp><and_exp></and_exp></or_exp>
</condition>
</dataflow>
<dataflow id="56" from="StgValue_6" to="indvar_flatten" fromId="6" toId="7">
</dataflow>
<dataflow id="57" from="indvar_flatten_next" to="indvar_flatten" fromId="11" toId="7">
<BackEdge/>
<condition id="41">
<or_exp><and_exp><literal name="exitcond_flatten" val="0"/>
</and_exp></or_exp>
</condition>
</dataflow>
<dataflow id="58" from="StgValue_39" to="indvar_flatten" fromId="39" toId="7">
<BackEdge/>
</dataflow>
<dataflow id="60" from="StgValue_59" to="r" fromId="59" toId="8">
<condition id="42">
<or_exp><and_exp></and_exp></or_exp>
</condition>
</dataflow>
<dataflow id="61" from="StgValue_6" to="r" fromId="6" toId="8">
</dataflow>
<dataflow id="62" from="r_cast8_mid2_v" to="r" fromId="16" toId="8">
<BackEdge/>
<condition id="43">
<or_exp><and_exp><literal name="exitcond_flatten" val="0"/>
</and_exp></or_exp>
</condition>
</dataflow>
<dataflow id="63" from="StgValue_39" to="r" fromId="39" toId="8">
<BackEdge/>
</dataflow>
<dataflow id="64" from="StgValue_59" to="c" fromId="59" toId="9">
<condition id="44">
<or_exp><and_exp></and_exp></or_exp>
</condition>
</dataflow>
<dataflow id="65" from="StgValue_6" to="c" fromId="6" toId="9">
</dataflow>
<dataflow id="66" from="c_1" to="c" fromId="28" toId="9">
<BackEdge/>
<condition id="45">
<or_exp><and_exp><literal name="exitcond_flatten" val="0"/>
</and_exp></or_exp>
</condition>
</dataflow>
<dataflow id="67" from="StgValue_39" to="c" fromId="39" toId="9">
<BackEdge/>
</dataflow>
<dataflow id="68" from="indvar_flatten" to="exitcond_flatten" fromId="7" toId="10">
</dataflow>
<dataflow id="70" from="StgValue_69" to="exitcond_flatten" fromId="69" toId="10">
</dataflow>
<dataflow id="71" from="indvar_flatten" to="indvar_flatten_next" fromId="7" toId="11">
</dataflow>
<dataflow id="73" from="StgValue_72" to="indvar_flatten_next" fromId="72" toId="11">
</dataflow>
<dataflow id="74" from="exitcond_flatten" to="StgValue_12" fromId="10" toId="12">
</dataflow>
<dataflow id="76" from="StgValue_75" to="r_1" fromId="75" toId="13">
</dataflow>
<dataflow id="77" from="r" to="r_1" fromId="8" toId="13">
</dataflow>
<dataflow id="78" from="c" to="exitcond2" fromId="9" toId="14">
</dataflow>
<dataflow id="80" from="StgValue_79" to="exitcond2" fromId="79" toId="14">
</dataflow>
<dataflow id="81" from="exitcond2" to="c_mid2" fromId="14" toId="15">
</dataflow>
<dataflow id="82" from="StgValue_59" to="c_mid2" fromId="59" toId="15">
</dataflow>
<dataflow id="83" from="c" to="c_mid2" fromId="9" toId="15">
</dataflow>
<dataflow id="84" from="exitcond2" to="r_cast8_mid2_v" fromId="14" toId="16">
</dataflow>
<dataflow id="85" from="r_1" to="r_cast8_mid2_v" fromId="13" toId="16">
</dataflow>
<dataflow id="86" from="r" to="r_cast8_mid2_v" fromId="8" toId="16">
</dataflow>
<dataflow id="87" from="r_cast8_mid2_v" to="tmp_1" fromId="16" toId="17">
</dataflow>
<dataflow id="89" from="_ssdm_op_BitConcatenate.i7.i4.i3" to="tmp" fromId="88" toId="18">
</dataflow>
<dataflow id="90" from="r_cast8_mid2_v" to="tmp" fromId="16" toId="18">
</dataflow>
<dataflow id="92" from="StgValue_91" to="tmp" fromId="91" toId="18">
</dataflow>
<dataflow id="93" from="tmp" to="tmp_1_cast" fromId="18" toId="19">
</dataflow>
<dataflow id="95" from="_ssdm_op_BitConcatenate.i6.i3.i3" to="tmp_mid2" fromId="94" toId="20">
</dataflow>
<dataflow id="96" from="tmp_1" to="tmp_mid2" fromId="17" toId="20">
</dataflow>
<dataflow id="97" from="StgValue_91" to="tmp_mid2" fromId="91" toId="20">
</dataflow>
<dataflow id="98" from="c_mid2" to="c_cast6" fromId="15" toId="21">
</dataflow>
<dataflow id="99" from="c_mid2" to="c_cast5_cast" fromId="15" toId="22">
</dataflow>
<dataflow id="100" from="tmp_1_cast" to="tmp_4" fromId="19" toId="23">
</dataflow>
<dataflow id="101" from="c_cast5_cast" to="tmp_4" fromId="22" toId="23">
</dataflow>
<dataflow id="102" from="tmp_4" to="tmp_4_cast" fromId="23" toId="24">
</dataflow>
<dataflow id="103" from="buf_r" to="buf_addr" fromId="52" toId="25">
</dataflow>
<dataflow id="105" from="StgValue_104" to="buf_addr" fromId="104" toId="25">
</dataflow>
<dataflow id="106" from="tmp_4_cast" to="buf_addr" fromId="24" toId="25">
</dataflow>
<dataflow id="107" from="buf_addr" to="buf_load" fromId="25" toId="26">
</dataflow>
<dataflow id="108" from="c_cast6" to="sum3" fromId="21" toId="27">
</dataflow>
<dataflow id="109" from="tmp_mid2" to="sum3" fromId="20" toId="27">
</dataflow>
<dataflow id="110" from="StgValue_75" to="c_1" fromId="75" toId="28">
</dataflow>
<dataflow id="111" from="c_mid2" to="c_1" fromId="15" toId="28">
</dataflow>
<dataflow id="113" from="_ssdm_op_SpecLoopName" to="StgValue_29" fromId="112" toId="29">
</dataflow>
<dataflow id="115" from="WR_Loop_Row_WR_Loop_s" to="StgValue_29" fromId="114" toId="29">
</dataflow>
<dataflow id="117" from="_ssdm_op_SpecLoopTripCount" to="empty" fromId="116" toId="30">
</dataflow>
<dataflow id="119" from="StgValue_118" to="empty" fromId="118" toId="30">
</dataflow>
<dataflow id="120" from="StgValue_118" to="empty" fromId="118" toId="30">
</dataflow>
<dataflow id="121" from="StgValue_118" to="empty" fromId="118" toId="30">
</dataflow>
<dataflow id="122" from="_ssdm_op_SpecLoopName" to="StgValue_31" fromId="112" toId="31">
</dataflow>
<dataflow id="124" from="p_str13" to="StgValue_31" fromId="123" toId="31">
</dataflow>
<dataflow id="126" from="_ssdm_op_SpecRegionBegin" to="tmp_2" fromId="125" toId="32">
</dataflow>
<dataflow id="127" from="p_str13" to="tmp_2" fromId="123" toId="32">
</dataflow>
<dataflow id="129" from="_ssdm_op_SpecPipeline" to="StgValue_33" fromId="128" toId="33">
</dataflow>
<dataflow id="131" from="StgValue_130" to="StgValue_33" fromId="130" toId="33">
</dataflow>
<dataflow id="133" from="StgValue_132" to="StgValue_33" fromId="132" toId="33">
</dataflow>
<dataflow id="134" from="StgValue_132" to="StgValue_33" fromId="132" toId="33">
</dataflow>
<dataflow id="135" from="StgValue_104" to="StgValue_33" fromId="104" toId="33">
</dataflow>
<dataflow id="137" from="p_str1" to="StgValue_33" fromId="136" toId="33">
</dataflow>
<dataflow id="138" from="buf_addr" to="buf_load" fromId="25" toId="34">
</dataflow>
<dataflow id="139" from="sum3" to="sum3_cast" fromId="27" toId="35">
</dataflow>
<dataflow id="140" from="output_r" to="output_addr" fromId="53" toId="36">
</dataflow>
<dataflow id="141" from="StgValue_104" to="output_addr" fromId="104" toId="36">
</dataflow>
<dataflow id="142" from="sum3_cast" to="output_addr" fromId="35" toId="36">
</dataflow>
<dataflow id="143" from="buf_load" to="StgValue_37" fromId="34" toId="37">
</dataflow>
<dataflow id="144" from="output_addr" to="StgValue_37" fromId="36" toId="37">
</dataflow>
<dataflow id="146" from="_ssdm_op_SpecRegionEnd" to="empty_9" fromId="145" toId="38">
</dataflow>
<dataflow id="147" from="p_str13" to="empty_9" fromId="123" toId="38">
</dataflow>
<dataflow id="148" from="tmp_2" to="empty_9" fromId="32" toId="38">
</dataflow>
<dataflow id="149" from="exitcond_flatten" to="StgValue_2" fromId="10" toId="2">
</dataflow>
<dataflow id="150" from="exitcond_flatten" to="StgValue_3" fromId="10" toId="3">
</dataflow>
<dataflow id="151" from="exitcond_flatten" to="StgValue_4" fromId="10" toId="4">
</dataflow>
</dataflows>


</stg>
