<stg><name>dct</name>


<trans_list>

<trans id="27" from="1" to="2">
<condition id="0">
<or_exp><and_exp></and_exp></or_exp>
</condition>
</trans>

<trans id="28" from="2" to="3">
<condition id="1">
<or_exp><and_exp></and_exp></or_exp>
</condition>
</trans>

<trans id="29" from="3" to="4">
<condition id="2">
<or_exp><and_exp></and_exp></or_exp>
</condition>
</trans>

<trans id="30" from="4" to="5">
<condition id="3">
<or_exp><and_exp></and_exp></or_exp>
</condition>
</trans>

<trans id="31" from="5" to="6">
<condition id="4">
<or_exp><and_exp></and_exp></or_exp>
</condition>
</trans>
</trans_list>



<state_list>

<state id="1" st_id="1">

<operation id="7" st_id="1" stage="1" lat="1">
<core>NULL</core>
<MemPortIdVec></MemPortIdVec>
<condition id="-1">
<or_exp><and_exp></and_exp></or_exp>
</condition>

<Node id="15" bw="16" op_0_bw="32">
<![CDATA[
:4  %buf_2d_in_0 = alloca [8 x i16], align 2

]]></Node>
<StgValue><ssdm name="buf_2d_in_0"/><MemPortTyVec>2 3 </MemPortTyVec>
</StgValue>
</operation>

<operation id="8" st_id="1" stage="1" lat="1">
<core>NULL</core>
<MemPortIdVec></MemPortIdVec>
<condition id="-1">
<or_exp><and_exp></and_exp></or_exp>
</condition>

<Node id="16" bw="16" op_0_bw="32">
<![CDATA[
:5  %buf_2d_in_1 = alloca [8 x i16], align 2

]]></Node>
<StgValue><ssdm name="buf_2d_in_1"/><MemPortTyVec>2 3 </MemPortTyVec>
</StgValue>
</operation>

<operation id="9" st_id="1" stage="1" lat="1">
<core>NULL</core>
<MemPortIdVec></MemPortIdVec>
<condition id="-1">
<or_exp><and_exp></and_exp></or_exp>
</condition>

<Node id="17" bw="16" op_0_bw="32">
<![CDATA[
:6  %buf_2d_in_2 = alloca [8 x i16], align 2

]]></Node>
<StgValue><ssdm name="buf_2d_in_2"/><MemPortTyVec>2 3 </MemPortTyVec>
</StgValue>
</operation>

<operation id="10" st_id="1" stage="1" lat="1">
<core>NULL</core>
<MemPortIdVec></MemPortIdVec>
<condition id="-1">
<or_exp><and_exp></and_exp></or_exp>
</condition>

<Node id="18" bw="16" op_0_bw="32">
<![CDATA[
:7  %buf_2d_in_3 = alloca [8 x i16], align 2

]]></Node>
<StgValue><ssdm name="buf_2d_in_3"/><MemPortTyVec>2 3 </MemPortTyVec>
</StgValue>
</operation>

<operation id="11" st_id="1" stage="1" lat="1">
<core>NULL</core>
<MemPortIdVec></MemPortIdVec>
<condition id="-1">
<or_exp><and_exp></and_exp></or_exp>
</condition>

<Node id="19" bw="16" op_0_bw="32">
<![CDATA[
:8  %buf_2d_in_4 = alloca [8 x i16], align 2

]]></Node>
<StgValue><ssdm name="buf_2d_in_4"/><MemPortTyVec>2 3 </MemPortTyVec>
</StgValue>
</operation>

<operation id="12" st_id="1" stage="1" lat="1">
<core>NULL</core>
<MemPortIdVec></MemPortIdVec>
<condition id="-1">
<or_exp><and_exp></and_exp></or_exp>
</condition>

<Node id="20" bw="16" op_0_bw="32">
<![CDATA[
:9  %buf_2d_in_5 = alloca [8 x i16], align 2

]]></Node>
<StgValue><ssdm name="buf_2d_in_5"/><MemPortTyVec>2 3 </MemPortTyVec>
</StgValue>
</operation>

<operation id="13" st_id="1" stage="1" lat="1">
<core>NULL</core>
<MemPortIdVec></MemPortIdVec>
<condition id="-1">
<or_exp><and_exp></and_exp></or_exp>
</condition>

<Node id="21" bw="16" op_0_bw="32">
<![CDATA[
:10  %buf_2d_in_6 = alloca [8 x i16], align 2

]]></Node>
<StgValue><ssdm name="buf_2d_in_6"/><MemPortTyVec>2 3 </MemPortTyVec>
</StgValue>
</operation>

<operation id="14" st_id="1" stage="1" lat="1">
<core>NULL</core>
<MemPortIdVec></MemPortIdVec>
<condition id="-1">
<or_exp><and_exp></and_exp></or_exp>
</condition>

<Node id="22" bw="16" op_0_bw="32">
<![CDATA[
:11  %buf_2d_in_7 = alloca [8 x i16], align 2

]]></Node>
<StgValue><ssdm name="buf_2d_in_7"/><MemPortTyVec>2 3 </MemPortTyVec>
</StgValue>
</operation>

<operation id="15" st_id="1" stage="1" lat="1">
<core>NULL</core>
<MemPortIdVec></MemPortIdVec>
<condition id="-1">
<or_exp><and_exp></and_exp></or_exp>
</condition>

<Node id="23" bw="16" op_0_bw="32">
<![CDATA[
:12  %buf_2d_out = alloca [64 x i16], align 2

]]></Node>
<StgValue><ssdm name="buf_2d_out"/><MemPortTyVec>2 3 </MemPortTyVec>
</StgValue>
</operation>

<operation id="16" st_id="1" stage="2" lat="2">
<core></core>
<MemPortIdVec></MemPortIdVec>
<condition id="-1">
<or_exp><and_exp></and_exp></or_exp>
</condition>

<Node id="24" bw="0" op_0_bw="0" op_1_bw="16" op_2_bw="16" op_3_bw="16" op_4_bw="16" op_5_bw="16" op_6_bw="16" op_7_bw="16" op_8_bw="16" op_9_bw="16">
<![CDATA[
:13  call fastcc void @read_data([64 x i16]* %input_r, [8 x i16]* %buf_2d_in_0, [8 x i16]* %buf_2d_in_1, [8 x i16]* %buf_2d_in_2, [8 x i16]* %buf_2d_in_3, [8 x i16]* %buf_2d_in_4, [8 x i16]* %buf_2d_in_5, [8 x i16]* %buf_2d_in_6, [8 x i16]* %buf_2d_in_7) nounwind

]]></Node>
<StgValue><ssdm name=""/></StgValue>
</operation>
</state>

<state id="2" st_id="2">

<operation id="17" st_id="2" stage="1" lat="2">
<core></core>
<MemPortIdVec></MemPortIdVec>
<condition id="-1">
<or_exp><and_exp></and_exp></or_exp>
</condition>

<Node id="24" bw="0" op_0_bw="0" op_1_bw="16" op_2_bw="16" op_3_bw="16" op_4_bw="16" op_5_bw="16" op_6_bw="16" op_7_bw="16" op_8_bw="16" op_9_bw="16">
<![CDATA[
:13  call fastcc void @read_data([64 x i16]* %input_r, [8 x i16]* %buf_2d_in_0, [8 x i16]* %buf_2d_in_1, [8 x i16]* %buf_2d_in_2, [8 x i16]* %buf_2d_in_3, [8 x i16]* %buf_2d_in_4, [8 x i16]* %buf_2d_in_5, [8 x i16]* %buf_2d_in_6, [8 x i16]* %buf_2d_in_7) nounwind

]]></Node>
<StgValue><ssdm name=""/></StgValue>
</operation>
</state>

<state id="3" st_id="3">

<operation id="18" st_id="3" stage="2" lat="2">
<core></core>
<MemPortIdVec></MemPortIdVec>
<condition id="-1">
<or_exp><and_exp></and_exp></or_exp>
</condition>

<Node id="25" bw="0" op_0_bw="0" op_1_bw="16" op_2_bw="16" op_3_bw="16" op_4_bw="16" op_5_bw="16" op_6_bw="16" op_7_bw="16" op_8_bw="16" op_9_bw="16">
<![CDATA[
:14  call fastcc void @dct_2d([8 x i16]* %buf_2d_in_0, [8 x i16]* %buf_2d_in_1, [8 x i16]* %buf_2d_in_2, [8 x i16]* %buf_2d_in_3, [8 x i16]* %buf_2d_in_4, [8 x i16]* %buf_2d_in_5, [8 x i16]* %buf_2d_in_6, [8 x i16]* %buf_2d_in_7, [64 x i16]* %buf_2d_out) nounwind

]]></Node>
<StgValue><ssdm name=""/></StgValue>
</operation>
</state>

<state id="4" st_id="4">

<operation id="19" st_id="4" stage="1" lat="2">
<core></core>
<MemPortIdVec></MemPortIdVec>
<condition id="-1">
<or_exp><and_exp></and_exp></or_exp>
</condition>

<Node id="25" bw="0" op_0_bw="0" op_1_bw="16" op_2_bw="16" op_3_bw="16" op_4_bw="16" op_5_bw="16" op_6_bw="16" op_7_bw="16" op_8_bw="16" op_9_bw="16">
<![CDATA[
:14  call fastcc void @dct_2d([8 x i16]* %buf_2d_in_0, [8 x i16]* %buf_2d_in_1, [8 x i16]* %buf_2d_in_2, [8 x i16]* %buf_2d_in_3, [8 x i16]* %buf_2d_in_4, [8 x i16]* %buf_2d_in_5, [8 x i16]* %buf_2d_in_6, [8 x i16]* %buf_2d_in_7, [64 x i16]* %buf_2d_out) nounwind

]]></Node>
<StgValue><ssdm name=""/></StgValue>
</operation>
</state>

<state id="5" st_id="5">

<operation id="20" st_id="5" stage="2" lat="2">
<core></core>
<MemPortIdVec></MemPortIdVec>
<condition id="-1">
<or_exp><and_exp></and_exp></or_exp>
</condition>

<Node id="26" bw="0" op_0_bw="0" op_1_bw="16" op_2_bw="16">
<![CDATA[
:15  call fastcc void @write_data([64 x i16]* %buf_2d_out, [64 x i16]* %output_r) nounwind

]]></Node>
<StgValue><ssdm name=""/></StgValue>
</operation>
</state>

<state id="6" st_id="6">

<operation id="21" st_id="6" stage="1" lat="1">
<core>NULL</core>
<MemPortIdVec></MemPortIdVec>
<condition id="-1">
<or_exp><and_exp></and_exp></or_exp>
</condition>

<Node id="11" bw="0" op_0_bw="0" op_1_bw="32" op_2_bw="0">
<![CDATA[
:0  call void (...)* @_ssdm_op_SpecDataflowPipeline(i32 -1, [1 x i8]* @p_str1) nounwind

]]></Node>
<StgValue><ssdm name=""/></StgValue>
</operation>

<operation id="22" st_id="6" stage="1" lat="1">
<core>NULL</core>
<MemPortIdVec></MemPortIdVec>
<condition id="-1">
<or_exp><and_exp></and_exp></or_exp>
</condition>

<Node id="12" bw="0" op_0_bw="0" op_1_bw="16">
<![CDATA[
:1  call void (...)* @_ssdm_op_SpecBitsMap([64 x i16]* %input_r) nounwind, !map !19

]]></Node>
<StgValue><ssdm name=""/></StgValue>
</operation>

<operation id="23" st_id="6" stage="1" lat="1">
<core>NULL</core>
<MemPortIdVec></MemPortIdVec>
<condition id="-1">
<or_exp><and_exp></and_exp></or_exp>
</condition>

<Node id="13" bw="0" op_0_bw="0" op_1_bw="16">
<![CDATA[
:2  call void (...)* @_ssdm_op_SpecBitsMap([64 x i16]* %output_r) nounwind, !map !25

]]></Node>
<StgValue><ssdm name=""/></StgValue>
</operation>

<operation id="24" st_id="6" stage="1" lat="1">
<core>NULL</core>
<MemPortIdVec></MemPortIdVec>
<condition id="-1">
<or_exp><and_exp></and_exp></or_exp>
</condition>

<Node id="14" bw="0" op_0_bw="0" op_1_bw="0">
<![CDATA[
:3  call void (...)* @_ssdm_op_SpecTopModule([4 x i8]* @dct_str) nounwind

]]></Node>
<StgValue><ssdm name=""/></StgValue>
</operation>

<operation id="25" st_id="6" stage="1" lat="2">
<core></core>
<MemPortIdVec></MemPortIdVec>
<condition id="-1">
<or_exp><and_exp></and_exp></or_exp>
</condition>

<Node id="26" bw="0" op_0_bw="0" op_1_bw="16" op_2_bw="16">
<![CDATA[
:15  call fastcc void @write_data([64 x i16]* %buf_2d_out, [64 x i16]* %output_r) nounwind

]]></Node>
<StgValue><ssdm name=""/></StgValue>
</operation>

<operation id="26" st_id="6" stage="1" lat="1">
<core>NULL</core>
<MemPortIdVec></MemPortIdVec>
<condition id="-1">
<or_exp><and_exp></and_exp></or_exp>
</condition>

<Node id="27" bw="0">
<![CDATA[
:16  ret void

]]></Node>
<StgValue><ssdm name=""/></StgValue>
</operation>
</state>
</state_list>


<ports>
<port id="33" name="input_r" dir="0" iftype="1">
<core>RAM</core><StgValue><ssdm name="input_r"/><MemPortTyVec>1 3 </MemPortTyVec>
</StgValue>
</port>
<port id="34" name="output_r" dir="1" iftype="1">
<core>RAM</core><StgValue><ssdm name="output_r"/><MemPortTyVec>0 3 </MemPortTyVec>
</StgValue>
</port>
<port id="35" name="dct_coeff_table_0" dir="0" iftype="1">
<core>ROM_nP</core><StgValue><ssdm name="dct_coeff_table_0"/><MemPortTyVec>1 </MemPortTyVec>
</StgValue>
</port>
<port id="36" name="dct_coeff_table_1" dir="0" iftype="1">
<core>ROM_nP</core><StgValue><ssdm name="dct_coeff_table_1"/><MemPortTyVec>1 </MemPortTyVec>
</StgValue>
</port>
<port id="37" name="dct_coeff_table_2" dir="0" iftype="1">
<core>ROM_nP</core><StgValue><ssdm name="dct_coeff_table_2"/><MemPortTyVec>1 </MemPortTyVec>
</StgValue>
</port>
<port id="38" name="dct_coeff_table_3" dir="0" iftype="1">
<core>ROM_nP</core><StgValue><ssdm name="dct_coeff_table_3"/><MemPortTyVec>1 </MemPortTyVec>
</StgValue>
</port>
<port id="39" name="dct_coeff_table_4" dir="0" iftype="1">
<core>ROM_nP</core><StgValue><ssdm name="dct_coeff_table_4"/><MemPortTyVec>1 </MemPortTyVec>
</StgValue>
</port>
<port id="40" name="dct_coeff_table_5" dir="0" iftype="1">
<core>ROM_nP</core><StgValue><ssdm name="dct_coeff_table_5"/><MemPortTyVec>1 </MemPortTyVec>
</StgValue>
</port>
<port id="41" name="dct_coeff_table_6" dir="0" iftype="1">
<core>ROM_nP</core><StgValue><ssdm name="dct_coeff_table_6"/><MemPortTyVec>1 </MemPortTyVec>
</StgValue>
</port>
<port id="42" name="dct_coeff_table_7" dir="0" iftype="1">
<core>ROM_nP</core><StgValue><ssdm name="dct_coeff_table_7"/><MemPortTyVec>1 </MemPortTyVec>
</StgValue>
</port>
</ports>


<dataflows>
<dataflow id="44" from="StgValue_43" to="buf_2d_in_0" fromId="43" toId="7">
</dataflow>
<dataflow id="45" from="StgValue_43" to="buf_2d_in_1" fromId="43" toId="8">
</dataflow>
<dataflow id="46" from="StgValue_43" to="buf_2d_in_2" fromId="43" toId="9">
</dataflow>
<dataflow id="47" from="StgValue_43" to="buf_2d_in_3" fromId="43" toId="10">
</dataflow>
<dataflow id="48" from="StgValue_43" to="buf_2d_in_4" fromId="43" toId="11">
</dataflow>
<dataflow id="49" from="StgValue_43" to="buf_2d_in_5" fromId="43" toId="12">
</dataflow>
<dataflow id="50" from="StgValue_43" to="buf_2d_in_6" fromId="43" toId="13">
</dataflow>
<dataflow id="51" from="StgValue_43" to="buf_2d_in_7" fromId="43" toId="14">
</dataflow>
<dataflow id="52" from="StgValue_43" to="buf_2d_out" fromId="43" toId="15">
</dataflow>
<dataflow id="54" from="read_data" to="StgValue_16" fromId="53" toId="16">
</dataflow>
<dataflow id="55" from="input_r" to="StgValue_16" fromId="33" toId="16">
</dataflow>
<dataflow id="56" from="buf_2d_in_0" to="StgValue_16" fromId="7" toId="16">
</dataflow>
<dataflow id="57" from="buf_2d_in_1" to="StgValue_16" fromId="8" toId="16">
</dataflow>
<dataflow id="58" from="buf_2d_in_2" to="StgValue_16" fromId="9" toId="16">
</dataflow>
<dataflow id="59" from="buf_2d_in_3" to="StgValue_16" fromId="10" toId="16">
</dataflow>
<dataflow id="60" from="buf_2d_in_4" to="StgValue_16" fromId="11" toId="16">
</dataflow>
<dataflow id="61" from="buf_2d_in_5" to="StgValue_16" fromId="12" toId="16">
</dataflow>
<dataflow id="62" from="buf_2d_in_6" to="StgValue_16" fromId="13" toId="16">
</dataflow>
<dataflow id="63" from="buf_2d_in_7" to="StgValue_16" fromId="14" toId="16">
</dataflow>
<dataflow id="64" from="read_data" to="StgValue_17" fromId="53" toId="17">
</dataflow>
<dataflow id="65" from="input_r" to="StgValue_17" fromId="33" toId="17">
</dataflow>
<dataflow id="66" from="buf_2d_in_0" to="StgValue_17" fromId="7" toId="17">
</dataflow>
<dataflow id="67" from="buf_2d_in_1" to="StgValue_17" fromId="8" toId="17">
</dataflow>
<dataflow id="68" from="buf_2d_in_2" to="StgValue_17" fromId="9" toId="17">
</dataflow>
<dataflow id="69" from="buf_2d_in_3" to="StgValue_17" fromId="10" toId="17">
</dataflow>
<dataflow id="70" from="buf_2d_in_4" to="StgValue_17" fromId="11" toId="17">
</dataflow>
<dataflow id="71" from="buf_2d_in_5" to="StgValue_17" fromId="12" toId="17">
</dataflow>
<dataflow id="72" from="buf_2d_in_6" to="StgValue_17" fromId="13" toId="17">
</dataflow>
<dataflow id="73" from="buf_2d_in_7" to="StgValue_17" fromId="14" toId="17">
</dataflow>
<dataflow id="75" from="dct_2d" to="StgValue_18" fromId="74" toId="18">
</dataflow>
<dataflow id="76" from="buf_2d_in_0" to="StgValue_18" fromId="7" toId="18">
</dataflow>
<dataflow id="77" from="buf_2d_in_1" to="StgValue_18" fromId="8" toId="18">
</dataflow>
<dataflow id="78" from="buf_2d_in_2" to="StgValue_18" fromId="9" toId="18">
</dataflow>
<dataflow id="79" from="buf_2d_in_3" to="StgValue_18" fromId="10" toId="18">
</dataflow>
<dataflow id="80" from="buf_2d_in_4" to="StgValue_18" fromId="11" toId="18">
</dataflow>
<dataflow id="81" from="buf_2d_in_5" to="StgValue_18" fromId="12" toId="18">
</dataflow>
<dataflow id="82" from="buf_2d_in_6" to="StgValue_18" fromId="13" toId="18">
</dataflow>
<dataflow id="83" from="buf_2d_in_7" to="StgValue_18" fromId="14" toId="18">
</dataflow>
<dataflow id="84" from="buf_2d_out" to="StgValue_18" fromId="15" toId="18">
</dataflow>
<dataflow id="85" from="dct_coeff_table_0" to="StgValue_18" fromId="35" toId="18">
</dataflow>
<dataflow id="86" from="dct_coeff_table_1" to="StgValue_18" fromId="36" toId="18">
</dataflow>
<dataflow id="87" from="dct_coeff_table_2" to="StgValue_18" fromId="37" toId="18">
</dataflow>
<dataflow id="88" from="dct_coeff_table_3" to="StgValue_18" fromId="38" toId="18">
</dataflow>
<dataflow id="89" from="dct_coeff_table_4" to="StgValue_18" fromId="39" toId="18">
</dataflow>
<dataflow id="90" from="dct_coeff_table_5" to="StgValue_18" fromId="40" toId="18">
</dataflow>
<dataflow id="91" from="dct_coeff_table_6" to="StgValue_18" fromId="41" toId="18">
</dataflow>
<dataflow id="92" from="dct_coeff_table_7" to="StgValue_18" fromId="42" toId="18">
</dataflow>
<dataflow id="93" from="dct_2d" to="StgValue_19" fromId="74" toId="19">
</dataflow>
<dataflow id="94" from="buf_2d_in_0" to="StgValue_19" fromId="7" toId="19">
</dataflow>
<dataflow id="95" from="buf_2d_in_1" to="StgValue_19" fromId="8" toId="19">
</dataflow>
<dataflow id="96" from="buf_2d_in_2" to="StgValue_19" fromId="9" toId="19">
</dataflow>
<dataflow id="97" from="buf_2d_in_3" to="StgValue_19" fromId="10" toId="19">
</dataflow>
<dataflow id="98" from="buf_2d_in_4" to="StgValue_19" fromId="11" toId="19">
</dataflow>
<dataflow id="99" from="buf_2d_in_5" to="StgValue_19" fromId="12" toId="19">
</dataflow>
<dataflow id="100" from="buf_2d_in_6" to="StgValue_19" fromId="13" toId="19">
</dataflow>
<dataflow id="101" from="buf_2d_in_7" to="StgValue_19" fromId="14" toId="19">
</dataflow>
<dataflow id="102" from="buf_2d_out" to="StgValue_19" fromId="15" toId="19">
</dataflow>
<dataflow id="103" from="dct_coeff_table_0" to="StgValue_19" fromId="35" toId="19">
</dataflow>
<dataflow id="104" from="dct_coeff_table_1" to="StgValue_19" fromId="36" toId="19">
</dataflow>
<dataflow id="105" from="dct_coeff_table_2" to="StgValue_19" fromId="37" toId="19">
</dataflow>
<dataflow id="106" from="dct_coeff_table_3" to="StgValue_19" fromId="38" toId="19">
</dataflow>
<dataflow id="107" from="dct_coeff_table_4" to="StgValue_19" fromId="39" toId="19">
</dataflow>
<dataflow id="108" from="dct_coeff_table_5" to="StgValue_19" fromId="40" toId="19">
</dataflow>
<dataflow id="109" from="dct_coeff_table_6" to="StgValue_19" fromId="41" toId="19">
</dataflow>
<dataflow id="110" from="dct_coeff_table_7" to="StgValue_19" fromId="42" toId="19">
</dataflow>
<dataflow id="112" from="write_data" to="StgValue_20" fromId="111" toId="20">
</dataflow>
<dataflow id="113" from="buf_2d_out" to="StgValue_20" fromId="15" toId="20">
</dataflow>
<dataflow id="114" from="output_r" to="StgValue_20" fromId="34" toId="20">
</dataflow>
<dataflow id="116" from="_ssdm_op_SpecDataflowPipeline" to="StgValue_21" fromId="115" toId="21">
</dataflow>
<dataflow id="118" from="StgValue_117" to="StgValue_21" fromId="117" toId="21">
</dataflow>
<dataflow id="120" from="p_str1" to="StgValue_21" fromId="119" toId="21">
</dataflow>
<dataflow id="122" from="_ssdm_op_SpecBitsMap" to="StgValue_22" fromId="121" toId="22">
</dataflow>
<dataflow id="123" from="input_r" to="StgValue_22" fromId="33" toId="22">
</dataflow>
<dataflow id="124" from="_ssdm_op_SpecBitsMap" to="StgValue_23" fromId="121" toId="23">
</dataflow>
<dataflow id="125" from="output_r" to="StgValue_23" fromId="34" toId="23">
</dataflow>
<dataflow id="127" from="_ssdm_op_SpecTopModule" to="StgValue_24" fromId="126" toId="24">
</dataflow>
<dataflow id="129" from="dct_str" to="StgValue_24" fromId="128" toId="24">
</dataflow>
<dataflow id="130" from="write_data" to="StgValue_25" fromId="111" toId="25">
</dataflow>
<dataflow id="131" from="buf_2d_out" to="StgValue_25" fromId="15" toId="25">
</dataflow>
<dataflow id="132" from="output_r" to="StgValue_25" fromId="34" toId="25">
</dataflow>
</dataflows>


</stg>
