<stg><name>dct_1d2</name>


<trans_list>

<trans id="130" from="1" to="2">
<condition id="18">
<or_exp><and_exp></and_exp></or_exp>
</condition>
</trans>

<trans id="149" from="2" to="10">
<condition id="31">
<or_exp><and_exp><literal name="tmp" val="1"/>
</and_exp></or_exp>
</condition>
</trans>

<trans id="150" from="2" to="3">
<condition id="39">
<or_exp><and_exp><literal name="tmp" val="0"/>
</and_exp></or_exp>
</condition>
</trans>

<trans id="142" from="3" to="4">
<condition id="32">
<or_exp><and_exp></and_exp></or_exp>
</condition>
</trans>

<trans id="143" from="4" to="5">
<condition id="33">
<or_exp><and_exp></and_exp></or_exp>
</condition>
</trans>

<trans id="144" from="5" to="6">
<condition id="34">
<or_exp><and_exp></and_exp></or_exp>
</condition>
</trans>

<trans id="145" from="6" to="7">
<condition id="35">
<or_exp><and_exp></and_exp></or_exp>
</condition>
</trans>

<trans id="146" from="7" to="8">
<condition id="36">
<or_exp><and_exp></and_exp></or_exp>
</condition>
</trans>

<trans id="147" from="8" to="9">
<condition id="37">
<or_exp><and_exp></and_exp></or_exp>
</condition>
</trans>

<trans id="148" from="9" to="2">
<condition id="38">
<or_exp><and_exp></and_exp></or_exp>
</condition>
</trans>
</trans_list>



<state_list>

<state id="1" st_id="1">

<operation id="11" st_id="1" stage="1" lat="1">
<core>NULL</core>
<MemPortIdVec></MemPortIdVec>
<condition id="15">
<or_exp><and_exp></and_exp></or_exp>
</condition>

<Node id="13" bw="4" op_0_bw="4" op_1_bw="4">
<![CDATA[
:0  %i_21_read = call i4 @_ssdm_op_Read.ap_auto.i4(i4 %i_21)

]]></Node>
<StgValue><ssdm name="i_21_read"/></StgValue>
</operation>

<operation id="12" st_id="1" stage="1" lat="1">
<core>NULL</core>
<MemPortIdVec></MemPortIdVec>
<condition id="15">
<or_exp><and_exp></and_exp></or_exp>
</condition>

<Node id="14" bw="4" op_0_bw="4" op_1_bw="4">
<![CDATA[
:1  %i_2_read = call i4 @_ssdm_op_Read.ap_auto.i4(i4 %i_2)

]]></Node>
<StgValue><ssdm name="i_2_read"/></StgValue>
</operation>

<operation id="13" st_id="1" stage="1" lat="1">
<core>NULL</core>
<MemPortIdVec></MemPortIdVec>
<condition id="15">
<or_exp><and_exp></and_exp></or_exp>
</condition>

<Node id="15" bw="7" op_0_bw="7" op_1_bw="4" op_2_bw="3">
<![CDATA[
:2  %tmp_13 = call i7 @_ssdm_op_BitConcatenate.i7.i4.i3(i4 %i_21_read, i3 0)

]]></Node>
<StgValue><ssdm name="tmp_13"/></StgValue>
</operation>

<operation id="14" st_id="1" stage="1" lat="1">
<core>NULL</core>
<MemPortIdVec></MemPortIdVec>
<condition id="15">
<or_exp><and_exp></and_exp></or_exp>
</condition>

<Node id="16" bw="8" op_0_bw="7">
<![CDATA[
:3  %tmp_18_cast = zext i7 %tmp_13 to i8

]]></Node>
<StgValue><ssdm name="tmp_18_cast"/></StgValue>
</operation>

<operation id="15" st_id="1" stage="1" lat="1">
<core>NULL</core>
<MemPortIdVec></MemPortIdVec>
<condition id="15">
<or_exp><and_exp></and_exp></or_exp>
</condition>

<Node id="17" bw="7" op_0_bw="7" op_1_bw="4" op_2_bw="3">
<![CDATA[
:4  %tmp_14 = call i7 @_ssdm_op_BitConcatenate.i7.i4.i3(i4 %i_2_read, i3 0)

]]></Node>
<StgValue><ssdm name="tmp_14"/></StgValue>
</operation>

<operation id="16" st_id="1" stage="1" lat="1">
<core>NULL</core>
<MemPortIdVec></MemPortIdVec>
<condition id="15">
<or_exp><and_exp></and_exp></or_exp>
</condition>

<Node id="18" bw="32" op_0_bw="7">
<![CDATA[
:5  %tmp_15 = zext i7 %tmp_14 to i32

]]></Node>
<StgValue><ssdm name="tmp_15"/></StgValue>
</operation>

<operation id="17" st_id="1" stage="1" lat="1">
<core>NULL</core>
<MemPortIdVec></MemPortIdVec>
<condition id="15">
<or_exp><and_exp></and_exp></or_exp>
</condition>

<Node id="19" bw="6" op_0_bw="16" op_1_bw="32" op_2_bw="32">
<![CDATA[
:6  %src_addr = getelementptr [64 x i16]* %src, i32 0, i32 %tmp_15

]]></Node>
<StgValue><ssdm name="src_addr"/></StgValue>
</operation>

<operation id="18" st_id="1" stage="1" lat="1">
<core>NULL</core>
<MemPortIdVec></MemPortIdVec>
<condition id="15">
<or_exp><and_exp></and_exp></or_exp>
</condition>

<Node id="20" bw="7" op_0_bw="7" op_1_bw="7">
<![CDATA[
:7  %tmp_16 = or i7 %tmp_14, 1

]]></Node>
<StgValue><ssdm name="tmp_16"/></StgValue>
</operation>

<operation id="19" st_id="1" stage="1" lat="1">
<core>NULL</core>
<MemPortIdVec></MemPortIdVec>
<condition id="15">
<or_exp><and_exp></and_exp></or_exp>
</condition>

<Node id="21" bw="32" op_0_bw="32" op_1_bw="25" op_2_bw="7">
<![CDATA[
:8  %tmp_17 = call i32 @_ssdm_op_BitConcatenate.i32.i25.i7(i25 0, i7 %tmp_16)

]]></Node>
<StgValue><ssdm name="tmp_17"/></StgValue>
</operation>

<operation id="20" st_id="1" stage="1" lat="1">
<core>NULL</core>
<MemPortIdVec></MemPortIdVec>
<condition id="15">
<or_exp><and_exp></and_exp></or_exp>
</condition>

<Node id="22" bw="6" op_0_bw="16" op_1_bw="32" op_2_bw="32">
<![CDATA[
:9  %src_addr_1 = getelementptr [64 x i16]* %src, i32 0, i32 %tmp_17

]]></Node>
<StgValue><ssdm name="src_addr_1"/></StgValue>
</operation>

<operation id="21" st_id="1" stage="1" lat="1">
<core>NULL</core>
<MemPortIdVec></MemPortIdVec>
<condition id="15">
<or_exp><and_exp></and_exp></or_exp>
</condition>

<Node id="23" bw="7" op_0_bw="7" op_1_bw="7">
<![CDATA[
:10  %tmp_18 = or i7 %tmp_14, 2

]]></Node>
<StgValue><ssdm name="tmp_18"/></StgValue>
</operation>

<operation id="22" st_id="1" stage="1" lat="1">
<core>NULL</core>
<MemPortIdVec></MemPortIdVec>
<condition id="15">
<or_exp><and_exp></and_exp></or_exp>
</condition>

<Node id="24" bw="32" op_0_bw="32" op_1_bw="25" op_2_bw="7">
<![CDATA[
:11  %tmp_19 = call i32 @_ssdm_op_BitConcatenate.i32.i25.i7(i25 0, i7 %tmp_18)

]]></Node>
<StgValue><ssdm name="tmp_19"/></StgValue>
</operation>

<operation id="23" st_id="1" stage="1" lat="1">
<core>NULL</core>
<MemPortIdVec></MemPortIdVec>
<condition id="15">
<or_exp><and_exp></and_exp></or_exp>
</condition>

<Node id="25" bw="6" op_0_bw="16" op_1_bw="32" op_2_bw="32">
<![CDATA[
:12  %src_addr_2 = getelementptr [64 x i16]* %src, i32 0, i32 %tmp_19

]]></Node>
<StgValue><ssdm name="src_addr_2"/></StgValue>
</operation>

<operation id="24" st_id="1" stage="1" lat="1">
<core>NULL</core>
<MemPortIdVec></MemPortIdVec>
<condition id="15">
<or_exp><and_exp></and_exp></or_exp>
</condition>

<Node id="26" bw="7" op_0_bw="7" op_1_bw="7">
<![CDATA[
:13  %tmp_20 = or i7 %tmp_14, 3

]]></Node>
<StgValue><ssdm name="tmp_20"/></StgValue>
</operation>

<operation id="25" st_id="1" stage="1" lat="1">
<core>NULL</core>
<MemPortIdVec></MemPortIdVec>
<condition id="15">
<or_exp><and_exp></and_exp></or_exp>
</condition>

<Node id="27" bw="32" op_0_bw="32" op_1_bw="25" op_2_bw="7">
<![CDATA[
:14  %tmp_21 = call i32 @_ssdm_op_BitConcatenate.i32.i25.i7(i25 0, i7 %tmp_20)

]]></Node>
<StgValue><ssdm name="tmp_21"/></StgValue>
</operation>

<operation id="26" st_id="1" stage="1" lat="1">
<core>NULL</core>
<MemPortIdVec></MemPortIdVec>
<condition id="15">
<or_exp><and_exp></and_exp></or_exp>
</condition>

<Node id="28" bw="6" op_0_bw="16" op_1_bw="32" op_2_bw="32">
<![CDATA[
:15  %src_addr_3 = getelementptr [64 x i16]* %src, i32 0, i32 %tmp_21

]]></Node>
<StgValue><ssdm name="src_addr_3"/></StgValue>
</operation>

<operation id="27" st_id="1" stage="1" lat="1">
<core>NULL</core>
<MemPortIdVec></MemPortIdVec>
<condition id="15">
<or_exp><and_exp></and_exp></or_exp>
</condition>

<Node id="29" bw="7" op_0_bw="7" op_1_bw="7">
<![CDATA[
:16  %tmp_22 = or i7 %tmp_14, 4

]]></Node>
<StgValue><ssdm name="tmp_22"/></StgValue>
</operation>

<operation id="28" st_id="1" stage="1" lat="1">
<core>NULL</core>
<MemPortIdVec></MemPortIdVec>
<condition id="15">
<or_exp><and_exp></and_exp></or_exp>
</condition>

<Node id="30" bw="32" op_0_bw="32" op_1_bw="25" op_2_bw="7">
<![CDATA[
:17  %tmp_23 = call i32 @_ssdm_op_BitConcatenate.i32.i25.i7(i25 0, i7 %tmp_22)

]]></Node>
<StgValue><ssdm name="tmp_23"/></StgValue>
</operation>

<operation id="29" st_id="1" stage="1" lat="1">
<core>NULL</core>
<MemPortIdVec></MemPortIdVec>
<condition id="15">
<or_exp><and_exp></and_exp></or_exp>
</condition>

<Node id="31" bw="6" op_0_bw="16" op_1_bw="32" op_2_bw="32">
<![CDATA[
:18  %src_addr_4 = getelementptr [64 x i16]* %src, i32 0, i32 %tmp_23

]]></Node>
<StgValue><ssdm name="src_addr_4"/></StgValue>
</operation>

<operation id="30" st_id="1" stage="1" lat="1">
<core>NULL</core>
<MemPortIdVec></MemPortIdVec>
<condition id="15">
<or_exp><and_exp></and_exp></or_exp>
</condition>

<Node id="32" bw="7" op_0_bw="7" op_1_bw="7">
<![CDATA[
:19  %tmp_24 = or i7 %tmp_14, 5

]]></Node>
<StgValue><ssdm name="tmp_24"/></StgValue>
</operation>

<operation id="31" st_id="1" stage="1" lat="1">
<core>NULL</core>
<MemPortIdVec></MemPortIdVec>
<condition id="15">
<or_exp><and_exp></and_exp></or_exp>
</condition>

<Node id="33" bw="32" op_0_bw="32" op_1_bw="25" op_2_bw="7">
<![CDATA[
:20  %tmp_25 = call i32 @_ssdm_op_BitConcatenate.i32.i25.i7(i25 0, i7 %tmp_24)

]]></Node>
<StgValue><ssdm name="tmp_25"/></StgValue>
</operation>

<operation id="32" st_id="1" stage="1" lat="1">
<core>NULL</core>
<MemPortIdVec></MemPortIdVec>
<condition id="15">
<or_exp><and_exp></and_exp></or_exp>
</condition>

<Node id="34" bw="6" op_0_bw="16" op_1_bw="32" op_2_bw="32">
<![CDATA[
:21  %src_addr_5 = getelementptr [64 x i16]* %src, i32 0, i32 %tmp_25

]]></Node>
<StgValue><ssdm name="src_addr_5"/></StgValue>
</operation>

<operation id="33" st_id="1" stage="1" lat="1">
<core>NULL</core>
<MemPortIdVec></MemPortIdVec>
<condition id="15">
<or_exp><and_exp></and_exp></or_exp>
</condition>

<Node id="35" bw="7" op_0_bw="7" op_1_bw="7">
<![CDATA[
:22  %tmp_26 = or i7 %tmp_14, 6

]]></Node>
<StgValue><ssdm name="tmp_26"/></StgValue>
</operation>

<operation id="34" st_id="1" stage="1" lat="1">
<core>NULL</core>
<MemPortIdVec></MemPortIdVec>
<condition id="15">
<or_exp><and_exp></and_exp></or_exp>
</condition>

<Node id="36" bw="32" op_0_bw="32" op_1_bw="25" op_2_bw="7">
<![CDATA[
:23  %tmp_27 = call i32 @_ssdm_op_BitConcatenate.i32.i25.i7(i25 0, i7 %tmp_26)

]]></Node>
<StgValue><ssdm name="tmp_27"/></StgValue>
</operation>

<operation id="35" st_id="1" stage="1" lat="1">
<core>NULL</core>
<MemPortIdVec></MemPortIdVec>
<condition id="15">
<or_exp><and_exp></and_exp></or_exp>
</condition>

<Node id="37" bw="6" op_0_bw="16" op_1_bw="32" op_2_bw="32">
<![CDATA[
:24  %src_addr_6 = getelementptr [64 x i16]* %src, i32 0, i32 %tmp_27

]]></Node>
<StgValue><ssdm name="src_addr_6"/></StgValue>
</operation>

<operation id="36" st_id="1" stage="1" lat="1">
<core>NULL</core>
<MemPortIdVec></MemPortIdVec>
<condition id="15">
<or_exp><and_exp></and_exp></or_exp>
</condition>

<Node id="38" bw="7" op_0_bw="7" op_1_bw="7">
<![CDATA[
:25  %tmp_28 = or i7 %tmp_14, 7

]]></Node>
<StgValue><ssdm name="tmp_28"/></StgValue>
</operation>

<operation id="37" st_id="1" stage="1" lat="1">
<core>NULL</core>
<MemPortIdVec></MemPortIdVec>
<condition id="15">
<or_exp><and_exp></and_exp></or_exp>
</condition>

<Node id="39" bw="32" op_0_bw="32" op_1_bw="25" op_2_bw="7">
<![CDATA[
:26  %tmp_29 = call i32 @_ssdm_op_BitConcatenate.i32.i25.i7(i25 0, i7 %tmp_28)

]]></Node>
<StgValue><ssdm name="tmp_29"/></StgValue>
</operation>

<operation id="38" st_id="1" stage="1" lat="1">
<core>NULL</core>
<MemPortIdVec></MemPortIdVec>
<condition id="15">
<or_exp><and_exp></and_exp></or_exp>
</condition>

<Node id="40" bw="6" op_0_bw="16" op_1_bw="32" op_2_bw="32">
<![CDATA[
:27  %src_addr_7 = getelementptr [64 x i16]* %src, i32 0, i32 %tmp_29

]]></Node>
<StgValue><ssdm name="src_addr_7"/></StgValue>
</operation>

<operation id="39" st_id="1" stage="1" lat="1">
<core>NULL</core>
<MemPortIdVec></MemPortIdVec>
<condition id="15">
<or_exp><and_exp></and_exp></or_exp>
</condition>

<Node id="41" bw="0" op_0_bw="0">
<![CDATA[
:28  br label %1

]]></Node>
<StgValue><ssdm name=""/></StgValue>
</operation>
</state>

<state id="2" st_id="2">

<operation id="40" st_id="2" stage="1" lat="1">
<core>NULL</core>
<MemPortIdVec></MemPortIdVec>
<condition id="-1">
<or_exp><and_exp></and_exp></or_exp>
</condition>

<Node id="43" bw="4" op_0_bw="4" op_1_bw="0">
<![CDATA[
:0  %k = phi i4 [ 0, %0 ], [ %k_1, %2 ]

]]></Node>
<StgValue><ssdm name="k"/></StgValue>
</operation>

<operation id="41" st_id="2" stage="1" lat="1">
<core>Cmp</core>
<MemPortIdVec></MemPortIdVec>
<condition id="-1">
<or_exp><and_exp></and_exp></or_exp>
</condition>

<Node id="44" bw="1" op_0_bw="4" op_1_bw="4">
<![CDATA[
:1  %tmp = icmp eq i4 %k, -8

]]></Node>
<StgValue><ssdm name="tmp"/></StgValue>
</operation>

<operation id="42" st_id="2" stage="1" lat="1">
<core>AddSub</core>
<MemPortIdVec></MemPortIdVec>
<condition id="-1">
<or_exp><and_exp></and_exp></or_exp>
</condition>

<Node id="45" bw="4" op_0_bw="4" op_1_bw="4">
<![CDATA[
:2  %k_1 = add i4 %k, 1

]]></Node>
<StgValue><ssdm name="k_1"/></StgValue>
</operation>

<operation id="43" st_id="2" stage="1" lat="1">
<core>NULL</core>
<MemPortIdVec></MemPortIdVec>
<condition id="-1">
<or_exp><and_exp></and_exp></or_exp>
</condition>

<Node id="46" bw="0" op_0_bw="1" op_1_bw="0" op_2_bw="0">
<![CDATA[
:3  br i1 %tmp, label %3, label %2

]]></Node>
<StgValue><ssdm name=""/></StgValue>
</operation>

<operation id="44" st_id="2" stage="1" lat="1">
<core>NULL</core>
<MemPortIdVec></MemPortIdVec>
<condition id="0">
<or_exp><and_exp><literal name="tmp" val="0"/>
</and_exp></or_exp>
</condition>

<Node id="48" bw="32" op_0_bw="4">
<![CDATA[
:0  %k_cast8 = zext i4 %k to i32

]]></Node>
<StgValue><ssdm name="k_cast8"/></StgValue>
</operation>

<operation id="45" st_id="2" stage="1" lat="1">
<core>NULL</core>
<MemPortIdVec></MemPortIdVec>
<condition id="0">
<or_exp><and_exp><literal name="tmp" val="0"/>
</and_exp></or_exp>
</condition>

<Node id="49" bw="8" op_0_bw="4">
<![CDATA[
:1  %k_cast8_cast = zext i4 %k to i8

]]></Node>
<StgValue><ssdm name="k_cast8_cast"/></StgValue>
</operation>

<operation id="46" st_id="2" stage="1" lat="1">
<core>AddSub</core>
<MemPortIdVec></MemPortIdVec>
<condition id="0">
<or_exp><and_exp><literal name="tmp" val="0"/>
</and_exp></or_exp>
</condition>

<Node id="50" bw="8" op_0_bw="8" op_1_bw="8">
<![CDATA[
:2  %tmp_30 = add i8 %tmp_18_cast, %k_cast8_cast

]]></Node>
<StgValue><ssdm name="tmp_30"/></StgValue>
</operation>

<operation id="47" st_id="2" stage="1" lat="1">
<core>NULL</core>
<MemPortIdVec></MemPortIdVec>
<condition id="0">
<or_exp><and_exp><literal name="tmp" val="0"/>
</and_exp></or_exp>
</condition>

<Node id="63" bw="3" op_0_bw="15" op_1_bw="32" op_2_bw="32">
<![CDATA[
:15  %dct_coeff_table_1_ad = getelementptr [8 x i15]* @dct_coeff_table_1, i32 0, i32 %k_cast8

]]></Node>
<StgValue><ssdm name="dct_coeff_table_1_ad"/></StgValue>
</operation>

<operation id="48" st_id="2" stage="2" lat="2">
<core>ROM_nP</core>
<MemPortIdVec></MemPortIdVec>
<condition id="0">
<or_exp><and_exp><literal name="tmp" val="0"/>
</and_exp></or_exp>
</condition>

<Node id="64" bw="15" op_0_bw="3">
<![CDATA[
:16  %dct_coeff_table_1_lo = load i15* %dct_coeff_table_1_ad, align 2

]]></Node>
<StgValue><ssdm name="dct_coeff_table_1_lo"/></StgValue>
</operation>

<operation id="49" st_id="2" stage="2" lat="2">
<core>RAM</core>
<MemPortIdVec></MemPortIdVec>
<condition id="0">
<or_exp><and_exp><literal name="tmp" val="0"/>
</and_exp></or_exp>
</condition>

<Node id="66" bw="16" op_0_bw="6">
<![CDATA[
:18  %src_load_1 = load i16* %src_addr_1, align 2

]]></Node>
<StgValue><ssdm name="src_load_1"/></StgValue>
</operation>

<operation id="50" st_id="2" stage="1" lat="1">
<core>NULL</core>
<MemPortIdVec></MemPortIdVec>
<condition id="0">
<or_exp><and_exp><literal name="tmp" val="0"/>
</and_exp></or_exp>
</condition>

<Node id="75" bw="3" op_0_bw="15" op_1_bw="32" op_2_bw="32">
<![CDATA[
:27  %dct_coeff_table_3_ad = getelementptr [8 x i15]* @dct_coeff_table_3, i32 0, i32 %k_cast8

]]></Node>
<StgValue><ssdm name="dct_coeff_table_3_ad"/></StgValue>
</operation>

<operation id="51" st_id="2" stage="2" lat="2">
<core>ROM_nP</core>
<MemPortIdVec></MemPortIdVec>
<condition id="0">
<or_exp><and_exp><literal name="tmp" val="0"/>
</and_exp></or_exp>
</condition>

<Node id="76" bw="15" op_0_bw="3">
<![CDATA[
:28  %dct_coeff_table_3_lo = load i15* %dct_coeff_table_3_ad, align 2

]]></Node>
<StgValue><ssdm name="dct_coeff_table_3_lo"/></StgValue>
</operation>

<operation id="52" st_id="2" stage="2" lat="2">
<core>RAM</core>
<MemPortIdVec></MemPortIdVec>
<condition id="0">
<or_exp><and_exp><literal name="tmp" val="0"/>
</and_exp></or_exp>
</condition>

<Node id="78" bw="16" op_0_bw="6">
<![CDATA[
:30  %src_load_3 = load i16* %src_addr_3, align 2

]]></Node>
<StgValue><ssdm name="src_load_3"/></StgValue>
</operation>
</state>

<state id="3" st_id="3">

<operation id="53" st_id="3" stage="1" lat="1">
<core>NULL</core>
<MemPortIdVec></MemPortIdVec>
<condition id="0">
<or_exp><and_exp><literal name="tmp" val="0"/>
</and_exp></or_exp>
</condition>

<Node id="57" bw="3" op_0_bw="14" op_1_bw="32" op_2_bw="32">
<![CDATA[
:9  %dct_coeff_table_0_ad = getelementptr [8 x i14]* @dct_coeff_table_0, i32 0, i32 %k_cast8

]]></Node>
<StgValue><ssdm name="dct_coeff_table_0_ad"/></StgValue>
</operation>

<operation id="54" st_id="3" stage="2" lat="2">
<core>ROM_nP</core>
<MemPortIdVec></MemPortIdVec>
<condition id="0">
<or_exp><and_exp><literal name="tmp" val="0"/>
</and_exp></or_exp>
</condition>

<Node id="58" bw="14" op_0_bw="3">
<![CDATA[
:10  %dct_coeff_table_0_lo = load i14* %dct_coeff_table_0_ad, align 2

]]></Node>
<StgValue><ssdm name="dct_coeff_table_0_lo"/></StgValue>
</operation>

<operation id="55" st_id="3" stage="2" lat="2">
<core>RAM</core>
<MemPortIdVec></MemPortIdVec>
<condition id="0">
<or_exp><and_exp><literal name="tmp" val="0"/>
</and_exp></or_exp>
</condition>

<Node id="60" bw="16" op_0_bw="6">
<![CDATA[
:12  %src_load = load i16* %src_addr, align 2

]]></Node>
<StgValue><ssdm name="src_load"/></StgValue>
</operation>

<operation id="56" st_id="3" stage="1" lat="2">
<core>ROM_nP</core>
<MemPortIdVec></MemPortIdVec>
<condition id="0">
<or_exp><and_exp><literal name="tmp" val="0"/>
</and_exp></or_exp>
</condition>

<Node id="64" bw="15" op_0_bw="3">
<![CDATA[
:16  %dct_coeff_table_1_lo = load i15* %dct_coeff_table_1_ad, align 2

]]></Node>
<StgValue><ssdm name="dct_coeff_table_1_lo"/></StgValue>
</operation>

<operation id="57" st_id="3" stage="1" lat="2">
<core>RAM</core>
<MemPortIdVec></MemPortIdVec>
<condition id="0">
<or_exp><and_exp><literal name="tmp" val="0"/>
</and_exp></or_exp>
</condition>

<Node id="66" bw="16" op_0_bw="6">
<![CDATA[
:18  %src_load_1 = load i16* %src_addr_1, align 2

]]></Node>
<StgValue><ssdm name="src_load_1"/></StgValue>
</operation>

<operation id="58" st_id="3" stage="1" lat="2">
<core>ROM_nP</core>
<MemPortIdVec></MemPortIdVec>
<condition id="0">
<or_exp><and_exp><literal name="tmp" val="0"/>
</and_exp></or_exp>
</condition>

<Node id="76" bw="15" op_0_bw="3">
<![CDATA[
:28  %dct_coeff_table_3_lo = load i15* %dct_coeff_table_3_ad, align 2

]]></Node>
<StgValue><ssdm name="dct_coeff_table_3_lo"/></StgValue>
</operation>

<operation id="59" st_id="3" stage="1" lat="2">
<core>RAM</core>
<MemPortIdVec></MemPortIdVec>
<condition id="0">
<or_exp><and_exp><literal name="tmp" val="0"/>
</and_exp></or_exp>
</condition>

<Node id="78" bw="16" op_0_bw="6">
<![CDATA[
:30  %src_load_3 = load i16* %src_addr_3, align 2

]]></Node>
<StgValue><ssdm name="src_load_3"/></StgValue>
</operation>

<operation id="60" st_id="3" stage="1" lat="1">
<core>NULL</core>
<MemPortIdVec></MemPortIdVec>
<condition id="0">
<or_exp><and_exp><literal name="tmp" val="0"/>
</and_exp></or_exp>
</condition>

<Node id="87" bw="3" op_0_bw="15" op_1_bw="32" op_2_bw="32">
<![CDATA[
:39  %dct_coeff_table_5_ad = getelementptr [8 x i15]* @dct_coeff_table_5, i32 0, i32 %k_cast8

]]></Node>
<StgValue><ssdm name="dct_coeff_table_5_ad"/></StgValue>
</operation>

<operation id="61" st_id="3" stage="2" lat="2">
<core>ROM_nP</core>
<MemPortIdVec></MemPortIdVec>
<condition id="0">
<or_exp><and_exp><literal name="tmp" val="0"/>
</and_exp></or_exp>
</condition>

<Node id="88" bw="15" op_0_bw="3">
<![CDATA[
:40  %dct_coeff_table_5_lo = load i15* %dct_coeff_table_5_ad, align 2

]]></Node>
<StgValue><ssdm name="dct_coeff_table_5_lo"/></StgValue>
</operation>

<operation id="62" st_id="3" stage="2" lat="2">
<core>RAM</core>
<MemPortIdVec></MemPortIdVec>
<condition id="0">
<or_exp><and_exp><literal name="tmp" val="0"/>
</and_exp></or_exp>
</condition>

<Node id="90" bw="16" op_0_bw="6">
<![CDATA[
:42  %src_load_5 = load i16* %src_addr_5, align 2

]]></Node>
<StgValue><ssdm name="src_load_5"/></StgValue>
</operation>
</state>

<state id="4" st_id="4">

<operation id="63" st_id="4" stage="1" lat="2">
<core>ROM_nP</core>
<MemPortIdVec></MemPortIdVec>
<condition id="0">
<or_exp><and_exp><literal name="tmp" val="0"/>
</and_exp></or_exp>
</condition>

<Node id="58" bw="14" op_0_bw="3">
<![CDATA[
:10  %dct_coeff_table_0_lo = load i14* %dct_coeff_table_0_ad, align 2

]]></Node>
<StgValue><ssdm name="dct_coeff_table_0_lo"/></StgValue>
</operation>

<operation id="64" st_id="4" stage="1" lat="2">
<core>RAM</core>
<MemPortIdVec></MemPortIdVec>
<condition id="0">
<or_exp><and_exp><literal name="tmp" val="0"/>
</and_exp></or_exp>
</condition>

<Node id="60" bw="16" op_0_bw="6">
<![CDATA[
:12  %src_load = load i16* %src_addr, align 2

]]></Node>
<StgValue><ssdm name="src_load"/></StgValue>
</operation>

<operation id="65" st_id="4" stage="1" lat="1">
<core>NULL</core>
<MemPortIdVec></MemPortIdVec>
<condition id="0">
<or_exp><and_exp><literal name="tmp" val="0"/>
</and_exp></or_exp>
</condition>

<Node id="65" bw="29" op_0_bw="15">
<![CDATA[
:17  %coeff_1_cast = sext i15 %dct_coeff_table_1_lo to i29

]]></Node>
<StgValue><ssdm name="coeff_1_cast"/></StgValue>
</operation>

<operation id="66" st_id="4" stage="1" lat="1">
<core>NULL</core>
<MemPortIdVec></MemPortIdVec>
<condition id="0">
<or_exp><and_exp><literal name="tmp" val="0"/>
</and_exp></or_exp>
</condition>

<Node id="67" bw="29" op_0_bw="16">
<![CDATA[
:19  %tmp_6_1_cast = sext i16 %src_load_1 to i29

]]></Node>
<StgValue><ssdm name="tmp_6_1_cast"/></StgValue>
</operation>

<operation id="67" st_id="4" stage="1" lat="1">
<core>DSP48</core>
<MemPortIdVec></MemPortIdVec>
<condition id="0">
<or_exp><and_exp><literal name="tmp" val="0"/>
</and_exp></or_exp>
</condition>

<Node id="68" bw="29" op_0_bw="29" op_1_bw="29">
<![CDATA[
:20  %tmp_7_1 = mul i29 %tmp_6_1_cast, %coeff_1_cast

]]></Node>
<StgValue><ssdm name="tmp_7_1"/></StgValue>
</operation>

<operation id="68" st_id="4" stage="1" lat="1">
<core>NULL</core>
<MemPortIdVec></MemPortIdVec>
<condition id="0">
<or_exp><and_exp><literal name="tmp" val="0"/>
</and_exp></or_exp>
</condition>

<Node id="69" bw="3" op_0_bw="15" op_1_bw="32" op_2_bw="32">
<![CDATA[
:21  %dct_coeff_table_2_ad = getelementptr [8 x i15]* @dct_coeff_table_2, i32 0, i32 %k_cast8

]]></Node>
<StgValue><ssdm name="dct_coeff_table_2_ad"/></StgValue>
</operation>

<operation id="69" st_id="4" stage="2" lat="2">
<core>ROM_nP</core>
<MemPortIdVec></MemPortIdVec>
<condition id="0">
<or_exp><and_exp><literal name="tmp" val="0"/>
</and_exp></or_exp>
</condition>

<Node id="70" bw="15" op_0_bw="3">
<![CDATA[
:22  %dct_coeff_table_2_lo = load i15* %dct_coeff_table_2_ad, align 2

]]></Node>
<StgValue><ssdm name="dct_coeff_table_2_lo"/></StgValue>
</operation>

<operation id="70" st_id="4" stage="2" lat="2">
<core>RAM</core>
<MemPortIdVec></MemPortIdVec>
<condition id="0">
<or_exp><and_exp><literal name="tmp" val="0"/>
</and_exp></or_exp>
</condition>

<Node id="72" bw="16" op_0_bw="6">
<![CDATA[
:24  %src_load_2 = load i16* %src_addr_2, align 2

]]></Node>
<StgValue><ssdm name="src_load_2"/></StgValue>
</operation>

<operation id="71" st_id="4" stage="1" lat="1">
<core>NULL</core>
<MemPortIdVec></MemPortIdVec>
<condition id="0">
<or_exp><and_exp><literal name="tmp" val="0"/>
</and_exp></or_exp>
</condition>

<Node id="77" bw="29" op_0_bw="15">
<![CDATA[
:29  %coeff_3_cast = sext i15 %dct_coeff_table_3_lo to i29

]]></Node>
<StgValue><ssdm name="coeff_3_cast"/></StgValue>
</operation>

<operation id="72" st_id="4" stage="1" lat="1">
<core>NULL</core>
<MemPortIdVec></MemPortIdVec>
<condition id="0">
<or_exp><and_exp><literal name="tmp" val="0"/>
</and_exp></or_exp>
</condition>

<Node id="79" bw="29" op_0_bw="16">
<![CDATA[
:31  %tmp_6_3_cast = sext i16 %src_load_3 to i29

]]></Node>
<StgValue><ssdm name="tmp_6_3_cast"/></StgValue>
</operation>

<operation id="73" st_id="4" stage="1" lat="1">
<core>DSP48</core>
<MemPortIdVec></MemPortIdVec>
<condition id="0">
<or_exp><and_exp><literal name="tmp" val="0"/>
</and_exp></or_exp>
</condition>

<Node id="80" bw="29" op_0_bw="29" op_1_bw="29">
<![CDATA[
:32  %tmp_7_3 = mul i29 %tmp_6_3_cast, %coeff_3_cast

]]></Node>
<StgValue><ssdm name="tmp_7_3"/></StgValue>
</operation>

<operation id="74" st_id="4" stage="1" lat="1">
<core>NULL</core>
<MemPortIdVec></MemPortIdVec>
<condition id="0">
<or_exp><and_exp><literal name="tmp" val="0"/>
</and_exp></or_exp>
</condition>

<Node id="81" bw="3" op_0_bw="15" op_1_bw="32" op_2_bw="32">
<![CDATA[
:33  %dct_coeff_table_4_ad = getelementptr [8 x i15]* @dct_coeff_table_4, i32 0, i32 %k_cast8

]]></Node>
<StgValue><ssdm name="dct_coeff_table_4_ad"/></StgValue>
</operation>

<operation id="75" st_id="4" stage="2" lat="2">
<core>ROM_nP</core>
<MemPortIdVec></MemPortIdVec>
<condition id="0">
<or_exp><and_exp><literal name="tmp" val="0"/>
</and_exp></or_exp>
</condition>

<Node id="82" bw="15" op_0_bw="3">
<![CDATA[
:34  %dct_coeff_table_4_lo = load i15* %dct_coeff_table_4_ad, align 2

]]></Node>
<StgValue><ssdm name="dct_coeff_table_4_lo"/></StgValue>
</operation>

<operation id="76" st_id="4" stage="2" lat="2">
<core>RAM</core>
<MemPortIdVec></MemPortIdVec>
<condition id="0">
<or_exp><and_exp><literal name="tmp" val="0"/>
</and_exp></or_exp>
</condition>

<Node id="84" bw="16" op_0_bw="6">
<![CDATA[
:36  %src_load_4 = load i16* %src_addr_4, align 2

]]></Node>
<StgValue><ssdm name="src_load_4"/></StgValue>
</operation>

<operation id="77" st_id="4" stage="1" lat="2">
<core>ROM_nP</core>
<MemPortIdVec></MemPortIdVec>
<condition id="0">
<or_exp><and_exp><literal name="tmp" val="0"/>
</and_exp></or_exp>
</condition>

<Node id="88" bw="15" op_0_bw="3">
<![CDATA[
:40  %dct_coeff_table_5_lo = load i15* %dct_coeff_table_5_ad, align 2

]]></Node>
<StgValue><ssdm name="dct_coeff_table_5_lo"/></StgValue>
</operation>

<operation id="78" st_id="4" stage="1" lat="2">
<core>RAM</core>
<MemPortIdVec></MemPortIdVec>
<condition id="0">
<or_exp><and_exp><literal name="tmp" val="0"/>
</and_exp></or_exp>
</condition>

<Node id="90" bw="16" op_0_bw="6">
<![CDATA[
:42  %src_load_5 = load i16* %src_addr_5, align 2

]]></Node>
<StgValue><ssdm name="src_load_5"/></StgValue>
</operation>

<operation id="79" st_id="4" stage="1" lat="1">
<core>NULL</core>
<MemPortIdVec></MemPortIdVec>
<condition id="0">
<or_exp><and_exp><literal name="tmp" val="0"/>
</and_exp></or_exp>
</condition>

<Node id="93" bw="3" op_0_bw="15" op_1_bw="32" op_2_bw="32">
<![CDATA[
:45  %dct_coeff_table_6_ad = getelementptr [8 x i15]* @dct_coeff_table_6, i32 0, i32 %k_cast8

]]></Node>
<StgValue><ssdm name="dct_coeff_table_6_ad"/></StgValue>
</operation>

<operation id="80" st_id="4" stage="2" lat="2">
<core>ROM_nP</core>
<MemPortIdVec></MemPortIdVec>
<condition id="0">
<or_exp><and_exp><literal name="tmp" val="0"/>
</and_exp></or_exp>
</condition>

<Node id="94" bw="15" op_0_bw="3">
<![CDATA[
:46  %dct_coeff_table_6_lo = load i15* %dct_coeff_table_6_ad, align 2

]]></Node>
<StgValue><ssdm name="dct_coeff_table_6_lo"/></StgValue>
</operation>

<operation id="81" st_id="4" stage="1" lat="1">
<core>NULL</core>
<MemPortIdVec></MemPortIdVec>
<condition id="0">
<or_exp><and_exp><literal name="tmp" val="0"/>
</and_exp></or_exp>
</condition>

<Node id="99" bw="3" op_0_bw="15" op_1_bw="32" op_2_bw="32">
<![CDATA[
:51  %dct_coeff_table_7_ad = getelementptr [8 x i15]* @dct_coeff_table_7, i32 0, i32 %k_cast8

]]></Node>
<StgValue><ssdm name="dct_coeff_table_7_ad"/></StgValue>
</operation>

<operation id="82" st_id="4" stage="2" lat="2">
<core>ROM_nP</core>
<MemPortIdVec></MemPortIdVec>
<condition id="0">
<or_exp><and_exp><literal name="tmp" val="0"/>
</and_exp></or_exp>
</condition>

<Node id="100" bw="15" op_0_bw="3">
<![CDATA[
:52  %dct_coeff_table_7_lo = load i15* %dct_coeff_table_7_ad, align 2

]]></Node>
<StgValue><ssdm name="dct_coeff_table_7_lo"/></StgValue>
</operation>
</state>

<state id="5" st_id="5">

<operation id="83" st_id="5" stage="1" lat="1">
<core>NULL</core>
<MemPortIdVec></MemPortIdVec>
<condition id="0">
<or_exp><and_exp><literal name="tmp" val="0"/>
</and_exp></or_exp>
</condition>

<Node id="59" bw="29" op_0_bw="14">
<![CDATA[
:11  %coeff_cast = zext i14 %dct_coeff_table_0_lo to i29

]]></Node>
<StgValue><ssdm name="coeff_cast"/></StgValue>
</operation>

<operation id="84" st_id="5" stage="1" lat="1">
<core>NULL</core>
<MemPortIdVec></MemPortIdVec>
<condition id="0">
<or_exp><and_exp><literal name="tmp" val="0"/>
</and_exp></or_exp>
</condition>

<Node id="61" bw="29" op_0_bw="16">
<![CDATA[
:13  %tmp_6_cast = sext i16 %src_load to i29

]]></Node>
<StgValue><ssdm name="tmp_6_cast"/></StgValue>
</operation>

<operation id="85" st_id="5" stage="1" lat="1">
<core>DSP48</core>
<MemPortIdVec></MemPortIdVec>
<condition id="0">
<or_exp><and_exp><literal name="tmp" val="0"/>
</and_exp></or_exp>
</condition>

<Node id="62" bw="29" op_0_bw="29" op_1_bw="29">
<![CDATA[
:14  %tmp_7 = mul i29 %tmp_6_cast, %coeff_cast

]]></Node>
<StgValue><ssdm name="tmp_7"/></StgValue>
</operation>

<operation id="86" st_id="5" stage="1" lat="2">
<core>ROM_nP</core>
<MemPortIdVec></MemPortIdVec>
<condition id="0">
<or_exp><and_exp><literal name="tmp" val="0"/>
</and_exp></or_exp>
</condition>

<Node id="70" bw="15" op_0_bw="3">
<![CDATA[
:22  %dct_coeff_table_2_lo = load i15* %dct_coeff_table_2_ad, align 2

]]></Node>
<StgValue><ssdm name="dct_coeff_table_2_lo"/></StgValue>
</operation>

<operation id="87" st_id="5" stage="1" lat="2">
<core>RAM</core>
<MemPortIdVec></MemPortIdVec>
<condition id="0">
<or_exp><and_exp><literal name="tmp" val="0"/>
</and_exp></or_exp>
</condition>

<Node id="72" bw="16" op_0_bw="6">
<![CDATA[
:24  %src_load_2 = load i16* %src_addr_2, align 2

]]></Node>
<StgValue><ssdm name="src_load_2"/></StgValue>
</operation>

<operation id="88" st_id="5" stage="1" lat="2">
<core>ROM_nP</core>
<MemPortIdVec></MemPortIdVec>
<condition id="0">
<or_exp><and_exp><literal name="tmp" val="0"/>
</and_exp></or_exp>
</condition>

<Node id="82" bw="15" op_0_bw="3">
<![CDATA[
:34  %dct_coeff_table_4_lo = load i15* %dct_coeff_table_4_ad, align 2

]]></Node>
<StgValue><ssdm name="dct_coeff_table_4_lo"/></StgValue>
</operation>

<operation id="89" st_id="5" stage="1" lat="2">
<core>RAM</core>
<MemPortIdVec></MemPortIdVec>
<condition id="0">
<or_exp><and_exp><literal name="tmp" val="0"/>
</and_exp></or_exp>
</condition>

<Node id="84" bw="16" op_0_bw="6">
<![CDATA[
:36  %src_load_4 = load i16* %src_addr_4, align 2

]]></Node>
<StgValue><ssdm name="src_load_4"/></StgValue>
</operation>

<operation id="90" st_id="5" stage="1" lat="1">
<core>NULL</core>
<MemPortIdVec></MemPortIdVec>
<condition id="0">
<or_exp><and_exp><literal name="tmp" val="0"/>
</and_exp></or_exp>
</condition>

<Node id="89" bw="29" op_0_bw="15">
<![CDATA[
:41  %coeff_5_cast = sext i15 %dct_coeff_table_5_lo to i29

]]></Node>
<StgValue><ssdm name="coeff_5_cast"/></StgValue>
</operation>

<operation id="91" st_id="5" stage="1" lat="1">
<core>NULL</core>
<MemPortIdVec></MemPortIdVec>
<condition id="0">
<or_exp><and_exp><literal name="tmp" val="0"/>
</and_exp></or_exp>
</condition>

<Node id="91" bw="29" op_0_bw="16">
<![CDATA[
:43  %tmp_6_5_cast = sext i16 %src_load_5 to i29

]]></Node>
<StgValue><ssdm name="tmp_6_5_cast"/></StgValue>
</operation>

<operation id="92" st_id="5" stage="1" lat="1">
<core>DSP48</core>
<MemPortIdVec></MemPortIdVec>
<condition id="0">
<or_exp><and_exp><literal name="tmp" val="0"/>
</and_exp></or_exp>
</condition>

<Node id="92" bw="29" op_0_bw="29" op_1_bw="29">
<![CDATA[
:44  %tmp_7_5 = mul i29 %tmp_6_5_cast, %coeff_5_cast

]]></Node>
<StgValue><ssdm name="tmp_7_5"/></StgValue>
</operation>

<operation id="93" st_id="5" stage="1" lat="2">
<core>ROM_nP</core>
<MemPortIdVec></MemPortIdVec>
<condition id="0">
<or_exp><and_exp><literal name="tmp" val="0"/>
</and_exp></or_exp>
</condition>

<Node id="94" bw="15" op_0_bw="3">
<![CDATA[
:46  %dct_coeff_table_6_lo = load i15* %dct_coeff_table_6_ad, align 2

]]></Node>
<StgValue><ssdm name="dct_coeff_table_6_lo"/></StgValue>
</operation>

<operation id="94" st_id="5" stage="2" lat="2">
<core>RAM</core>
<MemPortIdVec></MemPortIdVec>
<condition id="0">
<or_exp><and_exp><literal name="tmp" val="0"/>
</and_exp></or_exp>
</condition>

<Node id="96" bw="16" op_0_bw="6">
<![CDATA[
:48  %src_load_6 = load i16* %src_addr_6, align 2

]]></Node>
<StgValue><ssdm name="src_load_6"/></StgValue>
</operation>

<operation id="95" st_id="5" stage="1" lat="2">
<core>ROM_nP</core>
<MemPortIdVec></MemPortIdVec>
<condition id="0">
<or_exp><and_exp><literal name="tmp" val="0"/>
</and_exp></or_exp>
</condition>

<Node id="100" bw="15" op_0_bw="3">
<![CDATA[
:52  %dct_coeff_table_7_lo = load i15* %dct_coeff_table_7_ad, align 2

]]></Node>
<StgValue><ssdm name="dct_coeff_table_7_lo"/></StgValue>
</operation>

<operation id="96" st_id="5" stage="2" lat="2">
<core>RAM</core>
<MemPortIdVec></MemPortIdVec>
<condition id="0">
<or_exp><and_exp><literal name="tmp" val="0"/>
</and_exp></or_exp>
</condition>

<Node id="102" bw="16" op_0_bw="6">
<![CDATA[
:54  %src_load_7 = load i16* %src_addr_7, align 2

]]></Node>
<StgValue><ssdm name="src_load_7"/></StgValue>
</operation>

<operation id="97" st_id="5" stage="1" lat="1">
<core>DSP48</core>
<MemPortIdVec></MemPortIdVec>
<condition id="0">
<or_exp><and_exp><literal name="tmp" val="0"/>
</and_exp></or_exp>
</condition>

<Node id="105" bw="29" op_0_bw="29" op_1_bw="29">
<![CDATA[
:57  %tmp2 = add i29 %tmp_7_1, %tmp_7

]]></Node>
<StgValue><ssdm name="tmp2"/></StgValue>
</operation>
</state>

<state id="6" st_id="6">

<operation id="98" st_id="6" stage="1" lat="1">
<core>NULL</core>
<MemPortIdVec></MemPortIdVec>
<condition id="0">
<or_exp><and_exp><literal name="tmp" val="0"/>
</and_exp></or_exp>
</condition>

<Node id="71" bw="29" op_0_bw="15">
<![CDATA[
:23  %coeff_2_cast = sext i15 %dct_coeff_table_2_lo to i29

]]></Node>
<StgValue><ssdm name="coeff_2_cast"/></StgValue>
</operation>

<operation id="99" st_id="6" stage="1" lat="1">
<core>NULL</core>
<MemPortIdVec></MemPortIdVec>
<condition id="0">
<or_exp><and_exp><literal name="tmp" val="0"/>
</and_exp></or_exp>
</condition>

<Node id="73" bw="29" op_0_bw="16">
<![CDATA[
:25  %tmp_6_2_cast = sext i16 %src_load_2 to i29

]]></Node>
<StgValue><ssdm name="tmp_6_2_cast"/></StgValue>
</operation>

<operation id="100" st_id="6" stage="1" lat="1">
<core>DSP48</core>
<MemPortIdVec></MemPortIdVec>
<condition id="0">
<or_exp><and_exp><literal name="tmp" val="0"/>
</and_exp></or_exp>
</condition>

<Node id="74" bw="29" op_0_bw="29" op_1_bw="29">
<![CDATA[
:26  %tmp_7_2 = mul i29 %tmp_6_2_cast, %coeff_2_cast

]]></Node>
<StgValue><ssdm name="tmp_7_2"/></StgValue>
</operation>

<operation id="101" st_id="6" stage="1" lat="1">
<core>NULL</core>
<MemPortIdVec></MemPortIdVec>
<condition id="0">
<or_exp><and_exp><literal name="tmp" val="0"/>
</and_exp></or_exp>
</condition>

<Node id="83" bw="29" op_0_bw="15">
<![CDATA[
:35  %coeff_4_cast = sext i15 %dct_coeff_table_4_lo to i29

]]></Node>
<StgValue><ssdm name="coeff_4_cast"/></StgValue>
</operation>

<operation id="102" st_id="6" stage="1" lat="1">
<core>NULL</core>
<MemPortIdVec></MemPortIdVec>
<condition id="0">
<or_exp><and_exp><literal name="tmp" val="0"/>
</and_exp></or_exp>
</condition>

<Node id="85" bw="29" op_0_bw="16">
<![CDATA[
:37  %tmp_6_4_cast = sext i16 %src_load_4 to i29

]]></Node>
<StgValue><ssdm name="tmp_6_4_cast"/></StgValue>
</operation>

<operation id="103" st_id="6" stage="1" lat="1">
<core>DSP48</core>
<MemPortIdVec></MemPortIdVec>
<condition id="0">
<or_exp><and_exp><literal name="tmp" val="0"/>
</and_exp></or_exp>
</condition>

<Node id="86" bw="29" op_0_bw="29" op_1_bw="29">
<![CDATA[
:38  %tmp_7_4 = mul i29 %tmp_6_4_cast, %coeff_4_cast

]]></Node>
<StgValue><ssdm name="tmp_7_4"/></StgValue>
</operation>

<operation id="104" st_id="6" stage="1" lat="2">
<core>RAM</core>
<MemPortIdVec></MemPortIdVec>
<condition id="0">
<or_exp><and_exp><literal name="tmp" val="0"/>
</and_exp></or_exp>
</condition>

<Node id="96" bw="16" op_0_bw="6">
<![CDATA[
:48  %src_load_6 = load i16* %src_addr_6, align 2

]]></Node>
<StgValue><ssdm name="src_load_6"/></StgValue>
</operation>

<operation id="105" st_id="6" stage="1" lat="2">
<core>RAM</core>
<MemPortIdVec></MemPortIdVec>
<condition id="0">
<or_exp><and_exp><literal name="tmp" val="0"/>
</and_exp></or_exp>
</condition>

<Node id="102" bw="16" op_0_bw="6">
<![CDATA[
:54  %src_load_7 = load i16* %src_addr_7, align 2

]]></Node>
<StgValue><ssdm name="src_load_7"/></StgValue>
</operation>

<operation id="106" st_id="6" stage="1" lat="1">
<core>DSP48</core>
<MemPortIdVec></MemPortIdVec>
<condition id="0">
<or_exp><and_exp><literal name="tmp" val="0"/>
</and_exp></or_exp>
</condition>

<Node id="106" bw="29" op_0_bw="29" op_1_bw="29">
<![CDATA[
:58  %tmp3 = add i29 %tmp_7_3, %tmp_7_2

]]></Node>
<StgValue><ssdm name="tmp3"/></StgValue>
</operation>

<operation id="107" st_id="6" stage="1" lat="1">
<core>AddSub</core>
<MemPortIdVec></MemPortIdVec>
<condition id="0">
<or_exp><and_exp><literal name="tmp" val="0"/>
</and_exp></or_exp>
</condition>

<Node id="107" bw="29" op_0_bw="29" op_1_bw="29">
<![CDATA[
:59  %tmp1 = add i29 %tmp2, %tmp3

]]></Node>
<StgValue><ssdm name="tmp1"/></StgValue>
</operation>

<operation id="108" st_id="6" stage="1" lat="1">
<core>DSP48</core>
<MemPortIdVec></MemPortIdVec>
<condition id="0">
<or_exp><and_exp><literal name="tmp" val="0"/>
</and_exp></or_exp>
</condition>

<Node id="108" bw="29" op_0_bw="29" op_1_bw="29">
<![CDATA[
:60  %tmp5 = add i29 %tmp_7_5, %tmp_7_4

]]></Node>
<StgValue><ssdm name="tmp5"/></StgValue>
</operation>
</state>

<state id="7" st_id="7">

<operation id="109" st_id="7" stage="1" lat="1">
<core>NULL</core>
<MemPortIdVec></MemPortIdVec>
<condition id="0">
<or_exp><and_exp><literal name="tmp" val="0"/>
</and_exp></or_exp>
</condition>

<Node id="95" bw="29" op_0_bw="15">
<![CDATA[
:47  %coeff_6_cast = sext i15 %dct_coeff_table_6_lo to i29

]]></Node>
<StgValue><ssdm name="coeff_6_cast"/></StgValue>
</operation>

<operation id="110" st_id="7" stage="1" lat="1">
<core>NULL</core>
<MemPortIdVec></MemPortIdVec>
<condition id="0">
<or_exp><and_exp><literal name="tmp" val="0"/>
</and_exp></or_exp>
</condition>

<Node id="97" bw="29" op_0_bw="16">
<![CDATA[
:49  %tmp_6_6_cast = sext i16 %src_load_6 to i29

]]></Node>
<StgValue><ssdm name="tmp_6_6_cast"/></StgValue>
</operation>

<operation id="111" st_id="7" stage="1" lat="1">
<core>DSP48</core>
<MemPortIdVec></MemPortIdVec>
<condition id="0">
<or_exp><and_exp><literal name="tmp" val="0"/>
</and_exp></or_exp>
</condition>

<Node id="98" bw="29" op_0_bw="29" op_1_bw="29">
<![CDATA[
:50  %tmp_7_6 = mul i29 %tmp_6_6_cast, %coeff_6_cast

]]></Node>
<StgValue><ssdm name="tmp_7_6"/></StgValue>
</operation>

<operation id="112" st_id="7" stage="1" lat="1">
<core>NULL</core>
<MemPortIdVec></MemPortIdVec>
<condition id="0">
<or_exp><and_exp><literal name="tmp" val="0"/>
</and_exp></or_exp>
</condition>

<Node id="101" bw="29" op_0_bw="15">
<![CDATA[
:53  %coeff_7_cast = sext i15 %dct_coeff_table_7_lo to i29

]]></Node>
<StgValue><ssdm name="coeff_7_cast"/></StgValue>
</operation>

<operation id="113" st_id="7" stage="1" lat="1">
<core>NULL</core>
<MemPortIdVec></MemPortIdVec>
<condition id="0">
<or_exp><and_exp><literal name="tmp" val="0"/>
</and_exp></or_exp>
</condition>

<Node id="103" bw="29" op_0_bw="16">
<![CDATA[
:55  %tmp_6_7_cast = sext i16 %src_load_7 to i29

]]></Node>
<StgValue><ssdm name="tmp_6_7_cast"/></StgValue>
</operation>

<operation id="114" st_id="7" stage="1" lat="1">
<core>DSP48</core>
<MemPortIdVec></MemPortIdVec>
<condition id="0">
<or_exp><and_exp><literal name="tmp" val="0"/>
</and_exp></or_exp>
</condition>

<Node id="104" bw="29" op_0_bw="29" op_1_bw="29">
<![CDATA[
:56  %tmp_7_7 = mul i29 %tmp_6_7_cast, %coeff_7_cast

]]></Node>
<StgValue><ssdm name="tmp_7_7"/></StgValue>
</operation>

<operation id="115" st_id="7" stage="1" lat="1">
<core>DSP48</core>
<MemPortIdVec></MemPortIdVec>
<condition id="0">
<or_exp><and_exp><literal name="tmp" val="0"/>
</and_exp></or_exp>
</condition>

<Node id="109" bw="29" op_0_bw="29" op_1_bw="29">
<![CDATA[
:61  %tmp7 = add i29 %tmp_7_7, 4096

]]></Node>
<StgValue><ssdm name="tmp7"/></StgValue>
</operation>

<operation id="116" st_id="7" stage="1" lat="1">
<core>DSP48</core>
<MemPortIdVec></MemPortIdVec>
<condition id="0">
<or_exp><and_exp><literal name="tmp" val="0"/>
</and_exp></or_exp>
</condition>

<Node id="110" bw="29" op_0_bw="29" op_1_bw="29">
<![CDATA[
:62  %tmp6 = add i29 %tmp_7_6, %tmp7

]]></Node>
<StgValue><ssdm name="tmp6"/></StgValue>
</operation>
</state>

<state id="8" st_id="8">

<operation id="117" st_id="8" stage="1" lat="1">
<core>TAddSub</core>
<MemPortIdVec></MemPortIdVec>
<condition id="0">
<or_exp><and_exp><literal name="tmp" val="0"/>
</and_exp></or_exp>
</condition>

<Node id="111" bw="29" op_0_bw="29" op_1_bw="29">
<![CDATA[
:63  %tmp4 = add i29 %tmp5, %tmp6

]]></Node>
<StgValue><ssdm name="tmp4"/></StgValue>
</operation>

<operation id="118" st_id="8" stage="1" lat="1">
<core>TAddSub</core>
<MemPortIdVec></MemPortIdVec>
<condition id="0">
<or_exp><and_exp><literal name="tmp" val="0"/>
</and_exp></or_exp>
</condition>

<Node id="112" bw="29" op_0_bw="29" op_1_bw="29">
<![CDATA[
:64  %tmp_3 = add i29 %tmp1, %tmp4

]]></Node>
<StgValue><ssdm name="tmp_3"/></StgValue>
</operation>

<operation id="119" st_id="8" stage="1" lat="1">
<core>NULL</core>
<MemPortIdVec></MemPortIdVec>
<condition id="0">
<or_exp><and_exp><literal name="tmp" val="0"/>
</and_exp></or_exp>
</condition>

<Node id="113" bw="16" op_0_bw="16" op_1_bw="29" op_2_bw="32" op_3_bw="32">
<![CDATA[
:65  %tmp_5 = call i16 @_ssdm_op_PartSelect.i16.i29.i32.i32(i29 %tmp_3, i32 13, i32 28)

]]></Node>
<StgValue><ssdm name="tmp_5"/></StgValue>
</operation>
</state>

<state id="9" st_id="9">

<operation id="120" st_id="9" stage="1" lat="1">
<core>NULL</core>
<MemPortIdVec></MemPortIdVec>
<condition id="0">
<or_exp><and_exp><literal name="tmp" val="0"/>
</and_exp></or_exp>
</condition>

<Node id="51" bw="32" op_0_bw="8">
<![CDATA[
:3  %tmp_35_cast = zext i8 %tmp_30 to i32

]]></Node>
<StgValue><ssdm name="tmp_35_cast"/></StgValue>
</operation>

<operation id="121" st_id="9" stage="1" lat="1">
<core>NULL</core>
<MemPortIdVec></MemPortIdVec>
<condition id="0">
<or_exp><and_exp><literal name="tmp" val="0"/>
</and_exp></or_exp>
</condition>

<Node id="52" bw="6" op_0_bw="16" op_1_bw="32" op_2_bw="32">
<![CDATA[
:4  %dst_addr = getelementptr [64 x i16]* %dst, i32 0, i32 %tmp_35_cast

]]></Node>
<StgValue><ssdm name="dst_addr"/></StgValue>
</operation>

<operation id="122" st_id="9" stage="1" lat="1">
<core>NULL</core>
<MemPortIdVec></MemPortIdVec>
<condition id="0">
<or_exp><and_exp><literal name="tmp" val="0"/>
</and_exp></or_exp>
</condition>

<Node id="53" bw="32" op_0_bw="32" op_1_bw="64" op_2_bw="64" op_3_bw="64">
<![CDATA[
:5  %empty = call i32 (...)* @_ssdm_op_SpecLoopTripCount(i64 8, i64 8, i64 8)

]]></Node>
<StgValue><ssdm name="empty"/></StgValue>
</operation>

<operation id="123" st_id="9" stage="1" lat="1">
<core>NULL</core>
<MemPortIdVec></MemPortIdVec>
<condition id="0">
<or_exp><and_exp><literal name="tmp" val="0"/>
</and_exp></or_exp>
</condition>

<Node id="54" bw="0" op_0_bw="0" op_1_bw="0">
<![CDATA[
:6  call void (...)* @_ssdm_op_SpecLoopName([15 x i8]* @p_str) nounwind

]]></Node>
<StgValue><ssdm name=""/></StgValue>
</operation>

<operation id="124" st_id="9" stage="1" lat="1">
<core>NULL</core>
<MemPortIdVec></MemPortIdVec>
<condition id="0">
<or_exp><and_exp><literal name="tmp" val="0"/>
</and_exp></or_exp>
</condition>

<Node id="55" bw="32" op_0_bw="32" op_1_bw="0">
<![CDATA[
:7  %tmp_s = call i32 (...)* @_ssdm_op_SpecRegionBegin([15 x i8]* @p_str) nounwind

]]></Node>
<StgValue><ssdm name="tmp_s"/></StgValue>
</operation>

<operation id="125" st_id="9" stage="1" lat="1">
<core>NULL</core>
<MemPortIdVec></MemPortIdVec>
<condition id="0">
<or_exp><and_exp><literal name="tmp" val="0"/>
</and_exp></or_exp>
</condition>

<Node id="56" bw="0" op_0_bw="0" op_1_bw="32" op_2_bw="32" op_3_bw="32" op_4_bw="32" op_5_bw="0">
<![CDATA[
:8  call void (...)* @_ssdm_op_SpecPipeline(i32 -1, i32 1, i32 1, i32 0, [1 x i8]* @p_str1) nounwind

]]></Node>
<StgValue><ssdm name=""/></StgValue>
</operation>

<operation id="126" st_id="9" stage="1" lat="1">
<core>RAM</core>
<MemPortIdVec></MemPortIdVec>
<condition id="0">
<or_exp><and_exp><literal name="tmp" val="0"/>
</and_exp></or_exp>
</condition>

<Node id="114" bw="0" op_0_bw="16" op_1_bw="6">
<![CDATA[
:66  store i16 %tmp_5, i16* %dst_addr, align 2

]]></Node>
<StgValue><ssdm name=""/></StgValue>
</operation>

<operation id="127" st_id="9" stage="1" lat="1">
<core>NULL</core>
<MemPortIdVec></MemPortIdVec>
<condition id="0">
<or_exp><and_exp><literal name="tmp" val="0"/>
</and_exp></or_exp>
</condition>

<Node id="115" bw="32" op_0_bw="32" op_1_bw="0" op_2_bw="32">
<![CDATA[
:67  %empty_10 = call i32 (...)* @_ssdm_op_SpecRegionEnd([15 x i8]* @p_str, i32 %tmp_s) nounwind

]]></Node>
<StgValue><ssdm name="empty_10"/></StgValue>
</operation>

<operation id="128" st_id="9" stage="1" lat="1">
<core>NULL</core>
<MemPortIdVec></MemPortIdVec>
<condition id="0">
<or_exp><and_exp><literal name="tmp" val="0"/>
</and_exp></or_exp>
</condition>

<Node id="116" bw="0" op_0_bw="0">
<![CDATA[
:68  br label %1

]]></Node>
<StgValue><ssdm name=""/></StgValue>
</operation>
</state>

<state id="10" st_id="10">

<operation id="129" st_id="10" stage="1" lat="1">
<core>NULL</core>
<MemPortIdVec></MemPortIdVec>
<condition id="16">
<or_exp><and_exp></and_exp></or_exp>
</condition>

<Node id="118" bw="0">
<![CDATA[
:0  ret void

]]></Node>
<StgValue><ssdm name=""/></StgValue>
</operation>
</state>
</state_list>


<ports>
</ports>


<dataflows>
</dataflows>


</stg>
