<stg><name>dct_1d2</name>


<trans_list>

<trans id="130" from="1" to="2">
<condition id="18">
<or_exp><and_exp></and_exp></or_exp>
</condition>
</trans>

<trans id="149" from="2" to="10">
<condition id="31">
<or_exp><and_exp><literal name="tmp" val="1"/>
</and_exp></or_exp>
</condition>
</trans>

<trans id="150" from="2" to="3">
<condition id="39">
<or_exp><and_exp><literal name="tmp" val="0"/>
</and_exp></or_exp>
</condition>
</trans>

<trans id="142" from="3" to="4">
<condition id="32">
<or_exp><and_exp></and_exp></or_exp>
</condition>
</trans>

<trans id="143" from="4" to="5">
<condition id="33">
<or_exp><and_exp></and_exp></or_exp>
</condition>
</trans>

<trans id="144" from="5" to="6">
<condition id="34">
<or_exp><and_exp></and_exp></or_exp>
</condition>
</trans>

<trans id="145" from="6" to="7">
<condition id="35">
<or_exp><and_exp></and_exp></or_exp>
</condition>
</trans>

<trans id="146" from="7" to="8">
<condition id="36">
<or_exp><and_exp></and_exp></or_exp>
</condition>
</trans>

<trans id="147" from="8" to="9">
<condition id="37">
<or_exp><and_exp></and_exp></or_exp>
</condition>
</trans>

<trans id="148" from="9" to="2">
<condition id="38">
<or_exp><and_exp></and_exp></or_exp>
</condition>
</trans>
</trans_list>



<state_list>

<state id="1" st_id="1">

<operation id="11" st_id="1" stage="1" lat="1">
<core>NULL</core>
<MemPortIdVec></MemPortIdVec>
<condition id="15">
<or_exp><and_exp></and_exp></or_exp>
</condition>

<Node id="13" bw="4" op_0_bw="4" op_1_bw="4">
<![CDATA[
:0  %i_21_read = call i4 @_ssdm_op_Read.ap_auto.i4(i4 %i_21)

]]></Node>
<StgValue><ssdm name="i_21_read"/></StgValue>
</operation>

<operation id="12" st_id="1" stage="1" lat="1">
<core>NULL</core>
<MemPortIdVec></MemPortIdVec>
<condition id="15">
<or_exp><and_exp></and_exp></or_exp>
</condition>

<Node id="14" bw="4" op_0_bw="4" op_1_bw="4">
<![CDATA[
:1  %i_2_read = call i4 @_ssdm_op_Read.ap_auto.i4(i4 %i_2)

]]></Node>
<StgValue><ssdm name="i_2_read"/></StgValue>
</operation>

<operation id="13" st_id="1" stage="1" lat="1">
<core>NULL</core>
<MemPortIdVec></MemPortIdVec>
<condition id="15">
<or_exp><and_exp></and_exp></or_exp>
</condition>

<Node id="15" bw="7" op_0_bw="7" op_1_bw="4" op_2_bw="3">
<![CDATA[
:2  %tmp_13 = call i7 @_ssdm_op_BitConcatenate.i7.i4.i3(i4 %i_21_read, i3 0)

]]></Node>
<StgValue><ssdm name="tmp_13"/></StgValue>
</operation>

<operation id="14" st_id="1" stage="1" lat="1">
<core>NULL</core>
<MemPortIdVec></MemPortIdVec>
<condition id="15">
<or_exp><and_exp></and_exp></or_exp>
</condition>

<Node id="16" bw="8" op_0_bw="7">
<![CDATA[
:3  %tmp_18_cast = zext i7 %tmp_13 to i8

]]></Node>
<StgValue><ssdm name="tmp_18_cast"/></StgValue>
</operation>

<operation id="15" st_id="1" stage="1" lat="1">
<core>NULL</core>
<MemPortIdVec></MemPortIdVec>
<condition id="15">
<or_exp><and_exp></and_exp></or_exp>
</condition>

<Node id="17" bw="7" op_0_bw="7" op_1_bw="4" op_2_bw="3">
<![CDATA[
:4  %tmp_14 = call i7 @_ssdm_op_BitConcatenate.i7.i4.i3(i4 %i_2_read, i3 0)

]]></Node>
<StgValue><ssdm name="tmp_14"/></StgValue>
</operation>

<operation id="16" st_id="1" stage="1" lat="1">
<core>NULL</core>
<MemPortIdVec></MemPortIdVec>
<condition id="15">
<or_exp><and_exp></and_exp></or_exp>
</condition>

<Node id="18" bw="32" op_0_bw="7">
<![CDATA[
:5  %tmp_15 = zext i7 %tmp_14 to i32

]]></Node>
<StgValue><ssdm name="tmp_15"/></StgValue>
</operation>

<operation id="17" st_id="1" stage="1" lat="1">
<core>NULL</core>
<MemPortIdVec></MemPortIdVec>
<condition id="15">
<or_exp><and_exp></and_exp></or_exp>
</condition>

<Node id="19" bw="6" op_0_bw="16" op_1_bw="32" op_2_bw="32">
<![CDATA[
:6  %src_addr = getelementptr [64 x i16]* %src, i32 0, i32 %tmp_15

]]></Node>
<StgValue><ssdm name="src_addr"/></StgValue>
</operation>

<operation id="18" st_id="1" stage="1" lat="1">
<core>NULL</core>
<MemPortIdVec></MemPortIdVec>
<condition id="15">
<or_exp><and_exp></and_exp></or_exp>
</condition>

<Node id="20" bw="7" op_0_bw="7" op_1_bw="7">
<![CDATA[
:7  %tmp_16 = or i7 %tmp_14, 1

]]></Node>
<StgValue><ssdm name="tmp_16"/></StgValue>
</operation>

<operation id="19" st_id="1" stage="1" lat="1">
<core>NULL</core>
<MemPortIdVec></MemPortIdVec>
<condition id="15">
<or_exp><and_exp></and_exp></or_exp>
</condition>

<Node id="21" bw="32" op_0_bw="32" op_1_bw="25" op_2_bw="7">
<![CDATA[
:8  %tmp_17 = call i32 @_ssdm_op_BitConcatenate.i32.i25.i7(i25 0, i7 %tmp_16)

]]></Node>
<StgValue><ssdm name="tmp_17"/></StgValue>
</operation>

<operation id="20" st_id="1" stage="1" lat="1">
<core>NULL</core>
<MemPortIdVec></MemPortIdVec>
<condition id="15">
<or_exp><and_exp></and_exp></or_exp>
</condition>

<Node id="22" bw="6" op_0_bw="16" op_1_bw="32" op_2_bw="32">
<![CDATA[
:9  %src_addr_1 = getelementptr [64 x i16]* %src, i32 0, i32 %tmp_17

]]></Node>
<StgValue><ssdm name="src_addr_1"/></StgValue>
</operation>

<operation id="21" st_id="1" stage="1" lat="1">
<core>NULL</core>
<MemPortIdVec></MemPortIdVec>
<condition id="15">
<or_exp><and_exp></and_exp></or_exp>
</condition>

<Node id="23" bw="7" op_0_bw="7" op_1_bw="7">
<![CDATA[
:10  %tmp_18 = or i7 %tmp_14, 2

]]></Node>
<StgValue><ssdm name="tmp_18"/></StgValue>
</operation>

<operation id="22" st_id="1" stage="1" lat="1">
<core>NULL</core>
<MemPortIdVec></MemPortIdVec>
<condition id="15">
<or_exp><and_exp></and_exp></or_exp>
</condition>

<Node id="24" bw="32" op_0_bw="32" op_1_bw="25" op_2_bw="7">
<![CDATA[
:11  %tmp_19 = call i32 @_ssdm_op_BitConcatenate.i32.i25.i7(i25 0, i7 %tmp_18)

]]></Node>
<StgValue><ssdm name="tmp_19"/></StgValue>
</operation>

<operation id="23" st_id="1" stage="1" lat="1">
<core>NULL</core>
<MemPortIdVec></MemPortIdVec>
<condition id="15">
<or_exp><and_exp></and_exp></or_exp>
</condition>

<Node id="25" bw="6" op_0_bw="16" op_1_bw="32" op_2_bw="32">
<![CDATA[
:12  %src_addr_2 = getelementptr [64 x i16]* %src, i32 0, i32 %tmp_19

]]></Node>
<StgValue><ssdm name="src_addr_2"/></StgValue>
</operation>

<operation id="24" st_id="1" stage="1" lat="1">
<core>NULL</core>
<MemPortIdVec></MemPortIdVec>
<condition id="15">
<or_exp><and_exp></and_exp></or_exp>
</condition>

<Node id="26" bw="7" op_0_bw="7" op_1_bw="7">
<![CDATA[
:13  %tmp_20 = or i7 %tmp_14, 3

]]></Node>
<StgValue><ssdm name="tmp_20"/></StgValue>
</operation>

<operation id="25" st_id="1" stage="1" lat="1">
<core>NULL</core>
<MemPortIdVec></MemPortIdVec>
<condition id="15">
<or_exp><and_exp></and_exp></or_exp>
</condition>

<Node id="27" bw="32" op_0_bw="32" op_1_bw="25" op_2_bw="7">
<![CDATA[
:14  %tmp_21 = call i32 @_ssdm_op_BitConcatenate.i32.i25.i7(i25 0, i7 %tmp_20)

]]></Node>
<StgValue><ssdm name="tmp_21"/></StgValue>
</operation>

<operation id="26" st_id="1" stage="1" lat="1">
<core>NULL</core>
<MemPortIdVec></MemPortIdVec>
<condition id="15">
<or_exp><and_exp></and_exp></or_exp>
</condition>

<Node id="28" bw="6" op_0_bw="16" op_1_bw="32" op_2_bw="32">
<![CDATA[
:15  %src_addr_3 = getelementptr [64 x i16]* %src, i32 0, i32 %tmp_21

]]></Node>
<StgValue><ssdm name="src_addr_3"/></StgValue>
</operation>

<operation id="27" st_id="1" stage="1" lat="1">
<core>NULL</core>
<MemPortIdVec></MemPortIdVec>
<condition id="15">
<or_exp><and_exp></and_exp></or_exp>
</condition>

<Node id="29" bw="7" op_0_bw="7" op_1_bw="7">
<![CDATA[
:16  %tmp_22 = or i7 %tmp_14, 4

]]></Node>
<StgValue><ssdm name="tmp_22"/></StgValue>
</operation>

<operation id="28" st_id="1" stage="1" lat="1">
<core>NULL</core>
<MemPortIdVec></MemPortIdVec>
<condition id="15">
<or_exp><and_exp></and_exp></or_exp>
</condition>

<Node id="30" bw="32" op_0_bw="32" op_1_bw="25" op_2_bw="7">
<![CDATA[
:17  %tmp_23 = call i32 @_ssdm_op_BitConcatenate.i32.i25.i7(i25 0, i7 %tmp_22)

]]></Node>
<StgValue><ssdm name="tmp_23"/></StgValue>
</operation>

<operation id="29" st_id="1" stage="1" lat="1">
<core>NULL</core>
<MemPortIdVec></MemPortIdVec>
<condition id="15">
<or_exp><and_exp></and_exp></or_exp>
</condition>

<Node id="31" bw="6" op_0_bw="16" op_1_bw="32" op_2_bw="32">
<![CDATA[
:18  %src_addr_4 = getelementptr [64 x i16]* %src, i32 0, i32 %tmp_23

]]></Node>
<StgValue><ssdm name="src_addr_4"/></StgValue>
</operation>

<operation id="30" st_id="1" stage="1" lat="1">
<core>NULL</core>
<MemPortIdVec></MemPortIdVec>
<condition id="15">
<or_exp><and_exp></and_exp></or_exp>
</condition>

<Node id="32" bw="7" op_0_bw="7" op_1_bw="7">
<![CDATA[
:19  %tmp_24 = or i7 %tmp_14, 5

]]></Node>
<StgValue><ssdm name="tmp_24"/></StgValue>
</operation>

<operation id="31" st_id="1" stage="1" lat="1">
<core>NULL</core>
<MemPortIdVec></MemPortIdVec>
<condition id="15">
<or_exp><and_exp></and_exp></or_exp>
</condition>

<Node id="33" bw="32" op_0_bw="32" op_1_bw="25" op_2_bw="7">
<![CDATA[
:20  %tmp_25 = call i32 @_ssdm_op_BitConcatenate.i32.i25.i7(i25 0, i7 %tmp_24)

]]></Node>
<StgValue><ssdm name="tmp_25"/></StgValue>
</operation>

<operation id="32" st_id="1" stage="1" lat="1">
<core>NULL</core>
<MemPortIdVec></MemPortIdVec>
<condition id="15">
<or_exp><and_exp></and_exp></or_exp>
</condition>

<Node id="34" bw="6" op_0_bw="16" op_1_bw="32" op_2_bw="32">
<![CDATA[
:21  %src_addr_5 = getelementptr [64 x i16]* %src, i32 0, i32 %tmp_25

]]></Node>
<StgValue><ssdm name="src_addr_5"/></StgValue>
</operation>

<operation id="33" st_id="1" stage="1" lat="1">
<core>NULL</core>
<MemPortIdVec></MemPortIdVec>
<condition id="15">
<or_exp><and_exp></and_exp></or_exp>
</condition>

<Node id="35" bw="7" op_0_bw="7" op_1_bw="7">
<![CDATA[
:22  %tmp_26 = or i7 %tmp_14, 6

]]></Node>
<StgValue><ssdm name="tmp_26"/></StgValue>
</operation>

<operation id="34" st_id="1" stage="1" lat="1">
<core>NULL</core>
<MemPortIdVec></MemPortIdVec>
<condition id="15">
<or_exp><and_exp></and_exp></or_exp>
</condition>

<Node id="36" bw="32" op_0_bw="32" op_1_bw="25" op_2_bw="7">
<![CDATA[
:23  %tmp_27 = call i32 @_ssdm_op_BitConcatenate.i32.i25.i7(i25 0, i7 %tmp_26)

]]></Node>
<StgValue><ssdm name="tmp_27"/></StgValue>
</operation>

<operation id="35" st_id="1" stage="1" lat="1">
<core>NULL</core>
<MemPortIdVec></MemPortIdVec>
<condition id="15">
<or_exp><and_exp></and_exp></or_exp>
</condition>

<Node id="37" bw="6" op_0_bw="16" op_1_bw="32" op_2_bw="32">
<![CDATA[
:24  %src_addr_6 = getelementptr [64 x i16]* %src, i32 0, i32 %tmp_27

]]></Node>
<StgValue><ssdm name="src_addr_6"/></StgValue>
</operation>

<operation id="36" st_id="1" stage="1" lat="1">
<core>NULL</core>
<MemPortIdVec></MemPortIdVec>
<condition id="15">
<or_exp><and_exp></and_exp></or_exp>
</condition>

<Node id="38" bw="7" op_0_bw="7" op_1_bw="7">
<![CDATA[
:25  %tmp_28 = or i7 %tmp_14, 7

]]></Node>
<StgValue><ssdm name="tmp_28"/></StgValue>
</operation>

<operation id="37" st_id="1" stage="1" lat="1">
<core>NULL</core>
<MemPortIdVec></MemPortIdVec>
<condition id="15">
<or_exp><and_exp></and_exp></or_exp>
</condition>

<Node id="39" bw="32" op_0_bw="32" op_1_bw="25" op_2_bw="7">
<![CDATA[
:26  %tmp_29 = call i32 @_ssdm_op_BitConcatenate.i32.i25.i7(i25 0, i7 %tmp_28)

]]></Node>
<StgValue><ssdm name="tmp_29"/></StgValue>
</operation>

<operation id="38" st_id="1" stage="1" lat="1">
<core>NULL</core>
<MemPortIdVec></MemPortIdVec>
<condition id="15">
<or_exp><and_exp></and_exp></or_exp>
</condition>

<Node id="40" bw="6" op_0_bw="16" op_1_bw="32" op_2_bw="32">
<![CDATA[
:27  %src_addr_7 = getelementptr [64 x i16]* %src, i32 0, i32 %tmp_29

]]></Node>
<StgValue><ssdm name="src_addr_7"/></StgValue>
</operation>

<operation id="39" st_id="1" stage="1" lat="1">
<core>NULL</core>
<MemPortIdVec></MemPortIdVec>
<condition id="15">
<or_exp><and_exp></and_exp></or_exp>
</condition>

<Node id="41" bw="0" op_0_bw="0">
<![CDATA[
:28  br label %1

]]></Node>
<StgValue><ssdm name=""/></StgValue>
</operation>
</state>

<state id="2" st_id="2">

<operation id="40" st_id="2" stage="1" lat="1">
<core>NULL</core>
<MemPortIdVec></MemPortIdVec>
<condition id="-1">
<or_exp><and_exp></and_exp></or_exp>
</condition>

<Node id="43" bw="4" op_0_bw="4" op_1_bw="0">
<![CDATA[
:0  %k = phi i4 [ 0, %0 ], [ %k_1, %2 ]

]]></Node>
<StgValue><ssdm name="k"/></StgValue>
</operation>

<operation id="41" st_id="2" stage="1" lat="1">
<core>Cmp</core>
<MemPortIdVec></MemPortIdVec>
<condition id="-1">
<or_exp><and_exp></and_exp></or_exp>
</condition>

<Node id="44" bw="1" op_0_bw="4" op_1_bw="4">
<![CDATA[
:1  %tmp = icmp eq i4 %k, -8

]]></Node>
<StgValue><ssdm name="tmp"/></StgValue>
</operation>

<operation id="42" st_id="2" stage="1" lat="1">
<core>AddSub</core>
<MemPortIdVec></MemPortIdVec>
<condition id="-1">
<or_exp><and_exp></and_exp></or_exp>
</condition>

<Node id="45" bw="4" op_0_bw="4" op_1_bw="4">
<![CDATA[
:2  %k_1 = add i4 %k, 1

]]></Node>
<StgValue><ssdm name="k_1"/></StgValue>
</operation>

<operation id="43" st_id="2" stage="1" lat="1">
<core>NULL</core>
<MemPortIdVec></MemPortIdVec>
<condition id="-1">
<or_exp><and_exp></and_exp></or_exp>
</condition>

<Node id="46" bw="0" op_0_bw="1" op_1_bw="0" op_2_bw="0">
<![CDATA[
:3  br i1 %tmp, label %3, label %2

]]></Node>
<StgValue><ssdm name=""/></StgValue>
</operation>

<operation id="44" st_id="2" stage="1" lat="1">
<core>NULL</core>
<MemPortIdVec></MemPortIdVec>
<condition id="0">
<or_exp><and_exp><literal name="tmp" val="0"/>
</and_exp></or_exp>
</condition>

<Node id="48" bw="32" op_0_bw="4">
<![CDATA[
:0  %k_cast8 = zext i4 %k to i32

]]></Node>
<StgValue><ssdm name="k_cast8"/></StgValue>
</operation>

<operation id="45" st_id="2" stage="1" lat="1">
<core>NULL</core>
<MemPortIdVec></MemPortIdVec>
<condition id="0">
<or_exp><and_exp><literal name="tmp" val="0"/>
</and_exp></or_exp>
</condition>

<Node id="49" bw="8" op_0_bw="4">
<![CDATA[
:1  %k_cast8_cast = zext i4 %k to i8

]]></Node>
<StgValue><ssdm name="k_cast8_cast"/></StgValue>
</operation>

<operation id="46" st_id="2" stage="1" lat="1">
<core>AddSub</core>
<MemPortIdVec></MemPortIdVec>
<condition id="0">
<or_exp><and_exp><literal name="tmp" val="0"/>
</and_exp></or_exp>
</condition>

<Node id="50" bw="8" op_0_bw="8" op_1_bw="8">
<![CDATA[
:2  %tmp_30 = add i8 %tmp_18_cast, %k_cast8_cast

]]></Node>
<StgValue><ssdm name="tmp_30"/></StgValue>
</operation>

<operation id="47" st_id="2" stage="1" lat="1">
<core>NULL</core>
<MemPortIdVec></MemPortIdVec>
<condition id="0">
<or_exp><and_exp><literal name="tmp" val="0"/>
</and_exp></or_exp>
</condition>

<Node id="63" bw="3" op_0_bw="15" op_1_bw="32" op_2_bw="32">
<![CDATA[
:15  %dct_coeff_table_1_ad = getelementptr [8 x i15]* @dct_coeff_table_1, i32 0, i32 %k_cast8

]]></Node>
<StgValue><ssdm name="dct_coeff_table_1_ad"/></StgValue>
</operation>

<operation id="48" st_id="2" stage="2" lat="2">
<core>ROM_nP</core>
<MemPortIdVec>0 </MemPortIdVec>
<condition id="0">
<or_exp><and_exp><literal name="tmp" val="0"/>
</and_exp></or_exp>
</condition>

<Node id="64" bw="15" op_0_bw="3">
<![CDATA[
:16  %dct_coeff_table_1_lo = load i15* %dct_coeff_table_1_ad, align 2

]]></Node>
<StgValue><ssdm name="dct_coeff_table_1_lo"/></StgValue>
</operation>

<operation id="49" st_id="2" stage="2" lat="2">
<core>RAM</core>
<MemPortIdVec>0 </MemPortIdVec>
<condition id="0">
<or_exp><and_exp><literal name="tmp" val="0"/>
</and_exp></or_exp>
</condition>

<Node id="66" bw="16" op_0_bw="6">
<![CDATA[
:18  %src_load_1 = load i16* %src_addr_1, align 2

]]></Node>
<StgValue><ssdm name="src_load_1"/></StgValue>
</operation>

<operation id="50" st_id="2" stage="1" lat="1">
<core>NULL</core>
<MemPortIdVec></MemPortIdVec>
<condition id="0">
<or_exp><and_exp><literal name="tmp" val="0"/>
</and_exp></or_exp>
</condition>

<Node id="75" bw="3" op_0_bw="15" op_1_bw="32" op_2_bw="32">
<![CDATA[
:27  %dct_coeff_table_3_ad = getelementptr [8 x i15]* @dct_coeff_table_3, i32 0, i32 %k_cast8

]]></Node>
<StgValue><ssdm name="dct_coeff_table_3_ad"/></StgValue>
</operation>

<operation id="51" st_id="2" stage="2" lat="2">
<core>ROM_nP</core>
<MemPortIdVec>0 </MemPortIdVec>
<condition id="0">
<or_exp><and_exp><literal name="tmp" val="0"/>
</and_exp></or_exp>
</condition>

<Node id="76" bw="15" op_0_bw="3">
<![CDATA[
:28  %dct_coeff_table_3_lo = load i15* %dct_coeff_table_3_ad, align 2

]]></Node>
<StgValue><ssdm name="dct_coeff_table_3_lo"/></StgValue>
</operation>

<operation id="52" st_id="2" stage="2" lat="2">
<core>RAM</core>
<MemPortIdVec>1 </MemPortIdVec>
<condition id="0">
<or_exp><and_exp><literal name="tmp" val="0"/>
</and_exp></or_exp>
</condition>

<Node id="78" bw="16" op_0_bw="6">
<![CDATA[
:30  %src_load_3 = load i16* %src_addr_3, align 2

]]></Node>
<StgValue><ssdm name="src_load_3"/></StgValue>
</operation>
</state>

<state id="3" st_id="3">

<operation id="53" st_id="3" stage="1" lat="1">
<core>NULL</core>
<MemPortIdVec></MemPortIdVec>
<condition id="0">
<or_exp><and_exp><literal name="tmp" val="0"/>
</and_exp></or_exp>
</condition>

<Node id="57" bw="3" op_0_bw="14" op_1_bw="32" op_2_bw="32">
<![CDATA[
:9  %dct_coeff_table_0_ad = getelementptr [8 x i14]* @dct_coeff_table_0, i32 0, i32 %k_cast8

]]></Node>
<StgValue><ssdm name="dct_coeff_table_0_ad"/></StgValue>
</operation>

<operation id="54" st_id="3" stage="2" lat="2">
<core>ROM_nP</core>
<MemPortIdVec>0 </MemPortIdVec>
<condition id="0">
<or_exp><and_exp><literal name="tmp" val="0"/>
</and_exp></or_exp>
</condition>

<Node id="58" bw="14" op_0_bw="3">
<![CDATA[
:10  %dct_coeff_table_0_lo = load i14* %dct_coeff_table_0_ad, align 2

]]></Node>
<StgValue><ssdm name="dct_coeff_table_0_lo"/></StgValue>
</operation>

<operation id="55" st_id="3" stage="2" lat="2">
<core>RAM</core>
<MemPortIdVec>0 </MemPortIdVec>
<condition id="0">
<or_exp><and_exp><literal name="tmp" val="0"/>
</and_exp></or_exp>
</condition>

<Node id="60" bw="16" op_0_bw="6">
<![CDATA[
:12  %src_load = load i16* %src_addr, align 2

]]></Node>
<StgValue><ssdm name="src_load"/></StgValue>
</operation>

<operation id="56" st_id="3" stage="1" lat="2">
<core>ROM_nP</core>
<MemPortIdVec>0 </MemPortIdVec>
<condition id="0">
<or_exp><and_exp><literal name="tmp" val="0"/>
</and_exp></or_exp>
</condition>

<Node id="64" bw="15" op_0_bw="3">
<![CDATA[
:16  %dct_coeff_table_1_lo = load i15* %dct_coeff_table_1_ad, align 2

]]></Node>
<StgValue><ssdm name="dct_coeff_table_1_lo"/></StgValue>
</operation>

<operation id="57" st_id="3" stage="1" lat="2">
<core>RAM</core>
<MemPortIdVec>0 </MemPortIdVec>
<condition id="0">
<or_exp><and_exp><literal name="tmp" val="0"/>
</and_exp></or_exp>
</condition>

<Node id="66" bw="16" op_0_bw="6">
<![CDATA[
:18  %src_load_1 = load i16* %src_addr_1, align 2

]]></Node>
<StgValue><ssdm name="src_load_1"/></StgValue>
</operation>

<operation id="58" st_id="3" stage="1" lat="2">
<core>ROM_nP</core>
<MemPortIdVec>0 </MemPortIdVec>
<condition id="0">
<or_exp><and_exp><literal name="tmp" val="0"/>
</and_exp></or_exp>
</condition>

<Node id="76" bw="15" op_0_bw="3">
<![CDATA[
:28  %dct_coeff_table_3_lo = load i15* %dct_coeff_table_3_ad, align 2

]]></Node>
<StgValue><ssdm name="dct_coeff_table_3_lo"/></StgValue>
</operation>

<operation id="59" st_id="3" stage="1" lat="2">
<core>RAM</core>
<MemPortIdVec>1 </MemPortIdVec>
<condition id="0">
<or_exp><and_exp><literal name="tmp" val="0"/>
</and_exp></or_exp>
</condition>

<Node id="78" bw="16" op_0_bw="6">
<![CDATA[
:30  %src_load_3 = load i16* %src_addr_3, align 2

]]></Node>
<StgValue><ssdm name="src_load_3"/></StgValue>
</operation>

<operation id="60" st_id="3" stage="1" lat="1">
<core>NULL</core>
<MemPortIdVec></MemPortIdVec>
<condition id="0">
<or_exp><and_exp><literal name="tmp" val="0"/>
</and_exp></or_exp>
</condition>

<Node id="87" bw="3" op_0_bw="15" op_1_bw="32" op_2_bw="32">
<![CDATA[
:39  %dct_coeff_table_5_ad = getelementptr [8 x i15]* @dct_coeff_table_5, i32 0, i32 %k_cast8

]]></Node>
<StgValue><ssdm name="dct_coeff_table_5_ad"/></StgValue>
</operation>

<operation id="61" st_id="3" stage="2" lat="2">
<core>ROM_nP</core>
<MemPortIdVec>0 </MemPortIdVec>
<condition id="0">
<or_exp><and_exp><literal name="tmp" val="0"/>
</and_exp></or_exp>
</condition>

<Node id="88" bw="15" op_0_bw="3">
<![CDATA[
:40  %dct_coeff_table_5_lo = load i15* %dct_coeff_table_5_ad, align 2

]]></Node>
<StgValue><ssdm name="dct_coeff_table_5_lo"/></StgValue>
</operation>

<operation id="62" st_id="3" stage="2" lat="2">
<core>RAM</core>
<MemPortIdVec>1 </MemPortIdVec>
<condition id="0">
<or_exp><and_exp><literal name="tmp" val="0"/>
</and_exp></or_exp>
</condition>

<Node id="90" bw="16" op_0_bw="6">
<![CDATA[
:42  %src_load_5 = load i16* %src_addr_5, align 2

]]></Node>
<StgValue><ssdm name="src_load_5"/></StgValue>
</operation>
</state>

<state id="4" st_id="4">

<operation id="63" st_id="4" stage="1" lat="2">
<core>ROM_nP</core>
<MemPortIdVec>0 </MemPortIdVec>
<condition id="0">
<or_exp><and_exp><literal name="tmp" val="0"/>
</and_exp></or_exp>
</condition>

<Node id="58" bw="14" op_0_bw="3">
<![CDATA[
:10  %dct_coeff_table_0_lo = load i14* %dct_coeff_table_0_ad, align 2

]]></Node>
<StgValue><ssdm name="dct_coeff_table_0_lo"/></StgValue>
</operation>

<operation id="64" st_id="4" stage="1" lat="2">
<core>RAM</core>
<MemPortIdVec>0 </MemPortIdVec>
<condition id="0">
<or_exp><and_exp><literal name="tmp" val="0"/>
</and_exp></or_exp>
</condition>

<Node id="60" bw="16" op_0_bw="6">
<![CDATA[
:12  %src_load = load i16* %src_addr, align 2

]]></Node>
<StgValue><ssdm name="src_load"/></StgValue>
</operation>

<operation id="65" st_id="4" stage="1" lat="1">
<core>NULL</core>
<MemPortIdVec></MemPortIdVec>
<condition id="0">
<or_exp><and_exp><literal name="tmp" val="0"/>
</and_exp></or_exp>
</condition>

<Node id="65" bw="29" op_0_bw="15">
<![CDATA[
:17  %coeff_1_cast = sext i15 %dct_coeff_table_1_lo to i29

]]></Node>
<StgValue><ssdm name="coeff_1_cast"/></StgValue>
</operation>

<operation id="66" st_id="4" stage="1" lat="1">
<core>NULL</core>
<MemPortIdVec></MemPortIdVec>
<condition id="0">
<or_exp><and_exp><literal name="tmp" val="0"/>
</and_exp></or_exp>
</condition>

<Node id="67" bw="29" op_0_bw="16">
<![CDATA[
:19  %tmp_6_1_cast = sext i16 %src_load_1 to i29

]]></Node>
<StgValue><ssdm name="tmp_6_1_cast"/></StgValue>
</operation>

<operation id="67" st_id="4" stage="1" lat="1">
<core>DSP48</core>
<MemPortIdVec></MemPortIdVec>
<condition id="0">
<or_exp><and_exp><literal name="tmp" val="0"/>
</and_exp></or_exp>
</condition>

<Node id="68" bw="29" op_0_bw="29" op_1_bw="29">
<![CDATA[
:20  %tmp_7_1 = mul i29 %tmp_6_1_cast, %coeff_1_cast

]]></Node>
<StgValue><ssdm name="tmp_7_1"/></StgValue>
</operation>

<operation id="68" st_id="4" stage="1" lat="1">
<core>NULL</core>
<MemPortIdVec></MemPortIdVec>
<condition id="0">
<or_exp><and_exp><literal name="tmp" val="0"/>
</and_exp></or_exp>
</condition>

<Node id="69" bw="3" op_0_bw="15" op_1_bw="32" op_2_bw="32">
<![CDATA[
:21  %dct_coeff_table_2_ad = getelementptr [8 x i15]* @dct_coeff_table_2, i32 0, i32 %k_cast8

]]></Node>
<StgValue><ssdm name="dct_coeff_table_2_ad"/></StgValue>
</operation>

<operation id="69" st_id="4" stage="2" lat="2">
<core>ROM_nP</core>
<MemPortIdVec>0 </MemPortIdVec>
<condition id="0">
<or_exp><and_exp><literal name="tmp" val="0"/>
</and_exp></or_exp>
</condition>

<Node id="70" bw="15" op_0_bw="3">
<![CDATA[
:22  %dct_coeff_table_2_lo = load i15* %dct_coeff_table_2_ad, align 2

]]></Node>
<StgValue><ssdm name="dct_coeff_table_2_lo"/></StgValue>
</operation>

<operation id="70" st_id="4" stage="2" lat="2">
<core>RAM</core>
<MemPortIdVec>0 </MemPortIdVec>
<condition id="0">
<or_exp><and_exp><literal name="tmp" val="0"/>
</and_exp></or_exp>
</condition>

<Node id="72" bw="16" op_0_bw="6">
<![CDATA[
:24  %src_load_2 = load i16* %src_addr_2, align 2

]]></Node>
<StgValue><ssdm name="src_load_2"/></StgValue>
</operation>

<operation id="71" st_id="4" stage="1" lat="1">
<core>NULL</core>
<MemPortIdVec></MemPortIdVec>
<condition id="0">
<or_exp><and_exp><literal name="tmp" val="0"/>
</and_exp></or_exp>
</condition>

<Node id="77" bw="29" op_0_bw="15">
<![CDATA[
:29  %coeff_3_cast = sext i15 %dct_coeff_table_3_lo to i29

]]></Node>
<StgValue><ssdm name="coeff_3_cast"/></StgValue>
</operation>

<operation id="72" st_id="4" stage="1" lat="1">
<core>NULL</core>
<MemPortIdVec></MemPortIdVec>
<condition id="0">
<or_exp><and_exp><literal name="tmp" val="0"/>
</and_exp></or_exp>
</condition>

<Node id="79" bw="29" op_0_bw="16">
<![CDATA[
:31  %tmp_6_3_cast = sext i16 %src_load_3 to i29

]]></Node>
<StgValue><ssdm name="tmp_6_3_cast"/></StgValue>
</operation>

<operation id="73" st_id="4" stage="1" lat="1">
<core>DSP48</core>
<MemPortIdVec></MemPortIdVec>
<condition id="0">
<or_exp><and_exp><literal name="tmp" val="0"/>
</and_exp></or_exp>
</condition>

<Node id="80" bw="29" op_0_bw="29" op_1_bw="29">
<![CDATA[
:32  %tmp_7_3 = mul i29 %tmp_6_3_cast, %coeff_3_cast

]]></Node>
<StgValue><ssdm name="tmp_7_3"/></StgValue>
</operation>

<operation id="74" st_id="4" stage="1" lat="1">
<core>NULL</core>
<MemPortIdVec></MemPortIdVec>
<condition id="0">
<or_exp><and_exp><literal name="tmp" val="0"/>
</and_exp></or_exp>
</condition>

<Node id="81" bw="3" op_0_bw="15" op_1_bw="32" op_2_bw="32">
<![CDATA[
:33  %dct_coeff_table_4_ad = getelementptr [8 x i15]* @dct_coeff_table_4, i32 0, i32 %k_cast8

]]></Node>
<StgValue><ssdm name="dct_coeff_table_4_ad"/></StgValue>
</operation>

<operation id="75" st_id="4" stage="2" lat="2">
<core>ROM_nP</core>
<MemPortIdVec>0 </MemPortIdVec>
<condition id="0">
<or_exp><and_exp><literal name="tmp" val="0"/>
</and_exp></or_exp>
</condition>

<Node id="82" bw="15" op_0_bw="3">
<![CDATA[
:34  %dct_coeff_table_4_lo = load i15* %dct_coeff_table_4_ad, align 2

]]></Node>
<StgValue><ssdm name="dct_coeff_table_4_lo"/></StgValue>
</operation>

<operation id="76" st_id="4" stage="2" lat="2">
<core>RAM</core>
<MemPortIdVec>1 </MemPortIdVec>
<condition id="0">
<or_exp><and_exp><literal name="tmp" val="0"/>
</and_exp></or_exp>
</condition>

<Node id="84" bw="16" op_0_bw="6">
<![CDATA[
:36  %src_load_4 = load i16* %src_addr_4, align 2

]]></Node>
<StgValue><ssdm name="src_load_4"/></StgValue>
</operation>

<operation id="77" st_id="4" stage="1" lat="2">
<core>ROM_nP</core>
<MemPortIdVec>0 </MemPortIdVec>
<condition id="0">
<or_exp><and_exp><literal name="tmp" val="0"/>
</and_exp></or_exp>
</condition>

<Node id="88" bw="15" op_0_bw="3">
<![CDATA[
:40  %dct_coeff_table_5_lo = load i15* %dct_coeff_table_5_ad, align 2

]]></Node>
<StgValue><ssdm name="dct_coeff_table_5_lo"/></StgValue>
</operation>

<operation id="78" st_id="4" stage="1" lat="2">
<core>RAM</core>
<MemPortIdVec>1 </MemPortIdVec>
<condition id="0">
<or_exp><and_exp><literal name="tmp" val="0"/>
</and_exp></or_exp>
</condition>

<Node id="90" bw="16" op_0_bw="6">
<![CDATA[
:42  %src_load_5 = load i16* %src_addr_5, align 2

]]></Node>
<StgValue><ssdm name="src_load_5"/></StgValue>
</operation>

<operation id="79" st_id="4" stage="1" lat="1">
<core>NULL</core>
<MemPortIdVec></MemPortIdVec>
<condition id="0">
<or_exp><and_exp><literal name="tmp" val="0"/>
</and_exp></or_exp>
</condition>

<Node id="93" bw="3" op_0_bw="15" op_1_bw="32" op_2_bw="32">
<![CDATA[
:45  %dct_coeff_table_6_ad = getelementptr [8 x i15]* @dct_coeff_table_6, i32 0, i32 %k_cast8

]]></Node>
<StgValue><ssdm name="dct_coeff_table_6_ad"/></StgValue>
</operation>

<operation id="80" st_id="4" stage="2" lat="2">
<core>ROM_nP</core>
<MemPortIdVec>0 </MemPortIdVec>
<condition id="0">
<or_exp><and_exp><literal name="tmp" val="0"/>
</and_exp></or_exp>
</condition>

<Node id="94" bw="15" op_0_bw="3">
<![CDATA[
:46  %dct_coeff_table_6_lo = load i15* %dct_coeff_table_6_ad, align 2

]]></Node>
<StgValue><ssdm name="dct_coeff_table_6_lo"/></StgValue>
</operation>

<operation id="81" st_id="4" stage="1" lat="1">
<core>NULL</core>
<MemPortIdVec></MemPortIdVec>
<condition id="0">
<or_exp><and_exp><literal name="tmp" val="0"/>
</and_exp></or_exp>
</condition>

<Node id="99" bw="3" op_0_bw="15" op_1_bw="32" op_2_bw="32">
<![CDATA[
:51  %dct_coeff_table_7_ad = getelementptr [8 x i15]* @dct_coeff_table_7, i32 0, i32 %k_cast8

]]></Node>
<StgValue><ssdm name="dct_coeff_table_7_ad"/></StgValue>
</operation>

<operation id="82" st_id="4" stage="2" lat="2">
<core>ROM_nP</core>
<MemPortIdVec>0 </MemPortIdVec>
<condition id="0">
<or_exp><and_exp><literal name="tmp" val="0"/>
</and_exp></or_exp>
</condition>

<Node id="100" bw="15" op_0_bw="3">
<![CDATA[
:52  %dct_coeff_table_7_lo = load i15* %dct_coeff_table_7_ad, align 2

]]></Node>
<StgValue><ssdm name="dct_coeff_table_7_lo"/></StgValue>
</operation>
</state>

<state id="5" st_id="5">

<operation id="83" st_id="5" stage="1" lat="1">
<core>NULL</core>
<MemPortIdVec></MemPortIdVec>
<condition id="0">
<or_exp><and_exp><literal name="tmp" val="0"/>
</and_exp></or_exp>
</condition>

<Node id="59" bw="29" op_0_bw="14">
<![CDATA[
:11  %coeff_cast = zext i14 %dct_coeff_table_0_lo to i29

]]></Node>
<StgValue><ssdm name="coeff_cast"/></StgValue>
</operation>

<operation id="84" st_id="5" stage="1" lat="1">
<core>NULL</core>
<MemPortIdVec></MemPortIdVec>
<condition id="0">
<or_exp><and_exp><literal name="tmp" val="0"/>
</and_exp></or_exp>
</condition>

<Node id="61" bw="29" op_0_bw="16">
<![CDATA[
:13  %tmp_6_cast = sext i16 %src_load to i29

]]></Node>
<StgValue><ssdm name="tmp_6_cast"/></StgValue>
</operation>

<operation id="85" st_id="5" stage="1" lat="1">
<core>DSP48</core>
<MemPortIdVec></MemPortIdVec>
<condition id="0">
<or_exp><and_exp><literal name="tmp" val="0"/>
</and_exp></or_exp>
</condition>

<Node id="62" bw="29" op_0_bw="29" op_1_bw="29">
<![CDATA[
:14  %tmp_7 = mul i29 %tmp_6_cast, %coeff_cast

]]></Node>
<StgValue><ssdm name="tmp_7"/></StgValue>
</operation>

<operation id="86" st_id="5" stage="1" lat="2">
<core>ROM_nP</core>
<MemPortIdVec>0 </MemPortIdVec>
<condition id="0">
<or_exp><and_exp><literal name="tmp" val="0"/>
</and_exp></or_exp>
</condition>

<Node id="70" bw="15" op_0_bw="3">
<![CDATA[
:22  %dct_coeff_table_2_lo = load i15* %dct_coeff_table_2_ad, align 2

]]></Node>
<StgValue><ssdm name="dct_coeff_table_2_lo"/></StgValue>
</operation>

<operation id="87" st_id="5" stage="1" lat="2">
<core>RAM</core>
<MemPortIdVec>0 </MemPortIdVec>
<condition id="0">
<or_exp><and_exp><literal name="tmp" val="0"/>
</and_exp></or_exp>
</condition>

<Node id="72" bw="16" op_0_bw="6">
<![CDATA[
:24  %src_load_2 = load i16* %src_addr_2, align 2

]]></Node>
<StgValue><ssdm name="src_load_2"/></StgValue>
</operation>

<operation id="88" st_id="5" stage="1" lat="2">
<core>ROM_nP</core>
<MemPortIdVec>0 </MemPortIdVec>
<condition id="0">
<or_exp><and_exp><literal name="tmp" val="0"/>
</and_exp></or_exp>
</condition>

<Node id="82" bw="15" op_0_bw="3">
<![CDATA[
:34  %dct_coeff_table_4_lo = load i15* %dct_coeff_table_4_ad, align 2

]]></Node>
<StgValue><ssdm name="dct_coeff_table_4_lo"/></StgValue>
</operation>

<operation id="89" st_id="5" stage="1" lat="2">
<core>RAM</core>
<MemPortIdVec>1 </MemPortIdVec>
<condition id="0">
<or_exp><and_exp><literal name="tmp" val="0"/>
</and_exp></or_exp>
</condition>

<Node id="84" bw="16" op_0_bw="6">
<![CDATA[
:36  %src_load_4 = load i16* %src_addr_4, align 2

]]></Node>
<StgValue><ssdm name="src_load_4"/></StgValue>
</operation>

<operation id="90" st_id="5" stage="1" lat="1">
<core>NULL</core>
<MemPortIdVec></MemPortIdVec>
<condition id="0">
<or_exp><and_exp><literal name="tmp" val="0"/>
</and_exp></or_exp>
</condition>

<Node id="89" bw="29" op_0_bw="15">
<![CDATA[
:41  %coeff_5_cast = sext i15 %dct_coeff_table_5_lo to i29

]]></Node>
<StgValue><ssdm name="coeff_5_cast"/></StgValue>
</operation>

<operation id="91" st_id="5" stage="1" lat="1">
<core>NULL</core>
<MemPortIdVec></MemPortIdVec>
<condition id="0">
<or_exp><and_exp><literal name="tmp" val="0"/>
</and_exp></or_exp>
</condition>

<Node id="91" bw="29" op_0_bw="16">
<![CDATA[
:43  %tmp_6_5_cast = sext i16 %src_load_5 to i29

]]></Node>
<StgValue><ssdm name="tmp_6_5_cast"/></StgValue>
</operation>

<operation id="92" st_id="5" stage="1" lat="1">
<core>DSP48</core>
<MemPortIdVec></MemPortIdVec>
<condition id="0">
<or_exp><and_exp><literal name="tmp" val="0"/>
</and_exp></or_exp>
</condition>

<Node id="92" bw="29" op_0_bw="29" op_1_bw="29">
<![CDATA[
:44  %tmp_7_5 = mul i29 %tmp_6_5_cast, %coeff_5_cast

]]></Node>
<StgValue><ssdm name="tmp_7_5"/></StgValue>
</operation>

<operation id="93" st_id="5" stage="1" lat="2">
<core>ROM_nP</core>
<MemPortIdVec>0 </MemPortIdVec>
<condition id="0">
<or_exp><and_exp><literal name="tmp" val="0"/>
</and_exp></or_exp>
</condition>

<Node id="94" bw="15" op_0_bw="3">
<![CDATA[
:46  %dct_coeff_table_6_lo = load i15* %dct_coeff_table_6_ad, align 2

]]></Node>
<StgValue><ssdm name="dct_coeff_table_6_lo"/></StgValue>
</operation>

<operation id="94" st_id="5" stage="2" lat="2">
<core>RAM</core>
<MemPortIdVec>0 </MemPortIdVec>
<condition id="0">
<or_exp><and_exp><literal name="tmp" val="0"/>
</and_exp></or_exp>
</condition>

<Node id="96" bw="16" op_0_bw="6">
<![CDATA[
:48  %src_load_6 = load i16* %src_addr_6, align 2

]]></Node>
<StgValue><ssdm name="src_load_6"/></StgValue>
</operation>

<operation id="95" st_id="5" stage="1" lat="2">
<core>ROM_nP</core>
<MemPortIdVec>0 </MemPortIdVec>
<condition id="0">
<or_exp><and_exp><literal name="tmp" val="0"/>
</and_exp></or_exp>
</condition>

<Node id="100" bw="15" op_0_bw="3">
<![CDATA[
:52  %dct_coeff_table_7_lo = load i15* %dct_coeff_table_7_ad, align 2

]]></Node>
<StgValue><ssdm name="dct_coeff_table_7_lo"/></StgValue>
</operation>

<operation id="96" st_id="5" stage="2" lat="2">
<core>RAM</core>
<MemPortIdVec>1 </MemPortIdVec>
<condition id="0">
<or_exp><and_exp><literal name="tmp" val="0"/>
</and_exp></or_exp>
</condition>

<Node id="102" bw="16" op_0_bw="6">
<![CDATA[
:54  %src_load_7 = load i16* %src_addr_7, align 2

]]></Node>
<StgValue><ssdm name="src_load_7"/></StgValue>
</operation>

<operation id="97" st_id="5" stage="1" lat="1">
<core>DSP48</core>
<MemPortIdVec></MemPortIdVec>
<condition id="0">
<or_exp><and_exp><literal name="tmp" val="0"/>
</and_exp></or_exp>
</condition>

<Node id="105" bw="29" op_0_bw="29" op_1_bw="29">
<![CDATA[
:57  %tmp2 = add i29 %tmp_7_1, %tmp_7

]]></Node>
<StgValue><ssdm name="tmp2"/></StgValue>
</operation>
</state>

<state id="6" st_id="6">

<operation id="98" st_id="6" stage="1" lat="1">
<core>NULL</core>
<MemPortIdVec></MemPortIdVec>
<condition id="0">
<or_exp><and_exp><literal name="tmp" val="0"/>
</and_exp></or_exp>
</condition>

<Node id="71" bw="29" op_0_bw="15">
<![CDATA[
:23  %coeff_2_cast = sext i15 %dct_coeff_table_2_lo to i29

]]></Node>
<StgValue><ssdm name="coeff_2_cast"/></StgValue>
</operation>

<operation id="99" st_id="6" stage="1" lat="1">
<core>NULL</core>
<MemPortIdVec></MemPortIdVec>
<condition id="0">
<or_exp><and_exp><literal name="tmp" val="0"/>
</and_exp></or_exp>
</condition>

<Node id="73" bw="29" op_0_bw="16">
<![CDATA[
:25  %tmp_6_2_cast = sext i16 %src_load_2 to i29

]]></Node>
<StgValue><ssdm name="tmp_6_2_cast"/></StgValue>
</operation>

<operation id="100" st_id="6" stage="1" lat="1">
<core>DSP48</core>
<MemPortIdVec></MemPortIdVec>
<condition id="0">
<or_exp><and_exp><literal name="tmp" val="0"/>
</and_exp></or_exp>
</condition>

<Node id="74" bw="29" op_0_bw="29" op_1_bw="29">
<![CDATA[
:26  %tmp_7_2 = mul i29 %tmp_6_2_cast, %coeff_2_cast

]]></Node>
<StgValue><ssdm name="tmp_7_2"/></StgValue>
</operation>

<operation id="101" st_id="6" stage="1" lat="1">
<core>NULL</core>
<MemPortIdVec></MemPortIdVec>
<condition id="0">
<or_exp><and_exp><literal name="tmp" val="0"/>
</and_exp></or_exp>
</condition>

<Node id="83" bw="29" op_0_bw="15">
<![CDATA[
:35  %coeff_4_cast = sext i15 %dct_coeff_table_4_lo to i29

]]></Node>
<StgValue><ssdm name="coeff_4_cast"/></StgValue>
</operation>

<operation id="102" st_id="6" stage="1" lat="1">
<core>NULL</core>
<MemPortIdVec></MemPortIdVec>
<condition id="0">
<or_exp><and_exp><literal name="tmp" val="0"/>
</and_exp></or_exp>
</condition>

<Node id="85" bw="29" op_0_bw="16">
<![CDATA[
:37  %tmp_6_4_cast = sext i16 %src_load_4 to i29

]]></Node>
<StgValue><ssdm name="tmp_6_4_cast"/></StgValue>
</operation>

<operation id="103" st_id="6" stage="1" lat="1">
<core>DSP48</core>
<MemPortIdVec></MemPortIdVec>
<condition id="0">
<or_exp><and_exp><literal name="tmp" val="0"/>
</and_exp></or_exp>
</condition>

<Node id="86" bw="29" op_0_bw="29" op_1_bw="29">
<![CDATA[
:38  %tmp_7_4 = mul i29 %tmp_6_4_cast, %coeff_4_cast

]]></Node>
<StgValue><ssdm name="tmp_7_4"/></StgValue>
</operation>

<operation id="104" st_id="6" stage="1" lat="2">
<core>RAM</core>
<MemPortIdVec>0 </MemPortIdVec>
<condition id="0">
<or_exp><and_exp><literal name="tmp" val="0"/>
</and_exp></or_exp>
</condition>

<Node id="96" bw="16" op_0_bw="6">
<![CDATA[
:48  %src_load_6 = load i16* %src_addr_6, align 2

]]></Node>
<StgValue><ssdm name="src_load_6"/></StgValue>
</operation>

<operation id="105" st_id="6" stage="1" lat="2">
<core>RAM</core>
<MemPortIdVec>1 </MemPortIdVec>
<condition id="0">
<or_exp><and_exp><literal name="tmp" val="0"/>
</and_exp></or_exp>
</condition>

<Node id="102" bw="16" op_0_bw="6">
<![CDATA[
:54  %src_load_7 = load i16* %src_addr_7, align 2

]]></Node>
<StgValue><ssdm name="src_load_7"/></StgValue>
</operation>

<operation id="106" st_id="6" stage="1" lat="1">
<core>DSP48</core>
<MemPortIdVec></MemPortIdVec>
<condition id="0">
<or_exp><and_exp><literal name="tmp" val="0"/>
</and_exp></or_exp>
</condition>

<Node id="106" bw="29" op_0_bw="29" op_1_bw="29">
<![CDATA[
:58  %tmp3 = add i29 %tmp_7_3, %tmp_7_2

]]></Node>
<StgValue><ssdm name="tmp3"/></StgValue>
</operation>

<operation id="107" st_id="6" stage="1" lat="1">
<core>AddSub</core>
<MemPortIdVec></MemPortIdVec>
<condition id="0">
<or_exp><and_exp><literal name="tmp" val="0"/>
</and_exp></or_exp>
</condition>

<Node id="107" bw="29" op_0_bw="29" op_1_bw="29">
<![CDATA[
:59  %tmp1 = add i29 %tmp2, %tmp3

]]></Node>
<StgValue><ssdm name="tmp1"/></StgValue>
</operation>

<operation id="108" st_id="6" stage="1" lat="1">
<core>DSP48</core>
<MemPortIdVec></MemPortIdVec>
<condition id="0">
<or_exp><and_exp><literal name="tmp" val="0"/>
</and_exp></or_exp>
</condition>

<Node id="108" bw="29" op_0_bw="29" op_1_bw="29">
<![CDATA[
:60  %tmp5 = add i29 %tmp_7_5, %tmp_7_4

]]></Node>
<StgValue><ssdm name="tmp5"/></StgValue>
</operation>
</state>

<state id="7" st_id="7">

<operation id="109" st_id="7" stage="1" lat="1">
<core>NULL</core>
<MemPortIdVec></MemPortIdVec>
<condition id="0">
<or_exp><and_exp><literal name="tmp" val="0"/>
</and_exp></or_exp>
</condition>

<Node id="95" bw="29" op_0_bw="15">
<![CDATA[
:47  %coeff_6_cast = sext i15 %dct_coeff_table_6_lo to i29

]]></Node>
<StgValue><ssdm name="coeff_6_cast"/></StgValue>
</operation>

<operation id="110" st_id="7" stage="1" lat="1">
<core>NULL</core>
<MemPortIdVec></MemPortIdVec>
<condition id="0">
<or_exp><and_exp><literal name="tmp" val="0"/>
</and_exp></or_exp>
</condition>

<Node id="97" bw="29" op_0_bw="16">
<![CDATA[
:49  %tmp_6_6_cast = sext i16 %src_load_6 to i29

]]></Node>
<StgValue><ssdm name="tmp_6_6_cast"/></StgValue>
</operation>

<operation id="111" st_id="7" stage="1" lat="1">
<core>DSP48</core>
<MemPortIdVec></MemPortIdVec>
<condition id="0">
<or_exp><and_exp><literal name="tmp" val="0"/>
</and_exp></or_exp>
</condition>

<Node id="98" bw="29" op_0_bw="29" op_1_bw="29">
<![CDATA[
:50  %tmp_7_6 = mul i29 %tmp_6_6_cast, %coeff_6_cast

]]></Node>
<StgValue><ssdm name="tmp_7_6"/></StgValue>
</operation>

<operation id="112" st_id="7" stage="1" lat="1">
<core>NULL</core>
<MemPortIdVec></MemPortIdVec>
<condition id="0">
<or_exp><and_exp><literal name="tmp" val="0"/>
</and_exp></or_exp>
</condition>

<Node id="101" bw="29" op_0_bw="15">
<![CDATA[
:53  %coeff_7_cast = sext i15 %dct_coeff_table_7_lo to i29

]]></Node>
<StgValue><ssdm name="coeff_7_cast"/></StgValue>
</operation>

<operation id="113" st_id="7" stage="1" lat="1">
<core>NULL</core>
<MemPortIdVec></MemPortIdVec>
<condition id="0">
<or_exp><and_exp><literal name="tmp" val="0"/>
</and_exp></or_exp>
</condition>

<Node id="103" bw="29" op_0_bw="16">
<![CDATA[
:55  %tmp_6_7_cast = sext i16 %src_load_7 to i29

]]></Node>
<StgValue><ssdm name="tmp_6_7_cast"/></StgValue>
</operation>

<operation id="114" st_id="7" stage="1" lat="1">
<core>DSP48</core>
<MemPortIdVec></MemPortIdVec>
<condition id="0">
<or_exp><and_exp><literal name="tmp" val="0"/>
</and_exp></or_exp>
</condition>

<Node id="104" bw="29" op_0_bw="29" op_1_bw="29">
<![CDATA[
:56  %tmp_7_7 = mul i29 %tmp_6_7_cast, %coeff_7_cast

]]></Node>
<StgValue><ssdm name="tmp_7_7"/></StgValue>
</operation>

<operation id="115" st_id="7" stage="1" lat="1">
<core>DSP48</core>
<MemPortIdVec></MemPortIdVec>
<condition id="0">
<or_exp><and_exp><literal name="tmp" val="0"/>
</and_exp></or_exp>
</condition>

<Node id="109" bw="29" op_0_bw="29" op_1_bw="29">
<![CDATA[
:61  %tmp7 = add i29 %tmp_7_7, 4096

]]></Node>
<StgValue><ssdm name="tmp7"/></StgValue>
</operation>

<operation id="116" st_id="7" stage="1" lat="1">
<core>DSP48</core>
<MemPortIdVec></MemPortIdVec>
<condition id="0">
<or_exp><and_exp><literal name="tmp" val="0"/>
</and_exp></or_exp>
</condition>

<Node id="110" bw="29" op_0_bw="29" op_1_bw="29">
<![CDATA[
:62  %tmp6 = add i29 %tmp_7_6, %tmp7

]]></Node>
<StgValue><ssdm name="tmp6"/></StgValue>
</operation>
</state>

<state id="8" st_id="8">

<operation id="117" st_id="8" stage="1" lat="1">
<core>TAddSub</core>
<MemPortIdVec></MemPortIdVec>
<condition id="0">
<or_exp><and_exp><literal name="tmp" val="0"/>
</and_exp></or_exp>
</condition>

<Node id="111" bw="29" op_0_bw="29" op_1_bw="29">
<![CDATA[
:63  %tmp4 = add i29 %tmp5, %tmp6

]]></Node>
<StgValue><ssdm name="tmp4"/></StgValue>
</operation>

<operation id="118" st_id="8" stage="1" lat="1">
<core>TAddSub</core>
<MemPortIdVec></MemPortIdVec>
<condition id="0">
<or_exp><and_exp><literal name="tmp" val="0"/>
</and_exp></or_exp>
</condition>

<Node id="112" bw="29" op_0_bw="29" op_1_bw="29">
<![CDATA[
:64  %tmp_3 = add i29 %tmp1, %tmp4

]]></Node>
<StgValue><ssdm name="tmp_3"/></StgValue>
</operation>

<operation id="119" st_id="8" stage="1" lat="1">
<core>NULL</core>
<MemPortIdVec></MemPortIdVec>
<condition id="0">
<or_exp><and_exp><literal name="tmp" val="0"/>
</and_exp></or_exp>
</condition>

<Node id="113" bw="16" op_0_bw="16" op_1_bw="29" op_2_bw="32" op_3_bw="32">
<![CDATA[
:65  %tmp_5 = call i16 @_ssdm_op_PartSelect.i16.i29.i32.i32(i29 %tmp_3, i32 13, i32 28)

]]></Node>
<StgValue><ssdm name="tmp_5"/></StgValue>
</operation>
</state>

<state id="9" st_id="9">

<operation id="120" st_id="9" stage="1" lat="1">
<core>NULL</core>
<MemPortIdVec></MemPortIdVec>
<condition id="0">
<or_exp><and_exp><literal name="tmp" val="0"/>
</and_exp></or_exp>
</condition>

<Node id="51" bw="32" op_0_bw="8">
<![CDATA[
:3  %tmp_35_cast = zext i8 %tmp_30 to i32

]]></Node>
<StgValue><ssdm name="tmp_35_cast"/></StgValue>
</operation>

<operation id="121" st_id="9" stage="1" lat="1">
<core>NULL</core>
<MemPortIdVec></MemPortIdVec>
<condition id="0">
<or_exp><and_exp><literal name="tmp" val="0"/>
</and_exp></or_exp>
</condition>

<Node id="52" bw="6" op_0_bw="16" op_1_bw="32" op_2_bw="32">
<![CDATA[
:4  %dst_addr = getelementptr [64 x i16]* %dst, i32 0, i32 %tmp_35_cast

]]></Node>
<StgValue><ssdm name="dst_addr"/></StgValue>
</operation>

<operation id="122" st_id="9" stage="1" lat="1">
<core>NULL</core>
<MemPortIdVec></MemPortIdVec>
<condition id="0">
<or_exp><and_exp><literal name="tmp" val="0"/>
</and_exp></or_exp>
</condition>

<Node id="53" bw="32" op_0_bw="32" op_1_bw="64" op_2_bw="64" op_3_bw="64">
<![CDATA[
:5  %empty = call i32 (...)* @_ssdm_op_SpecLoopTripCount(i64 8, i64 8, i64 8)

]]></Node>
<StgValue><ssdm name="empty"/></StgValue>
</operation>

<operation id="123" st_id="9" stage="1" lat="1">
<core>NULL</core>
<MemPortIdVec></MemPortIdVec>
<condition id="0">
<or_exp><and_exp><literal name="tmp" val="0"/>
</and_exp></or_exp>
</condition>

<Node id="54" bw="0" op_0_bw="0" op_1_bw="0">
<![CDATA[
:6  call void (...)* @_ssdm_op_SpecLoopName([15 x i8]* @p_str) nounwind

]]></Node>
<StgValue><ssdm name=""/></StgValue>
</operation>

<operation id="124" st_id="9" stage="1" lat="1">
<core>NULL</core>
<MemPortIdVec></MemPortIdVec>
<condition id="0">
<or_exp><and_exp><literal name="tmp" val="0"/>
</and_exp></or_exp>
</condition>

<Node id="55" bw="32" op_0_bw="32" op_1_bw="0">
<![CDATA[
:7  %tmp_s = call i32 (...)* @_ssdm_op_SpecRegionBegin([15 x i8]* @p_str) nounwind

]]></Node>
<StgValue><ssdm name="tmp_s"/></StgValue>
</operation>

<operation id="125" st_id="9" stage="1" lat="1">
<core>NULL</core>
<MemPortIdVec></MemPortIdVec>
<condition id="0">
<or_exp><and_exp><literal name="tmp" val="0"/>
</and_exp></or_exp>
</condition>

<Node id="56" bw="0" op_0_bw="0" op_1_bw="32" op_2_bw="32" op_3_bw="32" op_4_bw="32" op_5_bw="0">
<![CDATA[
:8  call void (...)* @_ssdm_op_SpecPipeline(i32 -1, i32 1, i32 1, i32 0, [1 x i8]* @p_str1) nounwind

]]></Node>
<StgValue><ssdm name=""/></StgValue>
</operation>

<operation id="126" st_id="9" stage="1" lat="1">
<core>RAM</core>
<MemPortIdVec>0 </MemPortIdVec>
<condition id="0">
<or_exp><and_exp><literal name="tmp" val="0"/>
</and_exp></or_exp>
</condition>

<Node id="114" bw="0" op_0_bw="16" op_1_bw="6">
<![CDATA[
:66  store i16 %tmp_5, i16* %dst_addr, align 2

]]></Node>
<StgValue><ssdm name=""/></StgValue>
</operation>

<operation id="127" st_id="9" stage="1" lat="1">
<core>NULL</core>
<MemPortIdVec></MemPortIdVec>
<condition id="0">
<or_exp><and_exp><literal name="tmp" val="0"/>
</and_exp></or_exp>
</condition>

<Node id="115" bw="32" op_0_bw="32" op_1_bw="0" op_2_bw="32">
<![CDATA[
:67  %empty_10 = call i32 (...)* @_ssdm_op_SpecRegionEnd([15 x i8]* @p_str, i32 %tmp_s) nounwind

]]></Node>
<StgValue><ssdm name="empty_10"/></StgValue>
</operation>

<operation id="128" st_id="9" stage="1" lat="1">
<core>NULL</core>
<MemPortIdVec></MemPortIdVec>
<condition id="0">
<or_exp><and_exp><literal name="tmp" val="0"/>
</and_exp></or_exp>
</condition>

<Node id="116" bw="0" op_0_bw="0">
<![CDATA[
:68  br label %1

]]></Node>
<StgValue><ssdm name=""/></StgValue>
</operation>
</state>

<state id="10" st_id="10">

<operation id="129" st_id="10" stage="1" lat="1">
<core>NULL</core>
<MemPortIdVec></MemPortIdVec>
<condition id="16">
<or_exp><and_exp></and_exp></or_exp>
</condition>

<Node id="118" bw="0">
<![CDATA[
:0  ret void

]]></Node>
<StgValue><ssdm name=""/></StgValue>
</operation>
</state>
</state_list>


<ports>
<port id="151" name="src" dir="0" iftype="1">
<core>RAM</core><StgValue><ssdm name="src"/><MemPortTyVec>1 1 </MemPortTyVec>
</StgValue>
</port>
<port id="152" name="i_2" dir="0" iftype="0">
<core>NULL</core><StgValue><ssdm name="i_2"/></StgValue>
</port>
<port id="153" name="dst" dir="1" iftype="1">
<core>RAM</core><StgValue><ssdm name="dst"/><MemPortTyVec>0 3 </MemPortTyVec>
</StgValue>
</port>
<port id="154" name="i_21" dir="0" iftype="0">
<core>NULL</core><StgValue><ssdm name="i_21"/></StgValue>
</port>
<port id="155" name="dct_coeff_table_0" dir="0" iftype="1">
<core>ROM_nP</core><StgValue><ssdm name="dct_coeff_table_0"/><MemPortTyVec>1 </MemPortTyVec>
</StgValue>
</port>
<port id="156" name="dct_coeff_table_1" dir="0" iftype="1">
<core>ROM_nP</core><StgValue><ssdm name="dct_coeff_table_1"/><MemPortTyVec>1 </MemPortTyVec>
</StgValue>
</port>
<port id="157" name="dct_coeff_table_2" dir="0" iftype="1">
<core>ROM_nP</core><StgValue><ssdm name="dct_coeff_table_2"/><MemPortTyVec>1 </MemPortTyVec>
</StgValue>
</port>
<port id="158" name="dct_coeff_table_3" dir="0" iftype="1">
<core>ROM_nP</core><StgValue><ssdm name="dct_coeff_table_3"/><MemPortTyVec>1 </MemPortTyVec>
</StgValue>
</port>
<port id="159" name="dct_coeff_table_4" dir="0" iftype="1">
<core>ROM_nP</core><StgValue><ssdm name="dct_coeff_table_4"/><MemPortTyVec>1 </MemPortTyVec>
</StgValue>
</port>
<port id="160" name="dct_coeff_table_5" dir="0" iftype="1">
<core>ROM_nP</core><StgValue><ssdm name="dct_coeff_table_5"/><MemPortTyVec>1 </MemPortTyVec>
</StgValue>
</port>
<port id="161" name="dct_coeff_table_6" dir="0" iftype="1">
<core>ROM_nP</core><StgValue><ssdm name="dct_coeff_table_6"/><MemPortTyVec>1 </MemPortTyVec>
</StgValue>
</port>
<port id="162" name="dct_coeff_table_7" dir="0" iftype="1">
<core>ROM_nP</core><StgValue><ssdm name="dct_coeff_table_7"/><MemPortTyVec>1 </MemPortTyVec>
</StgValue>
</port>
</ports>


<dataflows>
<dataflow id="164" from="_ssdm_op_Read.ap_auto.i4" to="i_21_read" fromId="163" toId="11">
</dataflow>
<dataflow id="165" from="i_21" to="i_21_read" fromId="154" toId="11">
</dataflow>
<dataflow id="166" from="_ssdm_op_Read.ap_auto.i4" to="i_2_read" fromId="163" toId="12">
</dataflow>
<dataflow id="167" from="i_2" to="i_2_read" fromId="152" toId="12">
</dataflow>
<dataflow id="169" from="_ssdm_op_BitConcatenate.i7.i4.i3" to="tmp_13" fromId="168" toId="13">
</dataflow>
<dataflow id="170" from="i_21_read" to="tmp_13" fromId="11" toId="13">
</dataflow>
<dataflow id="172" from="StgValue_171" to="tmp_13" fromId="171" toId="13">
</dataflow>
<dataflow id="173" from="tmp_13" to="tmp_18_cast" fromId="13" toId="14">
</dataflow>
<dataflow id="174" from="_ssdm_op_BitConcatenate.i7.i4.i3" to="tmp_14" fromId="168" toId="15">
</dataflow>
<dataflow id="175" from="i_2_read" to="tmp_14" fromId="12" toId="15">
</dataflow>
<dataflow id="176" from="StgValue_171" to="tmp_14" fromId="171" toId="15">
</dataflow>
<dataflow id="177" from="tmp_14" to="tmp_15" fromId="15" toId="16">
</dataflow>
<dataflow id="178" from="src" to="src_addr" fromId="151" toId="17">
</dataflow>
<dataflow id="180" from="StgValue_179" to="src_addr" fromId="179" toId="17">
</dataflow>
<dataflow id="181" from="tmp_15" to="src_addr" fromId="16" toId="17">
</dataflow>
<dataflow id="182" from="tmp_14" to="tmp_16" fromId="15" toId="18">
</dataflow>
<dataflow id="184" from="StgValue_183" to="tmp_16" fromId="183" toId="18">
</dataflow>
<dataflow id="186" from="_ssdm_op_BitConcatenate.i32.i25.i7" to="tmp_17" fromId="185" toId="19">
</dataflow>
<dataflow id="188" from="StgValue_187" to="tmp_17" fromId="187" toId="19">
</dataflow>
<dataflow id="189" from="tmp_16" to="tmp_17" fromId="18" toId="19">
</dataflow>
<dataflow id="190" from="src" to="src_addr_1" fromId="151" toId="20">
</dataflow>
<dataflow id="191" from="StgValue_179" to="src_addr_1" fromId="179" toId="20">
</dataflow>
<dataflow id="192" from="tmp_17" to="src_addr_1" fromId="19" toId="20">
</dataflow>
<dataflow id="193" from="tmp_14" to="tmp_18" fromId="15" toId="21">
</dataflow>
<dataflow id="195" from="StgValue_194" to="tmp_18" fromId="194" toId="21">
</dataflow>
<dataflow id="196" from="_ssdm_op_BitConcatenate.i32.i25.i7" to="tmp_19" fromId="185" toId="22">
</dataflow>
<dataflow id="197" from="StgValue_187" to="tmp_19" fromId="187" toId="22">
</dataflow>
<dataflow id="198" from="tmp_18" to="tmp_19" fromId="21" toId="22">
</dataflow>
<dataflow id="199" from="src" to="src_addr_2" fromId="151" toId="23">
</dataflow>
<dataflow id="200" from="StgValue_179" to="src_addr_2" fromId="179" toId="23">
</dataflow>
<dataflow id="201" from="tmp_19" to="src_addr_2" fromId="22" toId="23">
</dataflow>
<dataflow id="202" from="tmp_14" to="tmp_20" fromId="15" toId="24">
</dataflow>
<dataflow id="204" from="StgValue_203" to="tmp_20" fromId="203" toId="24">
</dataflow>
<dataflow id="205" from="_ssdm_op_BitConcatenate.i32.i25.i7" to="tmp_21" fromId="185" toId="25">
</dataflow>
<dataflow id="206" from="StgValue_187" to="tmp_21" fromId="187" toId="25">
</dataflow>
<dataflow id="207" from="tmp_20" to="tmp_21" fromId="24" toId="25">
</dataflow>
<dataflow id="208" from="src" to="src_addr_3" fromId="151" toId="26">
</dataflow>
<dataflow id="209" from="StgValue_179" to="src_addr_3" fromId="179" toId="26">
</dataflow>
<dataflow id="210" from="tmp_21" to="src_addr_3" fromId="25" toId="26">
</dataflow>
<dataflow id="211" from="tmp_14" to="tmp_22" fromId="15" toId="27">
</dataflow>
<dataflow id="213" from="StgValue_212" to="tmp_22" fromId="212" toId="27">
</dataflow>
<dataflow id="214" from="_ssdm_op_BitConcatenate.i32.i25.i7" to="tmp_23" fromId="185" toId="28">
</dataflow>
<dataflow id="215" from="StgValue_187" to="tmp_23" fromId="187" toId="28">
</dataflow>
<dataflow id="216" from="tmp_22" to="tmp_23" fromId="27" toId="28">
</dataflow>
<dataflow id="217" from="src" to="src_addr_4" fromId="151" toId="29">
</dataflow>
<dataflow id="218" from="StgValue_179" to="src_addr_4" fromId="179" toId="29">
</dataflow>
<dataflow id="219" from="tmp_23" to="src_addr_4" fromId="28" toId="29">
</dataflow>
<dataflow id="220" from="tmp_14" to="tmp_24" fromId="15" toId="30">
</dataflow>
<dataflow id="222" from="StgValue_221" to="tmp_24" fromId="221" toId="30">
</dataflow>
<dataflow id="223" from="_ssdm_op_BitConcatenate.i32.i25.i7" to="tmp_25" fromId="185" toId="31">
</dataflow>
<dataflow id="224" from="StgValue_187" to="tmp_25" fromId="187" toId="31">
</dataflow>
<dataflow id="225" from="tmp_24" to="tmp_25" fromId="30" toId="31">
</dataflow>
<dataflow id="226" from="src" to="src_addr_5" fromId="151" toId="32">
</dataflow>
<dataflow id="227" from="StgValue_179" to="src_addr_5" fromId="179" toId="32">
</dataflow>
<dataflow id="228" from="tmp_25" to="src_addr_5" fromId="31" toId="32">
</dataflow>
<dataflow id="229" from="tmp_14" to="tmp_26" fromId="15" toId="33">
</dataflow>
<dataflow id="231" from="StgValue_230" to="tmp_26" fromId="230" toId="33">
</dataflow>
<dataflow id="232" from="_ssdm_op_BitConcatenate.i32.i25.i7" to="tmp_27" fromId="185" toId="34">
</dataflow>
<dataflow id="233" from="StgValue_187" to="tmp_27" fromId="187" toId="34">
</dataflow>
<dataflow id="234" from="tmp_26" to="tmp_27" fromId="33" toId="34">
</dataflow>
<dataflow id="235" from="src" to="src_addr_6" fromId="151" toId="35">
</dataflow>
<dataflow id="236" from="StgValue_179" to="src_addr_6" fromId="179" toId="35">
</dataflow>
<dataflow id="237" from="tmp_27" to="src_addr_6" fromId="34" toId="35">
</dataflow>
<dataflow id="238" from="tmp_14" to="tmp_28" fromId="15" toId="36">
</dataflow>
<dataflow id="240" from="StgValue_239" to="tmp_28" fromId="239" toId="36">
</dataflow>
<dataflow id="241" from="_ssdm_op_BitConcatenate.i32.i25.i7" to="tmp_29" fromId="185" toId="37">
</dataflow>
<dataflow id="242" from="StgValue_187" to="tmp_29" fromId="187" toId="37">
</dataflow>
<dataflow id="243" from="tmp_28" to="tmp_29" fromId="36" toId="37">
</dataflow>
<dataflow id="244" from="src" to="src_addr_7" fromId="151" toId="38">
</dataflow>
<dataflow id="245" from="StgValue_179" to="src_addr_7" fromId="179" toId="38">
</dataflow>
<dataflow id="246" from="tmp_29" to="src_addr_7" fromId="37" toId="38">
</dataflow>
<dataflow id="248" from="StgValue_247" to="k" fromId="247" toId="40">
<condition id="50">
<or_exp><and_exp></and_exp></or_exp>
</condition>
</dataflow>
<dataflow id="249" from="StgValue_39" to="k" fromId="39" toId="40">
</dataflow>
<dataflow id="250" from="k_1" to="k" fromId="42" toId="40">
<BackEdge/>
<condition id="51">
<or_exp><and_exp><literal name="tmp" val="0"/>
</and_exp></or_exp>
</condition>
</dataflow>
<dataflow id="251" from="StgValue_128" to="k" fromId="128" toId="40">
<BackEdge/>
</dataflow>
<dataflow id="252" from="k" to="tmp" fromId="40" toId="41">
</dataflow>
<dataflow id="254" from="StgValue_253" to="tmp" fromId="253" toId="41">
</dataflow>
<dataflow id="255" from="k" to="k_1" fromId="40" toId="42">
</dataflow>
<dataflow id="257" from="StgValue_256" to="k_1" fromId="256" toId="42">
</dataflow>
<dataflow id="258" from="tmp" to="StgValue_43" fromId="41" toId="43">
</dataflow>
<dataflow id="259" from="k" to="k_cast8" fromId="40" toId="44">
</dataflow>
<dataflow id="260" from="k" to="k_cast8_cast" fromId="40" toId="45">
</dataflow>
<dataflow id="261" from="tmp_18_cast" to="tmp_30" fromId="14" toId="46">
</dataflow>
<dataflow id="262" from="k_cast8_cast" to="tmp_30" fromId="45" toId="46">
</dataflow>
<dataflow id="263" from="dct_coeff_table_1" to="dct_coeff_table_1_ad" fromId="156" toId="47">
</dataflow>
<dataflow id="264" from="StgValue_179" to="dct_coeff_table_1_ad" fromId="179" toId="47">
</dataflow>
<dataflow id="265" from="k_cast8" to="dct_coeff_table_1_ad" fromId="44" toId="47">
</dataflow>
<dataflow id="266" from="dct_coeff_table_1_ad" to="dct_coeff_table_1_lo" fromId="47" toId="48">
</dataflow>
<dataflow id="267" from="src_addr_1" to="src_load_1" fromId="20" toId="49">
</dataflow>
<dataflow id="268" from="dct_coeff_table_3" to="dct_coeff_table_3_ad" fromId="158" toId="50">
</dataflow>
<dataflow id="269" from="StgValue_179" to="dct_coeff_table_3_ad" fromId="179" toId="50">
</dataflow>
<dataflow id="270" from="k_cast8" to="dct_coeff_table_3_ad" fromId="44" toId="50">
</dataflow>
<dataflow id="271" from="dct_coeff_table_3_ad" to="dct_coeff_table_3_lo" fromId="50" toId="51">
</dataflow>
<dataflow id="272" from="src_addr_3" to="src_load_3" fromId="26" toId="52">
</dataflow>
<dataflow id="273" from="dct_coeff_table_0" to="dct_coeff_table_0_ad" fromId="155" toId="53">
</dataflow>
<dataflow id="274" from="StgValue_179" to="dct_coeff_table_0_ad" fromId="179" toId="53">
</dataflow>
<dataflow id="275" from="k_cast8" to="dct_coeff_table_0_ad" fromId="44" toId="53">
</dataflow>
<dataflow id="276" from="dct_coeff_table_0_ad" to="dct_coeff_table_0_lo" fromId="53" toId="54">
</dataflow>
<dataflow id="277" from="src_addr" to="src_load" fromId="17" toId="55">
</dataflow>
<dataflow id="278" from="dct_coeff_table_1_ad" to="dct_coeff_table_1_lo" fromId="47" toId="56">
</dataflow>
<dataflow id="279" from="src_addr_1" to="src_load_1" fromId="20" toId="57">
</dataflow>
<dataflow id="280" from="dct_coeff_table_3_ad" to="dct_coeff_table_3_lo" fromId="50" toId="58">
</dataflow>
<dataflow id="281" from="src_addr_3" to="src_load_3" fromId="26" toId="59">
</dataflow>
<dataflow id="282" from="dct_coeff_table_5" to="dct_coeff_table_5_ad" fromId="160" toId="60">
</dataflow>
<dataflow id="283" from="StgValue_179" to="dct_coeff_table_5_ad" fromId="179" toId="60">
</dataflow>
<dataflow id="284" from="k_cast8" to="dct_coeff_table_5_ad" fromId="44" toId="60">
</dataflow>
<dataflow id="285" from="dct_coeff_table_5_ad" to="dct_coeff_table_5_lo" fromId="60" toId="61">
</dataflow>
<dataflow id="286" from="src_addr_5" to="src_load_5" fromId="32" toId="62">
</dataflow>
<dataflow id="287" from="dct_coeff_table_0_ad" to="dct_coeff_table_0_lo" fromId="53" toId="63">
</dataflow>
<dataflow id="288" from="src_addr" to="src_load" fromId="17" toId="64">
</dataflow>
<dataflow id="289" from="dct_coeff_table_1_lo" to="coeff_1_cast" fromId="56" toId="65">
</dataflow>
<dataflow id="290" from="src_load_1" to="tmp_6_1_cast" fromId="57" toId="66">
</dataflow>
<dataflow id="291" from="tmp_6_1_cast" to="tmp_7_1" fromId="66" toId="67">
</dataflow>
<dataflow id="292" from="coeff_1_cast" to="tmp_7_1" fromId="65" toId="67">
</dataflow>
<dataflow id="293" from="dct_coeff_table_2" to="dct_coeff_table_2_ad" fromId="157" toId="68">
</dataflow>
<dataflow id="294" from="StgValue_179" to="dct_coeff_table_2_ad" fromId="179" toId="68">
</dataflow>
<dataflow id="295" from="k_cast8" to="dct_coeff_table_2_ad" fromId="44" toId="68">
</dataflow>
<dataflow id="296" from="dct_coeff_table_2_ad" to="dct_coeff_table_2_lo" fromId="68" toId="69">
</dataflow>
<dataflow id="297" from="src_addr_2" to="src_load_2" fromId="23" toId="70">
</dataflow>
<dataflow id="298" from="dct_coeff_table_3_lo" to="coeff_3_cast" fromId="58" toId="71">
</dataflow>
<dataflow id="299" from="src_load_3" to="tmp_6_3_cast" fromId="59" toId="72">
</dataflow>
<dataflow id="300" from="tmp_6_3_cast" to="tmp_7_3" fromId="72" toId="73">
</dataflow>
<dataflow id="301" from="coeff_3_cast" to="tmp_7_3" fromId="71" toId="73">
</dataflow>
<dataflow id="302" from="dct_coeff_table_4" to="dct_coeff_table_4_ad" fromId="159" toId="74">
</dataflow>
<dataflow id="303" from="StgValue_179" to="dct_coeff_table_4_ad" fromId="179" toId="74">
</dataflow>
<dataflow id="304" from="k_cast8" to="dct_coeff_table_4_ad" fromId="44" toId="74">
</dataflow>
<dataflow id="305" from="dct_coeff_table_4_ad" to="dct_coeff_table_4_lo" fromId="74" toId="75">
</dataflow>
<dataflow id="306" from="src_addr_4" to="src_load_4" fromId="29" toId="76">
</dataflow>
<dataflow id="307" from="dct_coeff_table_5_ad" to="dct_coeff_table_5_lo" fromId="60" toId="77">
</dataflow>
<dataflow id="308" from="src_addr_5" to="src_load_5" fromId="32" toId="78">
</dataflow>
<dataflow id="309" from="dct_coeff_table_6" to="dct_coeff_table_6_ad" fromId="161" toId="79">
</dataflow>
<dataflow id="310" from="StgValue_179" to="dct_coeff_table_6_ad" fromId="179" toId="79">
</dataflow>
<dataflow id="311" from="k_cast8" to="dct_coeff_table_6_ad" fromId="44" toId="79">
</dataflow>
<dataflow id="312" from="dct_coeff_table_6_ad" to="dct_coeff_table_6_lo" fromId="79" toId="80">
</dataflow>
<dataflow id="313" from="dct_coeff_table_7" to="dct_coeff_table_7_ad" fromId="162" toId="81">
</dataflow>
<dataflow id="314" from="StgValue_179" to="dct_coeff_table_7_ad" fromId="179" toId="81">
</dataflow>
<dataflow id="315" from="k_cast8" to="dct_coeff_table_7_ad" fromId="44" toId="81">
</dataflow>
<dataflow id="316" from="dct_coeff_table_7_ad" to="dct_coeff_table_7_lo" fromId="81" toId="82">
</dataflow>
<dataflow id="317" from="dct_coeff_table_0_lo" to="coeff_cast" fromId="63" toId="83">
</dataflow>
<dataflow id="318" from="src_load" to="tmp_6_cast" fromId="64" toId="84">
</dataflow>
<dataflow id="319" from="tmp_6_cast" to="tmp_7" fromId="84" toId="85">
</dataflow>
<dataflow id="320" from="coeff_cast" to="tmp_7" fromId="83" toId="85">
</dataflow>
<dataflow id="321" from="dct_coeff_table_2_ad" to="dct_coeff_table_2_lo" fromId="68" toId="86">
</dataflow>
<dataflow id="322" from="src_addr_2" to="src_load_2" fromId="23" toId="87">
</dataflow>
<dataflow id="323" from="dct_coeff_table_4_ad" to="dct_coeff_table_4_lo" fromId="74" toId="88">
</dataflow>
<dataflow id="324" from="src_addr_4" to="src_load_4" fromId="29" toId="89">
</dataflow>
<dataflow id="325" from="dct_coeff_table_5_lo" to="coeff_5_cast" fromId="77" toId="90">
</dataflow>
<dataflow id="326" from="src_load_5" to="tmp_6_5_cast" fromId="78" toId="91">
</dataflow>
<dataflow id="327" from="tmp_6_5_cast" to="tmp_7_5" fromId="91" toId="92">
</dataflow>
<dataflow id="328" from="coeff_5_cast" to="tmp_7_5" fromId="90" toId="92">
</dataflow>
<dataflow id="329" from="dct_coeff_table_6_ad" to="dct_coeff_table_6_lo" fromId="79" toId="93">
</dataflow>
<dataflow id="330" from="src_addr_6" to="src_load_6" fromId="35" toId="94">
</dataflow>
<dataflow id="331" from="dct_coeff_table_7_ad" to="dct_coeff_table_7_lo" fromId="81" toId="95">
</dataflow>
<dataflow id="332" from="src_addr_7" to="src_load_7" fromId="38" toId="96">
</dataflow>
<dataflow id="333" from="tmp_7_1" to="tmp2" fromId="67" toId="97">
</dataflow>
<dataflow id="334" from="tmp_7" to="tmp2" fromId="85" toId="97">
</dataflow>
<dataflow id="335" from="dct_coeff_table_2_lo" to="coeff_2_cast" fromId="86" toId="98">
</dataflow>
<dataflow id="336" from="src_load_2" to="tmp_6_2_cast" fromId="87" toId="99">
</dataflow>
<dataflow id="337" from="tmp_6_2_cast" to="tmp_7_2" fromId="99" toId="100">
</dataflow>
<dataflow id="338" from="coeff_2_cast" to="tmp_7_2" fromId="98" toId="100">
</dataflow>
<dataflow id="339" from="dct_coeff_table_4_lo" to="coeff_4_cast" fromId="88" toId="101">
</dataflow>
<dataflow id="340" from="src_load_4" to="tmp_6_4_cast" fromId="89" toId="102">
</dataflow>
<dataflow id="341" from="tmp_6_4_cast" to="tmp_7_4" fromId="102" toId="103">
</dataflow>
<dataflow id="342" from="coeff_4_cast" to="tmp_7_4" fromId="101" toId="103">
</dataflow>
<dataflow id="343" from="src_addr_6" to="src_load_6" fromId="35" toId="104">
</dataflow>
<dataflow id="344" from="src_addr_7" to="src_load_7" fromId="38" toId="105">
</dataflow>
<dataflow id="345" from="tmp_7_3" to="tmp3" fromId="73" toId="106">
</dataflow>
<dataflow id="346" from="tmp_7_2" to="tmp3" fromId="100" toId="106">
</dataflow>
<dataflow id="347" from="tmp2" to="tmp1" fromId="97" toId="107">
</dataflow>
<dataflow id="348" from="tmp3" to="tmp1" fromId="106" toId="107">
</dataflow>
<dataflow id="349" from="tmp_7_5" to="tmp5" fromId="92" toId="108">
</dataflow>
<dataflow id="350" from="tmp_7_4" to="tmp5" fromId="103" toId="108">
</dataflow>
<dataflow id="351" from="dct_coeff_table_6_lo" to="coeff_6_cast" fromId="93" toId="109">
</dataflow>
<dataflow id="352" from="src_load_6" to="tmp_6_6_cast" fromId="104" toId="110">
</dataflow>
<dataflow id="353" from="tmp_6_6_cast" to="tmp_7_6" fromId="110" toId="111">
</dataflow>
<dataflow id="354" from="coeff_6_cast" to="tmp_7_6" fromId="109" toId="111">
</dataflow>
<dataflow id="355" from="dct_coeff_table_7_lo" to="coeff_7_cast" fromId="95" toId="112">
</dataflow>
<dataflow id="356" from="src_load_7" to="tmp_6_7_cast" fromId="105" toId="113">
</dataflow>
<dataflow id="357" from="tmp_6_7_cast" to="tmp_7_7" fromId="113" toId="114">
</dataflow>
<dataflow id="358" from="coeff_7_cast" to="tmp_7_7" fromId="112" toId="114">
</dataflow>
<dataflow id="359" from="tmp_7_7" to="tmp7" fromId="114" toId="115">
</dataflow>
<dataflow id="361" from="StgValue_360" to="tmp7" fromId="360" toId="115">
</dataflow>
<dataflow id="362" from="tmp_7_6" to="tmp6" fromId="111" toId="116">
</dataflow>
<dataflow id="363" from="tmp7" to="tmp6" fromId="115" toId="116">
</dataflow>
<dataflow id="364" from="tmp5" to="tmp4" fromId="108" toId="117">
</dataflow>
<dataflow id="365" from="tmp6" to="tmp4" fromId="116" toId="117">
</dataflow>
<dataflow id="366" from="tmp1" to="tmp_3" fromId="107" toId="118">
</dataflow>
<dataflow id="367" from="tmp4" to="tmp_3" fromId="117" toId="118">
</dataflow>
<dataflow id="369" from="_ssdm_op_PartSelect.i16.i29.i32.i32" to="tmp_5" fromId="368" toId="119">
</dataflow>
<dataflow id="370" from="tmp_3" to="tmp_5" fromId="118" toId="119">
</dataflow>
<dataflow id="372" from="StgValue_371" to="tmp_5" fromId="371" toId="119">
</dataflow>
<dataflow id="374" from="StgValue_373" to="tmp_5" fromId="373" toId="119">
</dataflow>
<dataflow id="375" from="tmp_30" to="tmp_35_cast" fromId="46" toId="120">
</dataflow>
<dataflow id="376" from="dst" to="dst_addr" fromId="153" toId="121">
</dataflow>
<dataflow id="377" from="StgValue_179" to="dst_addr" fromId="179" toId="121">
</dataflow>
<dataflow id="378" from="tmp_35_cast" to="dst_addr" fromId="120" toId="121">
</dataflow>
<dataflow id="380" from="_ssdm_op_SpecLoopTripCount" to="empty" fromId="379" toId="122">
</dataflow>
<dataflow id="382" from="StgValue_381" to="empty" fromId="381" toId="122">
</dataflow>
<dataflow id="383" from="StgValue_381" to="empty" fromId="381" toId="122">
</dataflow>
<dataflow id="384" from="StgValue_381" to="empty" fromId="381" toId="122">
</dataflow>
<dataflow id="386" from="_ssdm_op_SpecLoopName" to="StgValue_123" fromId="385" toId="123">
</dataflow>
<dataflow id="388" from="p_str" to="StgValue_123" fromId="387" toId="123">
</dataflow>
<dataflow id="390" from="_ssdm_op_SpecRegionBegin" to="tmp_s" fromId="389" toId="124">
</dataflow>
<dataflow id="391" from="p_str" to="tmp_s" fromId="387" toId="124">
</dataflow>
<dataflow id="393" from="_ssdm_op_SpecPipeline" to="StgValue_125" fromId="392" toId="125">
</dataflow>
<dataflow id="395" from="StgValue_394" to="StgValue_125" fromId="394" toId="125">
</dataflow>
<dataflow id="397" from="StgValue_396" to="StgValue_125" fromId="396" toId="125">
</dataflow>
<dataflow id="398" from="StgValue_396" to="StgValue_125" fromId="396" toId="125">
</dataflow>
<dataflow id="399" from="StgValue_179" to="StgValue_125" fromId="179" toId="125">
</dataflow>
<dataflow id="401" from="p_str1" to="StgValue_125" fromId="400" toId="125">
</dataflow>
<dataflow id="402" from="tmp_5" to="StgValue_126" fromId="119" toId="126">
</dataflow>
<dataflow id="403" from="dst_addr" to="StgValue_126" fromId="121" toId="126">
</dataflow>
<dataflow id="405" from="_ssdm_op_SpecRegionEnd" to="empty_10" fromId="404" toId="127">
</dataflow>
<dataflow id="406" from="p_str" to="empty_10" fromId="387" toId="127">
</dataflow>
<dataflow id="407" from="tmp_s" to="empty_10" fromId="124" toId="127">
</dataflow>
<dataflow id="408" from="tmp" to="StgValue_2" fromId="41" toId="2">
</dataflow>
<dataflow id="409" from="tmp" to="StgValue_3" fromId="41" toId="3">
</dataflow>
<dataflow id="410" from="tmp" to="StgValue_4" fromId="41" toId="4">
</dataflow>
<dataflow id="411" from="tmp" to="StgValue_5" fromId="41" toId="5">
</dataflow>
<dataflow id="412" from="tmp" to="StgValue_6" fromId="41" toId="6">
</dataflow>
<dataflow id="413" from="tmp" to="StgValue_7" fromId="41" toId="7">
</dataflow>
<dataflow id="414" from="tmp" to="StgValue_8" fromId="41" toId="8">
</dataflow>
<dataflow id="415" from="tmp" to="StgValue_9" fromId="41" toId="9">
</dataflow>
</dataflows>


</stg>
