<?xml version="1.0" encoding="UTF-8"?>
<vivadoHLSLog:LogRoot xmlns:vivadoHLSLog="www.xilinx.com/vivadoHLSLog">
  <errorLogs>
    <logs>
      <synLog/>
      <simLog/>
      <mgLog/>
      <packageLog/>
      <csimLog/>
    </logs>
  </errorLogs>
  <warningLogs>
    <logs>
      <synLog>
        <logs message="WARNING: [SCHED 204-21] The critical path consists of the following:&#xD;&#xA;&#x9;'mul' operation ('tmp_5', fir.c:21) (3.36 ns)&#xD;&#xA;&#x9;'add' operation ('acc', fir.c:21) (3.02 ns)&#xD;&#xA;&#x9;s_axi write on port 'y' (fir.c:23) (1 ns)" projectName="fir" solutionName="solution1" date="2023-04-26T16:03:31.989+0200" type="Warning"/>
        <logs message="WARNING: [SCHED 204-21] Estimated clock period (7.38ns) exceeds the target (target clock period: 8ns, clock uncertainty: 1ns, effective delay budget: 7ns)." projectName="fir" solutionName="solution1" date="2023-04-26T16:03:31.974+0200" type="Warning"/>
        <logs message="WARNING: [HLS 200-40] Skipped source file 'fir_coef.dat'. Source files must have extensions .c, .C, .cc, .cpp, .c++, .cp, or .cxx." projectName="fir" solutionName="solution1" date="2023-04-26T16:03:29.426+0200" type="Warning"/>
      </synLog>
      <simLog/>
      <mgLog/>
      <packageLog/>
      <csimLog/>
    </logs>
  </warningLogs>
</vivadoHLSLog:LogRoot>
