<stg><name>matrixmul</name>


<trans_list>

<trans id="68" from="1" to="2">
<condition id="19">
<or_exp><and_exp></and_exp></or_exp>
</condition>
</trans>

<trans id="69" from="2" to="3">
<condition id="21">
<or_exp><and_exp><literal name="exitcond2" val="0"/>
</and_exp></or_exp>
</condition>
</trans>

<trans id="70" from="3" to="4">
<condition id="23">
<or_exp><and_exp><literal name="exitcond1" val="0"/>
</and_exp></or_exp>
</condition>
</trans>

<trans id="76" from="3" to="2">
<condition id="32">
<or_exp><and_exp><literal name="exitcond1" val="1"/>
</and_exp></or_exp>
</condition>
</trans>

<trans id="71" from="4" to="5">
<condition id="24">
<or_exp><and_exp><literal name="exitcond" val="0"/>
</and_exp></or_exp>
</condition>
</trans>

<trans id="75" from="4" to="3">
<condition id="30">
<or_exp><and_exp><literal name="exitcond" val="1"/>
</and_exp></or_exp>
</condition>
</trans>

<trans id="73" from="5" to="6">
<condition id="26">
<or_exp><and_exp></and_exp></or_exp>
</condition>
</trans>

<trans id="74" from="6" to="4">
<condition id="28">
<or_exp><and_exp></and_exp></or_exp>
</condition>
</trans>
</trans_list>



<state_list>

<state id="1" st_id="1">

<operation id="7" st_id="1" stage="1" lat="1">
<core>NULL</core>
<MemPortIdVec></MemPortIdVec>
<condition id="0">
<or_exp><and_exp></and_exp></or_exp>
</condition>

<Node id="4" bw="0" op_0_bw="0" op_1_bw="8">
<![CDATA[
:0  call void (...)* @_ssdm_op_SpecBitsMap([9 x i8]* %a) nounwind, !map !7

]]></Node>
<StgValue><ssdm name=""/></StgValue>
</operation>

<operation id="8" st_id="1" stage="1" lat="1">
<core>NULL</core>
<MemPortIdVec></MemPortIdVec>
<condition id="0">
<or_exp><and_exp></and_exp></or_exp>
</condition>

<Node id="5" bw="0" op_0_bw="0" op_1_bw="8">
<![CDATA[
:1  call void (...)* @_ssdm_op_SpecBitsMap([9 x i8]* %b) nounwind, !map !13

]]></Node>
<StgValue><ssdm name=""/></StgValue>
</operation>

<operation id="9" st_id="1" stage="1" lat="1">
<core>NULL</core>
<MemPortIdVec></MemPortIdVec>
<condition id="0">
<or_exp><and_exp></and_exp></or_exp>
</condition>

<Node id="6" bw="0" op_0_bw="0" op_1_bw="16">
<![CDATA[
:2  call void (...)* @_ssdm_op_SpecBitsMap([9 x i16]* %res) nounwind, !map !17

]]></Node>
<StgValue><ssdm name=""/></StgValue>
</operation>

<operation id="10" st_id="1" stage="1" lat="1">
<core>NULL</core>
<MemPortIdVec></MemPortIdVec>
<condition id="0">
<or_exp><and_exp></and_exp></or_exp>
</condition>

<Node id="7" bw="0" op_0_bw="0" op_1_bw="0">
<![CDATA[
:3  call void (...)* @_ssdm_op_SpecTopModule([10 x i8]* @matrixmul_str) nounwind

]]></Node>
<StgValue><ssdm name=""/></StgValue>
</operation>

<operation id="11" st_id="1" stage="1" lat="1">
<core>NULL</core>
<MemPortIdVec></MemPortIdVec>
<condition id="0">
<or_exp><and_exp></and_exp></or_exp>
</condition>

<Node id="8" bw="0" op_0_bw="0">
<![CDATA[
:4  br label %1

]]></Node>
<StgValue><ssdm name=""/></StgValue>
</operation>
</state>

<state id="2" st_id="2">

<operation id="12" st_id="2" stage="1" lat="1">
<core>NULL</core>
<MemPortIdVec></MemPortIdVec>
<condition id="1">
<or_exp><and_exp></and_exp></or_exp>
</condition>

<Node id="10" bw="2" op_0_bw="2" op_1_bw="0">
<![CDATA[
:0  %i = phi i2 [ 0, %0 ], [ %i_1, %8 ]

]]></Node>
<StgValue><ssdm name="i"/></StgValue>
</operation>

<operation id="13" st_id="2" stage="1" lat="1">
<core>NULL</core>
<MemPortIdVec></MemPortIdVec>
<condition id="1">
<or_exp><and_exp></and_exp></or_exp>
</condition>

<Node id="11" bw="5" op_0_bw="2">
<![CDATA[
:1  %i_cast3_cast = zext i2 %i to i5

]]></Node>
<StgValue><ssdm name="i_cast3_cast"/></StgValue>
</operation>

<operation id="14" st_id="2" stage="1" lat="1">
<core>NULL</core>
<MemPortIdVec></MemPortIdVec>
<condition id="1">
<or_exp><and_exp></and_exp></or_exp>
</condition>

<Node id="12" bw="4" op_0_bw="4" op_1_bw="2" op_2_bw="2">
<![CDATA[
:2  %tmp_6 = call i4 @_ssdm_op_BitConcatenate.i4.i2.i2(i2 %i, i2 0)

]]></Node>
<StgValue><ssdm name="tmp_6"/></StgValue>
</operation>

<operation id="15" st_id="2" stage="1" lat="1">
<core>NULL</core>
<MemPortIdVec></MemPortIdVec>
<condition id="1">
<or_exp><and_exp></and_exp></or_exp>
</condition>

<Node id="13" bw="5" op_0_bw="4">
<![CDATA[
:3  %p_shl_cast = zext i4 %tmp_6 to i5

]]></Node>
<StgValue><ssdm name="p_shl_cast"/></StgValue>
</operation>

<operation id="16" st_id="2" stage="1" lat="1">
<core>AddSub</core>
<MemPortIdVec></MemPortIdVec>
<condition id="1">
<or_exp><and_exp></and_exp></or_exp>
</condition>

<Node id="14" bw="5" op_0_bw="5" op_1_bw="5">
<![CDATA[
:4  %tmp_7 = sub i5 %p_shl_cast, %i_cast3_cast

]]></Node>
<StgValue><ssdm name="tmp_7"/></StgValue>
</operation>

<operation id="17" st_id="2" stage="1" lat="1">
<core>Cmp</core>
<MemPortIdVec></MemPortIdVec>
<condition id="1">
<or_exp><and_exp></and_exp></or_exp>
</condition>

<Node id="15" bw="1" op_0_bw="2" op_1_bw="2">
<![CDATA[
:5  %exitcond2 = icmp eq i2 %i, -1

]]></Node>
<StgValue><ssdm name="exitcond2"/></StgValue>
</operation>

<operation id="18" st_id="2" stage="1" lat="1">
<core>NULL</core>
<MemPortIdVec></MemPortIdVec>
<condition id="1">
<or_exp><and_exp></and_exp></or_exp>
</condition>

<Node id="16" bw="32" op_0_bw="32" op_1_bw="64" op_2_bw="64" op_3_bw="64">
<![CDATA[
:6  %empty = call i32 (...)* @_ssdm_op_SpecLoopTripCount(i64 3, i64 3, i64 3) nounwind

]]></Node>
<StgValue><ssdm name="empty"/></StgValue>
</operation>

<operation id="19" st_id="2" stage="1" lat="1">
<core>AddSub</core>
<MemPortIdVec></MemPortIdVec>
<condition id="1">
<or_exp><and_exp></and_exp></or_exp>
</condition>

<Node id="17" bw="2" op_0_bw="2" op_1_bw="2">
<![CDATA[
:7  %i_1 = add i2 %i, 1

]]></Node>
<StgValue><ssdm name="i_1"/></StgValue>
</operation>

<operation id="20" st_id="2" stage="1" lat="1">
<core>NULL</core>
<MemPortIdVec></MemPortIdVec>
<condition id="1">
<or_exp><and_exp></and_exp></or_exp>
</condition>

<Node id="18" bw="0" op_0_bw="1" op_1_bw="0" op_2_bw="0">
<![CDATA[
:8  br i1 %exitcond2, label %9, label %2

]]></Node>
<StgValue><ssdm name=""/></StgValue>
</operation>

<operation id="21" st_id="2" stage="1" lat="1">
<core>NULL</core>
<MemPortIdVec></MemPortIdVec>
<condition id="3">
<or_exp><and_exp><literal name="exitcond2" val="0"/>
</and_exp></or_exp>
</condition>

<Node id="20" bw="0" op_0_bw="0" op_1_bw="0">
<![CDATA[
:0  call void (...)* @_ssdm_op_SpecLoopName([4 x i8]* @p_str) nounwind

]]></Node>
<StgValue><ssdm name=""/></StgValue>
</operation>

<operation id="22" st_id="2" stage="1" lat="1">
<core>NULL</core>
<MemPortIdVec></MemPortIdVec>
<condition id="3">
<or_exp><and_exp><literal name="exitcond2" val="0"/>
</and_exp></or_exp>
</condition>

<Node id="21" bw="32" op_0_bw="32" op_1_bw="0">
<![CDATA[
:1  %tmp_4 = call i32 (...)* @_ssdm_op_SpecRegionBegin([4 x i8]* @p_str) nounwind

]]></Node>
<StgValue><ssdm name="tmp_4"/></StgValue>
</operation>

<operation id="23" st_id="2" stage="1" lat="1">
<core>NULL</core>
<MemPortIdVec></MemPortIdVec>
<condition id="3">
<or_exp><and_exp><literal name="exitcond2" val="0"/>
</and_exp></or_exp>
</condition>

<Node id="22" bw="0" op_0_bw="0">
<![CDATA[
:2  br label %3

]]></Node>
<StgValue><ssdm name=""/></StgValue>
</operation>

<operation id="24" st_id="2" stage="1" lat="1">
<core>NULL</core>
<MemPortIdVec></MemPortIdVec>
<condition id="5">
<or_exp><and_exp><literal name="exitcond2" val="1"/>
</and_exp></or_exp>
</condition>

<Node id="71" bw="0">
<![CDATA[
:0  ret void

]]></Node>
<StgValue><ssdm name=""/></StgValue>
</operation>
</state>

<state id="3" st_id="3">

<operation id="25" st_id="3" stage="1" lat="1">
<core>NULL</core>
<MemPortIdVec></MemPortIdVec>
<condition id="6">
<or_exp><and_exp></and_exp></or_exp>
</condition>

<Node id="24" bw="2" op_0_bw="2" op_1_bw="0">
<![CDATA[
:0  %j = phi i2 [ 0, %2 ], [ %j_1, %7 ]

]]></Node>
<StgValue><ssdm name="j"/></StgValue>
</operation>

<operation id="26" st_id="3" stage="1" lat="1">
<core>NULL</core>
<MemPortIdVec></MemPortIdVec>
<condition id="6">
<or_exp><and_exp></and_exp></or_exp>
</condition>

<Node id="25" bw="5" op_0_bw="2">
<![CDATA[
:1  %j_cast2_cast = zext i2 %j to i5

]]></Node>
<StgValue><ssdm name="j_cast2_cast"/></StgValue>
</operation>

<operation id="27" st_id="3" stage="1" lat="1">
<core>AddSub</core>
<MemPortIdVec></MemPortIdVec>
<condition id="6">
<or_exp><and_exp></and_exp></or_exp>
</condition>

<Node id="26" bw="5" op_0_bw="5" op_1_bw="5">
<![CDATA[
:2  %tmp_8 = add i5 %tmp_7, %j_cast2_cast

]]></Node>
<StgValue><ssdm name="tmp_8"/></StgValue>
</operation>

<operation id="28" st_id="3" stage="1" lat="1">
<core>NULL</core>
<MemPortIdVec></MemPortIdVec>
<condition id="6">
<or_exp><and_exp></and_exp></or_exp>
</condition>

<Node id="27" bw="32" op_0_bw="5">
<![CDATA[
:3  %tmp_8_cast = sext i5 %tmp_8 to i32

]]></Node>
<StgValue><ssdm name="tmp_8_cast"/></StgValue>
</operation>

<operation id="29" st_id="3" stage="1" lat="1">
<core>NULL</core>
<MemPortIdVec></MemPortIdVec>
<condition id="6">
<or_exp><and_exp></and_exp></or_exp>
</condition>

<Node id="28" bw="4" op_0_bw="16" op_1_bw="32" op_2_bw="32">
<![CDATA[
:4  %res_addr = getelementptr [9 x i16]* %res, i32 0, i32 %tmp_8_cast

]]></Node>
<StgValue><ssdm name="res_addr"/></StgValue>
</operation>

<operation id="30" st_id="3" stage="1" lat="1">
<core>Cmp</core>
<MemPortIdVec></MemPortIdVec>
<condition id="6">
<or_exp><and_exp></and_exp></or_exp>
</condition>

<Node id="29" bw="1" op_0_bw="2" op_1_bw="2">
<![CDATA[
:5  %exitcond1 = icmp eq i2 %j, -1

]]></Node>
<StgValue><ssdm name="exitcond1"/></StgValue>
</operation>

<operation id="31" st_id="3" stage="1" lat="1">
<core>NULL</core>
<MemPortIdVec></MemPortIdVec>
<condition id="6">
<or_exp><and_exp></and_exp></or_exp>
</condition>

<Node id="30" bw="32" op_0_bw="32" op_1_bw="64" op_2_bw="64" op_3_bw="64">
<![CDATA[
:6  %empty_2 = call i32 (...)* @_ssdm_op_SpecLoopTripCount(i64 3, i64 3, i64 3) nounwind

]]></Node>
<StgValue><ssdm name="empty_2"/></StgValue>
</operation>

<operation id="32" st_id="3" stage="1" lat="1">
<core>AddSub</core>
<MemPortIdVec></MemPortIdVec>
<condition id="6">
<or_exp><and_exp></and_exp></or_exp>
</condition>

<Node id="31" bw="2" op_0_bw="2" op_1_bw="2">
<![CDATA[
:7  %j_1 = add i2 %j, 1

]]></Node>
<StgValue><ssdm name="j_1"/></StgValue>
</operation>

<operation id="33" st_id="3" stage="1" lat="1">
<core>NULL</core>
<MemPortIdVec></MemPortIdVec>
<condition id="6">
<or_exp><and_exp></and_exp></or_exp>
</condition>

<Node id="32" bw="0" op_0_bw="1" op_1_bw="0" op_2_bw="0">
<![CDATA[
:8  br i1 %exitcond1, label %8, label %4

]]></Node>
<StgValue><ssdm name=""/></StgValue>
</operation>

<operation id="34" st_id="3" stage="1" lat="1">
<core>NULL</core>
<MemPortIdVec></MemPortIdVec>
<condition id="8">
<or_exp><and_exp><literal name="exitcond1" val="0"/>
</and_exp></or_exp>
</condition>

<Node id="34" bw="0" op_0_bw="0" op_1_bw="0">
<![CDATA[
:0  call void (...)* @_ssdm_op_SpecLoopName([4 x i8]* @p_str1) nounwind

]]></Node>
<StgValue><ssdm name=""/></StgValue>
</operation>

<operation id="35" st_id="3" stage="1" lat="1">
<core>NULL</core>
<MemPortIdVec></MemPortIdVec>
<condition id="8">
<or_exp><and_exp><literal name="exitcond1" val="0"/>
</and_exp></or_exp>
</condition>

<Node id="35" bw="32" op_0_bw="32" op_1_bw="0">
<![CDATA[
:1  %tmp_5 = call i32 (...)* @_ssdm_op_SpecRegionBegin([4 x i8]* @p_str1) nounwind

]]></Node>
<StgValue><ssdm name="tmp_5"/></StgValue>
</operation>

<operation id="36" st_id="3" stage="1" lat="1">
<core>NULL</core>
<MemPortIdVec></MemPortIdVec>
<condition id="8">
<or_exp><and_exp><literal name="exitcond1" val="0"/>
</and_exp></or_exp>
</condition>

<Node id="36" bw="0" op_0_bw="0">
<![CDATA[
:2  br label %5

]]></Node>
<StgValue><ssdm name=""/></StgValue>
</operation>

<operation id="37" st_id="3" stage="1" lat="1">
<core>NULL</core>
<MemPortIdVec></MemPortIdVec>
<condition id="10">
<or_exp><and_exp><literal name="exitcond1" val="1"/>
</and_exp></or_exp>
</condition>

<Node id="68" bw="32" op_0_bw="32" op_1_bw="0" op_2_bw="32">
<![CDATA[
:0  %empty_5 = call i32 (...)* @_ssdm_op_SpecRegionEnd([4 x i8]* @p_str, i32 %tmp_4) nounwind

]]></Node>
<StgValue><ssdm name="empty_5"/></StgValue>
</operation>

<operation id="38" st_id="3" stage="1" lat="1">
<core>NULL</core>
<MemPortIdVec></MemPortIdVec>
<condition id="10">
<or_exp><and_exp><literal name="exitcond1" val="1"/>
</and_exp></or_exp>
</condition>

<Node id="69" bw="0" op_0_bw="0">
<![CDATA[
:1  br label %1

]]></Node>
<StgValue><ssdm name=""/></StgValue>
</operation>
</state>

<state id="4" st_id="4">

<operation id="39" st_id="4" stage="1" lat="1">
<core>NULL</core>
<MemPortIdVec></MemPortIdVec>
<condition id="11">
<or_exp><and_exp></and_exp></or_exp>
</condition>

<Node id="38" bw="16" op_0_bw="16" op_1_bw="0">
<![CDATA[
:0  %res_load = phi i16 [ 0, %4 ], [ %tmp_3, %6 ]

]]></Node>
<StgValue><ssdm name="res_load"/></StgValue>
</operation>

<operation id="40" st_id="4" stage="1" lat="1">
<core>NULL</core>
<MemPortIdVec></MemPortIdVec>
<condition id="11">
<or_exp><and_exp></and_exp></or_exp>
</condition>

<Node id="39" bw="2" op_0_bw="2" op_1_bw="0">
<![CDATA[
:1  %k = phi i2 [ 0, %4 ], [ %k_1, %6 ]

]]></Node>
<StgValue><ssdm name="k"/></StgValue>
</operation>

<operation id="41" st_id="4" stage="1" lat="1">
<core>RAM</core>
<MemPortIdVec>0 </MemPortIdVec>
<condition id="11">
<or_exp><and_exp></and_exp></or_exp>
</condition>

<Node id="40" bw="0" op_0_bw="16" op_1_bw="4">
<![CDATA[
:2  store i16 %res_load, i16* %res_addr, align 2

]]></Node>
<StgValue><ssdm name=""/></StgValue>
</operation>

<operation id="42" st_id="4" stage="1" lat="1">
<core>NULL</core>
<MemPortIdVec></MemPortIdVec>
<condition id="11">
<or_exp><and_exp></and_exp></or_exp>
</condition>

<Node id="41" bw="5" op_0_bw="2">
<![CDATA[
:3  %k_cast1_cast = zext i2 %k to i5

]]></Node>
<StgValue><ssdm name="k_cast1_cast"/></StgValue>
</operation>

<operation id="43" st_id="4" stage="1" lat="1">
<core>AddSub</core>
<MemPortIdVec></MemPortIdVec>
<condition id="11">
<or_exp><and_exp></and_exp></or_exp>
</condition>

<Node id="42" bw="5" op_0_bw="5" op_1_bw="5">
<![CDATA[
:4  %tmp_9 = add i5 %tmp_7, %k_cast1_cast

]]></Node>
<StgValue><ssdm name="tmp_9"/></StgValue>
</operation>

<operation id="44" st_id="4" stage="1" lat="1">
<core>NULL</core>
<MemPortIdVec></MemPortIdVec>
<condition id="11">
<or_exp><and_exp></and_exp></or_exp>
</condition>

<Node id="43" bw="32" op_0_bw="5">
<![CDATA[
:5  %tmp_9_cast = sext i5 %tmp_9 to i32

]]></Node>
<StgValue><ssdm name="tmp_9_cast"/></StgValue>
</operation>

<operation id="45" st_id="4" stage="1" lat="1">
<core>NULL</core>
<MemPortIdVec></MemPortIdVec>
<condition id="11">
<or_exp><and_exp></and_exp></or_exp>
</condition>

<Node id="44" bw="4" op_0_bw="8" op_1_bw="32" op_2_bw="32">
<![CDATA[
:6  %a_addr = getelementptr [9 x i8]* %a, i32 0, i32 %tmp_9_cast

]]></Node>
<StgValue><ssdm name="a_addr"/></StgValue>
</operation>

<operation id="46" st_id="4" stage="1" lat="1">
<core>NULL</core>
<MemPortIdVec></MemPortIdVec>
<condition id="11">
<or_exp><and_exp></and_exp></or_exp>
</condition>

<Node id="45" bw="4" op_0_bw="4" op_1_bw="2" op_2_bw="2">
<![CDATA[
:7  %tmp_s = call i4 @_ssdm_op_BitConcatenate.i4.i2.i2(i2 %k, i2 0)

]]></Node>
<StgValue><ssdm name="tmp_s"/></StgValue>
</operation>

<operation id="47" st_id="4" stage="1" lat="1">
<core>NULL</core>
<MemPortIdVec></MemPortIdVec>
<condition id="11">
<or_exp><and_exp></and_exp></or_exp>
</condition>

<Node id="46" bw="5" op_0_bw="4">
<![CDATA[
:8  %p_shl1_cast = zext i4 %tmp_s to i5

]]></Node>
<StgValue><ssdm name="p_shl1_cast"/></StgValue>
</operation>

<operation id="48" st_id="4" stage="1" lat="1">
<core>TAddSub</core>
<MemPortIdVec></MemPortIdVec>
<condition id="11">
<or_exp><and_exp></and_exp></or_exp>
</condition>

<Node id="47" bw="5" op_0_bw="5" op_1_bw="5">
<![CDATA[
:9  %tmp_10 = sub i5 %p_shl1_cast, %k_cast1_cast

]]></Node>
<StgValue><ssdm name="tmp_10"/></StgValue>
</operation>

<operation id="49" st_id="4" stage="1" lat="1">
<core>TAddSub</core>
<MemPortIdVec></MemPortIdVec>
<condition id="11">
<or_exp><and_exp></and_exp></or_exp>
</condition>

<Node id="48" bw="5" op_0_bw="5" op_1_bw="5">
<![CDATA[
:10  %tmp_11 = add i5 %tmp_10, %j_cast2_cast

]]></Node>
<StgValue><ssdm name="tmp_11"/></StgValue>
</operation>

<operation id="50" st_id="4" stage="1" lat="1">
<core>NULL</core>
<MemPortIdVec></MemPortIdVec>
<condition id="11">
<or_exp><and_exp></and_exp></or_exp>
</condition>

<Node id="49" bw="32" op_0_bw="5">
<![CDATA[
:11  %tmp_12_cast = sext i5 %tmp_11 to i32

]]></Node>
<StgValue><ssdm name="tmp_12_cast"/></StgValue>
</operation>

<operation id="51" st_id="4" stage="1" lat="1">
<core>NULL</core>
<MemPortIdVec></MemPortIdVec>
<condition id="11">
<or_exp><and_exp></and_exp></or_exp>
</condition>

<Node id="50" bw="4" op_0_bw="8" op_1_bw="32" op_2_bw="32">
<![CDATA[
:12  %b_addr = getelementptr [9 x i8]* %b, i32 0, i32 %tmp_12_cast

]]></Node>
<StgValue><ssdm name="b_addr"/></StgValue>
</operation>

<operation id="52" st_id="4" stage="1" lat="1">
<core>Cmp</core>
<MemPortIdVec></MemPortIdVec>
<condition id="11">
<or_exp><and_exp></and_exp></or_exp>
</condition>

<Node id="51" bw="1" op_0_bw="2" op_1_bw="2">
<![CDATA[
:13  %exitcond = icmp eq i2 %k, -1

]]></Node>
<StgValue><ssdm name="exitcond"/></StgValue>
</operation>

<operation id="53" st_id="4" stage="1" lat="1">
<core>NULL</core>
<MemPortIdVec></MemPortIdVec>
<condition id="11">
<or_exp><and_exp></and_exp></or_exp>
</condition>

<Node id="52" bw="32" op_0_bw="32" op_1_bw="64" op_2_bw="64" op_3_bw="64">
<![CDATA[
:14  %empty_3 = call i32 (...)* @_ssdm_op_SpecLoopTripCount(i64 3, i64 3, i64 3) nounwind

]]></Node>
<StgValue><ssdm name="empty_3"/></StgValue>
</operation>

<operation id="54" st_id="4" stage="1" lat="1">
<core>AddSub</core>
<MemPortIdVec></MemPortIdVec>
<condition id="11">
<or_exp><and_exp></and_exp></or_exp>
</condition>

<Node id="53" bw="2" op_0_bw="2" op_1_bw="2">
<![CDATA[
:15  %k_1 = add i2 %k, 1

]]></Node>
<StgValue><ssdm name="k_1"/></StgValue>
</operation>

<operation id="55" st_id="4" stage="1" lat="1">
<core>NULL</core>
<MemPortIdVec></MemPortIdVec>
<condition id="11">
<or_exp><and_exp></and_exp></or_exp>
</condition>

<Node id="54" bw="0" op_0_bw="1" op_1_bw="0" op_2_bw="0">
<![CDATA[
:16  br i1 %exitcond, label %7, label %6

]]></Node>
<StgValue><ssdm name=""/></StgValue>
</operation>

<operation id="56" st_id="4" stage="2" lat="2">
<core>RAM</core>
<MemPortIdVec>0 </MemPortIdVec>
<condition id="13">
<or_exp><and_exp><literal name="exitcond" val="0"/>
</and_exp></or_exp>
</condition>

<Node id="57" bw="8" op_0_bw="4">
<![CDATA[
:1  %a_load = load i8* %a_addr, align 1

]]></Node>
<StgValue><ssdm name="a_load"/></StgValue>
</operation>

<operation id="57" st_id="4" stage="2" lat="2">
<core>RAM</core>
<MemPortIdVec>0 </MemPortIdVec>
<condition id="13">
<or_exp><and_exp><literal name="exitcond" val="0"/>
</and_exp></or_exp>
</condition>

<Node id="59" bw="8" op_0_bw="4">
<![CDATA[
:3  %b_load = load i8* %b_addr, align 1

]]></Node>
<StgValue><ssdm name="b_load"/></StgValue>
</operation>

<operation id="58" st_id="4" stage="1" lat="1">
<core>NULL</core>
<MemPortIdVec></MemPortIdVec>
<condition id="15">
<or_exp><and_exp><literal name="exitcond" val="1"/>
</and_exp></or_exp>
</condition>

<Node id="65" bw="32" op_0_bw="32" op_1_bw="0" op_2_bw="32">
<![CDATA[
:0  %empty_4 = call i32 (...)* @_ssdm_op_SpecRegionEnd([4 x i8]* @p_str1, i32 %tmp_5) nounwind

]]></Node>
<StgValue><ssdm name="empty_4"/></StgValue>
</operation>

<operation id="59" st_id="4" stage="1" lat="1">
<core>NULL</core>
<MemPortIdVec></MemPortIdVec>
<condition id="15">
<or_exp><and_exp><literal name="exitcond" val="1"/>
</and_exp></or_exp>
</condition>

<Node id="66" bw="0" op_0_bw="0">
<![CDATA[
:1  br label %3

]]></Node>
<StgValue><ssdm name=""/></StgValue>
</operation>
</state>

<state id="5" st_id="5">

<operation id="60" st_id="5" stage="1" lat="2">
<core>RAM</core>
<MemPortIdVec>0 </MemPortIdVec>
<condition id="16">
<or_exp><and_exp></and_exp></or_exp>
</condition>

<Node id="57" bw="8" op_0_bw="4">
<![CDATA[
:1  %a_load = load i8* %a_addr, align 1

]]></Node>
<StgValue><ssdm name="a_load"/></StgValue>
</operation>

<operation id="61" st_id="5" stage="1" lat="2">
<core>RAM</core>
<MemPortIdVec>0 </MemPortIdVec>
<condition id="16">
<or_exp><and_exp></and_exp></or_exp>
</condition>

<Node id="59" bw="8" op_0_bw="4">
<![CDATA[
:3  %b_load = load i8* %b_addr, align 1

]]></Node>
<StgValue><ssdm name="b_load"/></StgValue>
</operation>
</state>

<state id="6" st_id="6">

<operation id="62" st_id="6" stage="1" lat="1">
<core>NULL</core>
<MemPortIdVec></MemPortIdVec>
<condition id="17">
<or_exp><and_exp></and_exp></or_exp>
</condition>

<Node id="56" bw="0" op_0_bw="0" op_1_bw="0">
<![CDATA[
:0  call void (...)* @_ssdm_op_SpecLoopName([8 x i8]* @p_str2) nounwind

]]></Node>
<StgValue><ssdm name=""/></StgValue>
</operation>

<operation id="63" st_id="6" stage="1" lat="1">
<core>NULL</core>
<MemPortIdVec></MemPortIdVec>
<condition id="17">
<or_exp><and_exp></and_exp></or_exp>
</condition>

<Node id="58" bw="16" op_0_bw="8">
<![CDATA[
:2  %tmp = sext i8 %a_load to i16

]]></Node>
<StgValue><ssdm name="tmp"/></StgValue>
</operation>

<operation id="64" st_id="6" stage="1" lat="1">
<core>NULL</core>
<MemPortIdVec></MemPortIdVec>
<condition id="17">
<or_exp><and_exp></and_exp></or_exp>
</condition>

<Node id="60" bw="16" op_0_bw="8">
<![CDATA[
:4  %tmp_1 = sext i8 %b_load to i16

]]></Node>
<StgValue><ssdm name="tmp_1"/></StgValue>
</operation>

<operation id="65" st_id="6" stage="1" lat="1">
<core>DSP48</core>
<MemPortIdVec></MemPortIdVec>
<condition id="17">
<or_exp><and_exp></and_exp></or_exp>
</condition>

<Node id="61" bw="16" op_0_bw="16" op_1_bw="16">
<![CDATA[
:5  %tmp_2 = mul i16 %tmp_1, %tmp

]]></Node>
<StgValue><ssdm name="tmp_2"/></StgValue>
</operation>

<operation id="66" st_id="6" stage="1" lat="1">
<core>DSP48</core>
<MemPortIdVec></MemPortIdVec>
<condition id="17">
<or_exp><and_exp></and_exp></or_exp>
</condition>

<Node id="62" bw="16" op_0_bw="16" op_1_bw="16">
<![CDATA[
:6  %tmp_3 = add i16 %res_load, %tmp_2

]]></Node>
<StgValue><ssdm name="tmp_3"/></StgValue>
</operation>

<operation id="67" st_id="6" stage="1" lat="1">
<core>NULL</core>
<MemPortIdVec></MemPortIdVec>
<condition id="17">
<or_exp><and_exp></and_exp></or_exp>
</condition>

<Node id="63" bw="0" op_0_bw="0">
<![CDATA[
:7  br label %5

]]></Node>
<StgValue><ssdm name=""/></StgValue>
</operation>
</state>
</state_list>


<ports>
<port id="77" name="a" dir="0" iftype="1">
<core>RAM</core><StgValue><ssdm name="a"/><MemPortTyVec>1 3 </MemPortTyVec>
</StgValue>
</port>
<port id="78" name="b" dir="0" iftype="1">
<core>RAM</core><StgValue><ssdm name="b"/><MemPortTyVec>1 3 </MemPortTyVec>
</StgValue>
</port>
<port id="79" name="res" dir="1" iftype="1">
<core>RAM</core><StgValue><ssdm name="res"/><MemPortTyVec>0 3 </MemPortTyVec>
</StgValue>
</port>
</ports>


<dataflows>
<dataflow id="81" from="_ssdm_op_SpecBitsMap" to="StgValue_7" fromId="80" toId="7">
</dataflow>
<dataflow id="82" from="a" to="StgValue_7" fromId="77" toId="7">
</dataflow>
<dataflow id="83" from="_ssdm_op_SpecBitsMap" to="StgValue_8" fromId="80" toId="8">
</dataflow>
<dataflow id="84" from="b" to="StgValue_8" fromId="78" toId="8">
</dataflow>
<dataflow id="85" from="_ssdm_op_SpecBitsMap" to="StgValue_9" fromId="80" toId="9">
</dataflow>
<dataflow id="86" from="res" to="StgValue_9" fromId="79" toId="9">
</dataflow>
<dataflow id="88" from="_ssdm_op_SpecTopModule" to="StgValue_10" fromId="87" toId="10">
</dataflow>
<dataflow id="90" from="matrixmul_str" to="StgValue_10" fromId="89" toId="10">
</dataflow>
<dataflow id="92" from="StgValue_91" to="i" fromId="91" toId="12">
<condition id="39">
<or_exp><and_exp></and_exp></or_exp>
</condition>
</dataflow>
<dataflow id="93" from="StgValue_11" to="i" fromId="11" toId="12">
</dataflow>
<dataflow id="94" from="i_1" to="i" fromId="19" toId="12">
<BackEdge/>
<condition id="40">
<or_exp><and_exp><literal name="exitcond1" val="1"/>
</and_exp></or_exp>
</condition>
</dataflow>
<dataflow id="95" from="StgValue_38" to="i" fromId="38" toId="12">
<BackEdge/>
</dataflow>
<dataflow id="96" from="i" to="i_cast3_cast" fromId="12" toId="13">
</dataflow>
<dataflow id="98" from="_ssdm_op_BitConcatenate.i4.i2.i2" to="tmp_6" fromId="97" toId="14">
</dataflow>
<dataflow id="99" from="i" to="tmp_6" fromId="12" toId="14">
</dataflow>
<dataflow id="100" from="StgValue_91" to="tmp_6" fromId="91" toId="14">
</dataflow>
<dataflow id="101" from="tmp_6" to="p_shl_cast" fromId="14" toId="15">
</dataflow>
<dataflow id="102" from="p_shl_cast" to="tmp_7" fromId="15" toId="16">
</dataflow>
<dataflow id="103" from="i_cast3_cast" to="tmp_7" fromId="13" toId="16">
</dataflow>
<dataflow id="104" from="i" to="exitcond2" fromId="12" toId="17">
</dataflow>
<dataflow id="106" from="StgValue_105" to="exitcond2" fromId="105" toId="17">
</dataflow>
<dataflow id="108" from="_ssdm_op_SpecLoopTripCount" to="empty" fromId="107" toId="18">
</dataflow>
<dataflow id="110" from="StgValue_109" to="empty" fromId="109" toId="18">
</dataflow>
<dataflow id="111" from="StgValue_109" to="empty" fromId="109" toId="18">
</dataflow>
<dataflow id="112" from="StgValue_109" to="empty" fromId="109" toId="18">
</dataflow>
<dataflow id="113" from="i" to="i_1" fromId="12" toId="19">
</dataflow>
<dataflow id="115" from="StgValue_114" to="i_1" fromId="114" toId="19">
</dataflow>
<dataflow id="116" from="exitcond2" to="StgValue_20" fromId="17" toId="20">
</dataflow>
<dataflow id="118" from="_ssdm_op_SpecLoopName" to="StgValue_21" fromId="117" toId="21">
</dataflow>
<dataflow id="120" from="p_str" to="StgValue_21" fromId="119" toId="21">
</dataflow>
<dataflow id="122" from="_ssdm_op_SpecRegionBegin" to="tmp_4" fromId="121" toId="22">
</dataflow>
<dataflow id="123" from="p_str" to="tmp_4" fromId="119" toId="22">
</dataflow>
<dataflow id="124" from="StgValue_91" to="j" fromId="91" toId="25">
<condition id="41">
<or_exp><and_exp><literal name="exitcond2" val="0"/>
</and_exp></or_exp>
</condition>
</dataflow>
<dataflow id="125" from="StgValue_23" to="j" fromId="23" toId="25">
</dataflow>
<dataflow id="126" from="j_1" to="j" fromId="32" toId="25">
<BackEdge/>
<condition id="42">
<or_exp><and_exp><literal name="exitcond" val="1"/>
</and_exp></or_exp>
</condition>
</dataflow>
<dataflow id="127" from="StgValue_59" to="j" fromId="59" toId="25">
<BackEdge/>
</dataflow>
<dataflow id="128" from="j" to="j_cast2_cast" fromId="25" toId="26">
</dataflow>
<dataflow id="129" from="tmp_7" to="tmp_8" fromId="16" toId="27">
</dataflow>
<dataflow id="130" from="j_cast2_cast" to="tmp_8" fromId="26" toId="27">
</dataflow>
<dataflow id="131" from="tmp_8" to="tmp_8_cast" fromId="27" toId="28">
</dataflow>
<dataflow id="132" from="res" to="res_addr" fromId="79" toId="29">
</dataflow>
<dataflow id="134" from="StgValue_133" to="res_addr" fromId="133" toId="29">
</dataflow>
<dataflow id="135" from="tmp_8_cast" to="res_addr" fromId="28" toId="29">
</dataflow>
<dataflow id="136" from="j" to="exitcond1" fromId="25" toId="30">
</dataflow>
<dataflow id="137" from="StgValue_105" to="exitcond1" fromId="105" toId="30">
</dataflow>
<dataflow id="138" from="_ssdm_op_SpecLoopTripCount" to="empty_2" fromId="107" toId="31">
</dataflow>
<dataflow id="139" from="StgValue_109" to="empty_2" fromId="109" toId="31">
</dataflow>
<dataflow id="140" from="StgValue_109" to="empty_2" fromId="109" toId="31">
</dataflow>
<dataflow id="141" from="StgValue_109" to="empty_2" fromId="109" toId="31">
</dataflow>
<dataflow id="142" from="j" to="j_1" fromId="25" toId="32">
</dataflow>
<dataflow id="143" from="StgValue_114" to="j_1" fromId="114" toId="32">
</dataflow>
<dataflow id="144" from="exitcond1" to="StgValue_33" fromId="30" toId="33">
</dataflow>
<dataflow id="145" from="_ssdm_op_SpecLoopName" to="StgValue_34" fromId="117" toId="34">
</dataflow>
<dataflow id="147" from="p_str1" to="StgValue_34" fromId="146" toId="34">
</dataflow>
<dataflow id="148" from="_ssdm_op_SpecRegionBegin" to="tmp_5" fromId="121" toId="35">
</dataflow>
<dataflow id="149" from="p_str1" to="tmp_5" fromId="146" toId="35">
</dataflow>
<dataflow id="151" from="_ssdm_op_SpecRegionEnd" to="empty_5" fromId="150" toId="37">
</dataflow>
<dataflow id="152" from="p_str" to="empty_5" fromId="119" toId="37">
</dataflow>
<dataflow id="153" from="tmp_4" to="empty_5" fromId="22" toId="37">
</dataflow>
<dataflow id="155" from="StgValue_154" to="res_load" fromId="154" toId="39">
<condition id="43">
<or_exp><and_exp><literal name="exitcond1" val="0"/>
</and_exp></or_exp>
</condition>
</dataflow>
<dataflow id="156" from="StgValue_36" to="res_load" fromId="36" toId="39">
</dataflow>
<dataflow id="157" from="tmp_3" to="res_load" fromId="66" toId="39">
<BackEdge/>
<condition id="44">
<or_exp><and_exp></and_exp></or_exp>
</condition>
</dataflow>
<dataflow id="158" from="StgValue_67" to="res_load" fromId="67" toId="39">
<BackEdge/>
</dataflow>
<dataflow id="159" from="StgValue_91" to="k" fromId="91" toId="40">
<condition id="45">
<or_exp><and_exp><literal name="exitcond1" val="0"/>
</and_exp></or_exp>
</condition>
</dataflow>
<dataflow id="160" from="StgValue_36" to="k" fromId="36" toId="40">
</dataflow>
<dataflow id="161" from="k_1" to="k" fromId="54" toId="40">
<BackEdge/>
<condition id="46">
<or_exp><and_exp></and_exp></or_exp>
</condition>
</dataflow>
<dataflow id="162" from="StgValue_67" to="k" fromId="67" toId="40">
<BackEdge/>
</dataflow>
<dataflow id="163" from="res_load" to="StgValue_41" fromId="39" toId="41">
</dataflow>
<dataflow id="164" from="res_addr" to="StgValue_41" fromId="29" toId="41">
</dataflow>
<dataflow id="165" from="k" to="k_cast1_cast" fromId="40" toId="42">
</dataflow>
<dataflow id="166" from="tmp_7" to="tmp_9" fromId="16" toId="43">
</dataflow>
<dataflow id="167" from="k_cast1_cast" to="tmp_9" fromId="42" toId="43">
</dataflow>
<dataflow id="168" from="tmp_9" to="tmp_9_cast" fromId="43" toId="44">
</dataflow>
<dataflow id="169" from="a" to="a_addr" fromId="77" toId="45">
</dataflow>
<dataflow id="170" from="StgValue_133" to="a_addr" fromId="133" toId="45">
</dataflow>
<dataflow id="171" from="tmp_9_cast" to="a_addr" fromId="44" toId="45">
</dataflow>
<dataflow id="172" from="_ssdm_op_BitConcatenate.i4.i2.i2" to="tmp_s" fromId="97" toId="46">
</dataflow>
<dataflow id="173" from="k" to="tmp_s" fromId="40" toId="46">
</dataflow>
<dataflow id="174" from="StgValue_91" to="tmp_s" fromId="91" toId="46">
</dataflow>
<dataflow id="175" from="tmp_s" to="p_shl1_cast" fromId="46" toId="47">
</dataflow>
<dataflow id="176" from="p_shl1_cast" to="tmp_10" fromId="47" toId="48">
</dataflow>
<dataflow id="177" from="k_cast1_cast" to="tmp_10" fromId="42" toId="48">
</dataflow>
<dataflow id="178" from="tmp_10" to="tmp_11" fromId="48" toId="49">
</dataflow>
<dataflow id="179" from="j_cast2_cast" to="tmp_11" fromId="26" toId="49">
</dataflow>
<dataflow id="180" from="tmp_11" to="tmp_12_cast" fromId="49" toId="50">
</dataflow>
<dataflow id="181" from="b" to="b_addr" fromId="78" toId="51">
</dataflow>
<dataflow id="182" from="StgValue_133" to="b_addr" fromId="133" toId="51">
</dataflow>
<dataflow id="183" from="tmp_12_cast" to="b_addr" fromId="50" toId="51">
</dataflow>
<dataflow id="184" from="k" to="exitcond" fromId="40" toId="52">
</dataflow>
<dataflow id="185" from="StgValue_105" to="exitcond" fromId="105" toId="52">
</dataflow>
<dataflow id="186" from="_ssdm_op_SpecLoopTripCount" to="empty_3" fromId="107" toId="53">
</dataflow>
<dataflow id="187" from="StgValue_109" to="empty_3" fromId="109" toId="53">
</dataflow>
<dataflow id="188" from="StgValue_109" to="empty_3" fromId="109" toId="53">
</dataflow>
<dataflow id="189" from="StgValue_109" to="empty_3" fromId="109" toId="53">
</dataflow>
<dataflow id="190" from="k" to="k_1" fromId="40" toId="54">
</dataflow>
<dataflow id="191" from="StgValue_114" to="k_1" fromId="114" toId="54">
</dataflow>
<dataflow id="192" from="exitcond" to="StgValue_55" fromId="52" toId="55">
</dataflow>
<dataflow id="193" from="a_addr" to="a_load" fromId="45" toId="56">
</dataflow>
<dataflow id="194" from="b_addr" to="b_load" fromId="51" toId="57">
</dataflow>
<dataflow id="195" from="_ssdm_op_SpecRegionEnd" to="empty_4" fromId="150" toId="58">
</dataflow>
<dataflow id="196" from="p_str1" to="empty_4" fromId="146" toId="58">
</dataflow>
<dataflow id="197" from="tmp_5" to="empty_4" fromId="35" toId="58">
</dataflow>
<dataflow id="198" from="a_addr" to="a_load" fromId="45" toId="60">
</dataflow>
<dataflow id="199" from="b_addr" to="b_load" fromId="51" toId="61">
</dataflow>
<dataflow id="200" from="_ssdm_op_SpecLoopName" to="StgValue_62" fromId="117" toId="62">
</dataflow>
<dataflow id="202" from="p_str2" to="StgValue_62" fromId="201" toId="62">
</dataflow>
<dataflow id="203" from="a_load" to="tmp" fromId="60" toId="63">
</dataflow>
<dataflow id="204" from="b_load" to="tmp_1" fromId="61" toId="64">
</dataflow>
<dataflow id="205" from="tmp_1" to="tmp_2" fromId="64" toId="65">
</dataflow>
<dataflow id="206" from="tmp" to="tmp_2" fromId="63" toId="65">
</dataflow>
<dataflow id="207" from="res_load" to="tmp_3" fromId="39" toId="66">
</dataflow>
<dataflow id="208" from="tmp_2" to="tmp_3" fromId="65" toId="66">
</dataflow>
<dataflow id="209" from="exitcond2" to="StgValue_2" fromId="17" toId="2">
</dataflow>
<dataflow id="210" from="exitcond1" to="StgValue_3" fromId="30" toId="3">
</dataflow>
<dataflow id="211" from="exitcond" to="StgValue_4" fromId="52" toId="4">
</dataflow>
</dataflows>


</stg>
