<profile>

<section name = "Vivado HLS Report for 'dct_2d'" level="0">
<item name = "Date">Wed Apr 19 17:56:16 2023
</item>
<item name = "Version">2017.2 (Build 1909853 on Thu Jun 15 18:55:24 MDT 2017)</item>
<item name = "Project">dct.pr</item>
<item name = "Solution">solution1</item>
<item name = "Product family">zynq</item>
<item name = "Target device">xc7z010clg400-1</item>
</section>

<section name = "Performance Estimates" level="0">
<item name = "Timing (ns)">
<section name = "" level="1">
<item name = "Summary"><table name="" hasTotal="0">
<keys size="4">Clock, Target, Estimated, Uncertainty</keys>
<column name="ap_clk">8.00, 6.51, 1.00</column>
</table>
</item>
</section>
</item>
<item name = "Latency (clock cycles)">
<section name = "" level="1">
<item name = "Summary"><table name="" hasTotal="0">
<keys size="6">, min, max, min, max, Type</keys>
<column name="">3668, 3668, 3668, 3668, none</column>
</table>
</item>
<item name = "Detail">
<section name = "" level="1">
<item name = "Instance"><table name="" hasTotal="0">
<keys size="7">Instance, Module, min, max, min, max, Type</keys>
<column name="grp_dct_1d2_fu_169">dct_1d2, 209, 209, 209, 209, none</column>
</table>
</item>
<item name = "Loop"><table name="" hasTotal="0">
<keys size="8">Loop Name, min, max, Latency, achieved, target, Count, Pipelined</keys>
<column name="- Row_DCT_Loop">1688, 1688, 211, -, -, 8, no</column>
<column name="- Xpose_Row_Outer_Loop">144, 144, 18, -, -, 8, no</column>
<column name=" + Xpose_Row_Inner_Loop">16, 16, 2, -, -, 8, no</column>
<column name="- Col_DCT_Loop">1688, 1688, 211, -, -, 8, no</column>
<column name="- Xpose_Col_Outer_Loop">144, 144, 18, -, -, 8, no</column>
<column name=" + Xpose_Col_Inner_Loop">16, 16, 2, -, -, 8, no</column>
</table>
</item>
</section>
</item>
</section>
</item>
</section>

<section name = "Utilization Estimates" level="0">
<item name = "Summary"><table name="" hasTotal="1">
<keys size="5">Name, BRAM_18K, DSP48E, FF, LUT</keys>
<column name="DSP">-, -, -, -</column>
<column name="Expression">-, -, 218, 118</column>
<column name="FIFO">-, -, -, -</column>
<column name="Instance">0, 1, 330, 170</column>
<column name="Memory">3, -, 0, 0</column>
<column name="Multiplexer">-, -, -, 281</column>
<column name="Register">-, -, 88, -</column>
<specialColumn name="Available">120, 80, 35200, 17600</specialColumn>
<specialColumn name="Utilization (%)">2, 1, 1, 3</specialColumn>
</table>
</item>
<item name = "Detail">
<section name = "" level="1">
<item name = "Instance"><table name="" hasTotal="1">
<keys size="6">Instance, Module, BRAM_18K, DSP48E, FF, LUT</keys>
<column name="grp_dct_1d2_fu_169">dct_1d2, 0, 1, 330, 170</column>
</table>
</item>
<item name = "DSP48"><table name="" hasTotal="0">
<keys size="3">Instance, Module, Expression</keys>
</table>
</item>
<item name = "Memory"><table name="" hasTotal="1">
<keys size="9">Memory, Module, BRAM_18K, FF, LUT, Words, Bits, Banks, W*Bits*Banks</keys>
<column name="row_outbuf_U">dct_2d_row_outbuf, 1, 0, 0, 64, 16, 1, 1024</column>
<column name="col_outbuf_U">dct_2d_row_outbuf, 1, 0, 0, 64, 16, 1, 1024</column>
<column name="col_inbuf_U">dct_2d_row_outbuf, 1, 0, 0, 64, 16, 1, 1024</column>
</table>
</item>
<item name = "FIFO"><table name="" hasTotal="1">
<keys size="7">Name, BRAM_18K, FF, LUT, Depth, Bits, Size:D*B</keys>
</table>
</item>
<item name = "Expression"><table name="" hasTotal="1">
<keys size="7">Variable Name, Operation, DSP48E, FF, LUT, Bitwidth P0, Bitwidth P1</keys>
<column name="i_4_fu_190_p2">+, 0, 17, 9, 4, 1</column>
<column name="i_5_fu_278_p2">+, 0, 17, 9, 4, 1</column>
<column name="i_6_fu_266_p2">+, 0, 17, 9, 4, 1</column>
<column name="i_7_fu_354_p2">+, 0, 17, 9, 4, 1</column>
<column name="j_2_fu_218_p2">+, 0, 17, 9, 4, 1</column>
<column name="j_3_fu_306_p2">+, 0, 17, 9, 4, 1</column>
<column name="tmp_10_fu_250_p2">+, 0, 29, 13, 8, 8</column>
<column name="tmp_12_fu_316_p2">+, 0, 29, 13, 8, 8</column>
<column name="tmp_14_fu_338_p2">+, 0, 29, 13, 8, 8</column>
<column name="tmp_6_fu_240_p2">+, 0, 29, 13, 8, 8</column>
<column name="tmp_1_fu_300_p2">icmp, 0, 0, 2, 4, 5</column>
<column name="tmp_2_fu_348_p2">icmp, 0, 0, 2, 4, 5</column>
<column name="tmp_8_fu_212_p2">icmp, 0, 0, 2, 4, 5</column>
<column name="tmp_9_fu_272_p2">icmp, 0, 0, 2, 4, 5</column>
<column name="tmp_fu_184_p2">icmp, 0, 0, 2, 4, 5</column>
<column name="tmp_s_fu_260_p2">icmp, 0, 0, 2, 4, 5</column>
</table>
</item>
<item name = "Multiplexer"><table name="" hasTotal="1">
<keys size="5">Name, LUT, Input Size, Bits, Total Bits</keys>
<column name="ap_NS_fsm">65, 12, 1, 12</column>
<column name="col_inbuf_address0">15, 3, 6, 18</column>
<column name="col_inbuf_ce0">15, 3, 1, 3</column>
<column name="col_outbuf_address0">15, 3, 6, 18</column>
<column name="col_outbuf_ce0">15, 3, 1, 3</column>
<column name="col_outbuf_we0">9, 2, 1, 2</column>
<column name="grp_dct_1d2_fu_169_i_2">15, 3, 4, 12</column>
<column name="grp_dct_1d2_fu_169_i_21">15, 3, 4, 12</column>
<column name="grp_dct_1d2_fu_169_src_q0">15, 3, 16, 48</column>
<column name="i_1_reg_124">9, 2, 4, 8</column>
<column name="i_2_reg_135">9, 2, 4, 8</column>
<column name="i_3_reg_158">9, 2, 4, 8</column>
<column name="i_reg_101">9, 2, 4, 8</column>
<column name="in_block_ce0">9, 2, 1, 2</column>
<column name="j_1_reg_147">9, 2, 4, 8</column>
<column name="j_reg_113">9, 2, 4, 8</column>
<column name="row_outbuf_address0">15, 3, 6, 18</column>
<column name="row_outbuf_ce0">15, 3, 1, 3</column>
<column name="row_outbuf_we0">9, 2, 1, 2</column>
</table>
</item>
<item name = "Register"><table name="" hasTotal="1">
<keys size="5">Name, FF, LUT, Bits, Const Bits</keys>
<column name="ap_CS_fsm">11, 0, 11, 0</column>
<column name="ap_reg_grp_dct_1d2_fu_169_ap_start">1, 0, 1, 0</column>
<column name="col_inbuf_addr_reg_391">6, 0, 6, 0</column>
<column name="i_1_reg_124">4, 0, 4, 0</column>
<column name="i_2_reg_135">4, 0, 4, 0</column>
<column name="i_3_reg_158">4, 0, 4, 0</column>
<column name="i_4_reg_363">4, 0, 4, 0</column>
<column name="i_5_reg_407">4, 0, 4, 0</column>
<column name="i_6_reg_399">4, 0, 4, 0</column>
<column name="i_7_reg_443">4, 0, 4, 0</column>
<column name="i_reg_101">4, 0, 4, 0</column>
<column name="j_1_cast2_cast_reg_412">4, 0, 8, 4</column>
<column name="j_1_reg_147">4, 0, 4, 0</column>
<column name="j_2_reg_381">4, 0, 4, 0</column>
<column name="j_3_reg_425">4, 0, 4, 0</column>
<column name="j_cast5_cast_reg_368">4, 0, 8, 4</column>
<column name="j_reg_113">4, 0, 4, 0</column>
<column name="out_block_addr_reg_430">6, 0, 6, 0</column>
<column name="tmp_14_cast_reg_417">4, 0, 8, 4</column>
<column name="tmp_6_cast_reg_373">4, 0, 8, 4</column>
</table>
</item>
</section>
</item>
</section>

<section name = "Interface" level="0">
<item name = "Summary"><table name="" hasTotal="0">
<keys size="6">RTL Ports, Dir, Bits, Protocol, Source Object, C Type</keys>
<column name="ap_clk">in, 1, ap_ctrl_hs, dct_2d, return value</column>
<column name="ap_rst">in, 1, ap_ctrl_hs, dct_2d, return value</column>
<column name="ap_start">in, 1, ap_ctrl_hs, dct_2d, return value</column>
<column name="ap_done">out, 1, ap_ctrl_hs, dct_2d, return value</column>
<column name="ap_idle">out, 1, ap_ctrl_hs, dct_2d, return value</column>
<column name="ap_ready">out, 1, ap_ctrl_hs, dct_2d, return value</column>
<column name="in_block_address0">out, 6, ap_memory, in_block, array</column>
<column name="in_block_ce0">out, 1, ap_memory, in_block, array</column>
<column name="in_block_q0">in, 16, ap_memory, in_block, array</column>
<column name="out_block_address0">out, 6, ap_memory, out_block, array</column>
<column name="out_block_ce0">out, 1, ap_memory, out_block, array</column>
<column name="out_block_we0">out, 1, ap_memory, out_block, array</column>
<column name="out_block_d0">out, 16, ap_memory, out_block, array</column>
</table>
</item>
</section>
</profile>
