<profile>

<section name = "Vivado HLS Report for 'dct_2d'" level="0">
<item name = "Date">Wed Apr 19 17:56:15 2023
</item>
<item name = "Version">2017.2 (Build 1909853 on Thu Jun 15 18:55:24 MDT 2017)</item>
<item name = "Project">dct.pr</item>
<item name = "Solution">solution1</item>
<item name = "Product family">zynq</item>
<item name = "Target device">xc7z010clg400-1</item>
</section>

<section name = "Performance Estimates" level="0">
<item name = "Timing (ns)">
<section name = "" level="1">
<item name = "Summary"><table name="" hasTotal="0">
<keys size="4">Clock, Target, Estimated, Uncertainty</keys>
<column name="ap_clk">8.00, 6.51, 1.00</column>
</table>
</item>
</section>
</item>
<item name = "Latency (clock cycles)">
<section name = "" level="1">
<item name = "Summary"><table name="" hasTotal="0">
<keys size="6">, min, max, min, max, Type</keys>
<column name="">3668, 3668, 3668, 3668, none</column>
</table>
</item>
<item name = "Detail">
<section name = "" level="1">
<item name = "Instance"><table name="" hasTotal="0">
<keys size="7">Instance, Module, min, max, min, max, Type</keys>
<column name="grp_dct_1d2_fu_169">dct_1d2, 209, 209, 209, 209, none</column>
</table>
</item>
<item name = "Loop"><table name="" hasTotal="0">
<keys size="8">Loop Name, min, max, Latency, achieved, target, Count, Pipelined</keys>
<column name="- Row_DCT_Loop">1688, 1688, 211, -, -, 8, no</column>
<column name="- Xpose_Row_Outer_Loop">144, 144, 18, -, -, 8, no</column>
<column name=" + Xpose_Row_Inner_Loop">16, 16, 2, -, -, 8, no</column>
<column name="- Col_DCT_Loop">1688, 1688, 211, -, -, 8, no</column>
<column name="- Xpose_Col_Outer_Loop">144, 144, 18, -, -, 8, no</column>
<column name=" + Xpose_Col_Inner_Loop">16, 16, 2, -, -, 8, no</column>
</table>
</item>
</section>
</item>
</section>
</item>
</section>
</profile>
