<?xml version="1.0" encoding="UTF-8"?>
<vivadoHLSLog:LogRoot xmlns:vivadoHLSLog="www.xilinx.com/vivadoHLSLog">
  <errorLogs>
    <logs>
      <synLog/>
      <simLog/>
      <mgLog/>
      <packageLog/>
      <csimLog/>
    </logs>
  </errorLogs>
  <warningLogs>
    <logs>
      <synLog/>
      <simLog/>
      <mgLog/>
      <packageLog>
        <logs message="WARNING: [Route 35-198] Port &quot;ap_start&quot; does not have an associated HD.PARTPIN_LOCS, which will prevent the partial routing of the signal &quot;ap_start&quot;. Without this partial route, timing analysis to/from this port will not be accurate, and no routing information for this port can be exported.&#xD;&#xA;Phase 1 Build RT Design | Checksum: 4b514e94&#xD;&#xA;&#xD;&#xA;Time (s): cpu = 00:00:08 ; elapsed = 00:00:09 . Memory (MB): peak = 1039.422 ; gain = 81.879&#xD;&#xA;&#xD;&#xA;Phase 2 Router Initialization&#xD;&#xA;&#xD;&#xA;Phase 2.1 Create Timer&#xD;&#xA;Phase 2.1 Create Timer | Checksum: 4b514e94&#xD;&#xA;&#xD;&#xA;Time (s): cpu = 00:00:08 ; elapsed = 00:00:09 . Memory (MB): peak = 1039.422 ; gain = 81.879&#xD;&#xA;&#xD;&#xA;Phase 2.2 Fix Topology Constraints&#xD;&#xA;Phase 2.2 Fix Topology Constraints | Checksum: 4b514e94&#xD;&#xA;&#xD;&#xA;Time (s): cpu = 00:00:08 ; elapsed = 00:00:09 . Memory (MB): peak = 1043.781 ; gain = 86.238&#xD;&#xA;&#xD;&#xA;Phase 2.3 Pre Route Cleanup&#xD;&#xA;Phase 2.3 Pre Route Cleanup | Checksum: 4b514e94&#xD;&#xA;&#xD;&#xA;Time (s): cpu = 00:00:08 ; elapsed = 00:00:09 . Memory (MB): peak = 1043.781 ; gain = 86.238&#xD;&#xA; Number of Nodes with overlaps = 0&#xD;&#xA;&#xD;&#xA;Phase 2.4 Update Timing&#xD;&#xA;Phase 2.4 Update Timing | Checksum: cfefdca1&#xD;&#xA;&#xD;&#xA;Time (s): cpu = 00:00:08 ; elapsed = 00:00:09 . Memory (MB): peak = 1043.910 ; gain = 86.367" projectName="matrixmul.prj" solutionName="solution1" date="2023-04-12T18:31:09.519+0200" type="Warning"/>
        <logs message="WARNING: [Route 35-198] Port &quot;ap_rst&quot; does not have an associated HD.PARTPIN_LOCS, which will prevent the partial routing of the signal &quot;ap_rst&quot;. Without this partial route, timing analysis to/from this port will not be accurate, and no routing information for this port can be exported." projectName="matrixmul.prj" solutionName="solution1" date="2023-04-12T18:30:59.636+0200" type="Warning"/>
        <logs message="WARNING: [Route 35-198] Port &quot;a_q0[0]&quot; does not have an associated HD.PARTPIN_LOCS, which will prevent the partial routing of the signal &quot;a_q0[0]&quot;. Without this partial route, timing analysis to/from this port will not be accurate, and no routing information for this port can be exported." projectName="matrixmul.prj" solutionName="solution1" date="2023-04-12T18:30:59.621+0200" type="Warning"/>
        <logs message="WARNING: [Route 35-198] Port &quot;a_q0[1]&quot; does not have an associated HD.PARTPIN_LOCS, which will prevent the partial routing of the signal &quot;a_q0[1]&quot;. Without this partial route, timing analysis to/from this port will not be accurate, and no routing information for this port can be exported." projectName="matrixmul.prj" solutionName="solution1" date="2023-04-12T18:30:59.620+0200" type="Warning"/>
        <logs message="WARNING: [Route 35-198] Port &quot;a_q0[2]&quot; does not have an associated HD.PARTPIN_LOCS, which will prevent the partial routing of the signal &quot;a_q0[2]&quot;. Without this partial route, timing analysis to/from this port will not be accurate, and no routing information for this port can be exported." projectName="matrixmul.prj" solutionName="solution1" date="2023-04-12T18:30:59.603+0200" type="Warning"/>
        <logs message="WARNING: [Route 35-198] Port &quot;a_q0[3]&quot; does not have an associated HD.PARTPIN_LOCS, which will prevent the partial routing of the signal &quot;a_q0[3]&quot;. Without this partial route, timing analysis to/from this port will not be accurate, and no routing information for this port can be exported." projectName="matrixmul.prj" solutionName="solution1" date="2023-04-12T18:30:59.587+0200" type="Warning"/>
        <logs message="WARNING: [Route 35-198] Port &quot;a_q0[4]&quot; does not have an associated HD.PARTPIN_LOCS, which will prevent the partial routing of the signal &quot;a_q0[4]&quot;. Without this partial route, timing analysis to/from this port will not be accurate, and no routing information for this port can be exported." projectName="matrixmul.prj" solutionName="solution1" date="2023-04-12T18:30:59.587+0200" type="Warning"/>
        <logs message="WARNING: [Route 35-198] Port &quot;a_q0[5]&quot; does not have an associated HD.PARTPIN_LOCS, which will prevent the partial routing of the signal &quot;a_q0[5]&quot;. Without this partial route, timing analysis to/from this port will not be accurate, and no routing information for this port can be exported." projectName="matrixmul.prj" solutionName="solution1" date="2023-04-12T18:30:59.570+0200" type="Warning"/>
        <logs message="WARNING: [Route 35-198] Port &quot;a_q0[6]&quot; does not have an associated HD.PARTPIN_LOCS, which will prevent the partial routing of the signal &quot;a_q0[6]&quot;. Without this partial route, timing analysis to/from this port will not be accurate, and no routing information for this port can be exported." projectName="matrixmul.prj" solutionName="solution1" date="2023-04-12T18:30:59.553+0200" type="Warning"/>
        <logs message="WARNING: [Route 35-198] Port &quot;a_q0[7]&quot; does not have an associated HD.PARTPIN_LOCS, which will prevent the partial routing of the signal &quot;a_q0[7]&quot;. Without this partial route, timing analysis to/from this port will not be accurate, and no routing information for this port can be exported." projectName="matrixmul.prj" solutionName="solution1" date="2023-04-12T18:30:59.553+0200" type="Warning"/>
        <logs message="WARNING: [Route 35-198] Port &quot;b_q0[0]&quot; does not have an associated HD.PARTPIN_LOCS, which will prevent the partial routing of the signal &quot;b_q0[0]&quot;. Without this partial route, timing analysis to/from this port will not be accurate, and no routing information for this port can be exported." projectName="matrixmul.prj" solutionName="solution1" date="2023-04-12T18:30:59.537+0200" type="Warning"/>
        <logs message="WARNING: [Route 35-198] Port &quot;b_q0[1]&quot; does not have an associated HD.PARTPIN_LOCS, which will prevent the partial routing of the signal &quot;b_q0[1]&quot;. Without this partial route, timing analysis to/from this port will not be accurate, and no routing information for this port can be exported." projectName="matrixmul.prj" solutionName="solution1" date="2023-04-12T18:30:59.537+0200" type="Warning"/>
        <logs message="WARNING: [Route 35-198] Port &quot;b_q0[2]&quot; does not have an associated HD.PARTPIN_LOCS, which will prevent the partial routing of the signal &quot;b_q0[2]&quot;. Without this partial route, timing analysis to/from this port will not be accurate, and no routing information for this port can be exported." projectName="matrixmul.prj" solutionName="solution1" date="2023-04-12T18:30:59.520+0200" type="Warning"/>
        <logs message="WARNING: [Route 35-198] Port &quot;b_q0[3]&quot; does not have an associated HD.PARTPIN_LOCS, which will prevent the partial routing of the signal &quot;b_q0[3]&quot;. Without this partial route, timing analysis to/from this port will not be accurate, and no routing information for this port can be exported." projectName="matrixmul.prj" solutionName="solution1" date="2023-04-12T18:30:59.503+0200" type="Warning"/>
        <logs message="WARNING: [Route 35-198] Port &quot;b_q0[4]&quot; does not have an associated HD.PARTPIN_LOCS, which will prevent the partial routing of the signal &quot;b_q0[4]&quot;. Without this partial route, timing analysis to/from this port will not be accurate, and no routing information for this port can be exported." projectName="matrixmul.prj" solutionName="solution1" date="2023-04-12T18:30:59.503+0200" type="Warning"/>
        <logs message="WARNING: [Route 35-198] Port &quot;b_q0[5]&quot; does not have an associated HD.PARTPIN_LOCS, which will prevent the partial routing of the signal &quot;b_q0[5]&quot;. Without this partial route, timing analysis to/from this port will not be accurate, and no routing information for this port can be exported." projectName="matrixmul.prj" solutionName="solution1" date="2023-04-12T18:30:59.486+0200" type="Warning"/>
        <logs message="WARNING: [Route 35-198] Port &quot;b_q0[6]&quot; does not have an associated HD.PARTPIN_LOCS, which will prevent the partial routing of the signal &quot;b_q0[6]&quot;. Without this partial route, timing analysis to/from this port will not be accurate, and no routing information for this port can be exported." projectName="matrixmul.prj" solutionName="solution1" date="2023-04-12T18:30:59.478+0200" type="Warning"/>
        <logs message="WARNING: [Route 35-198] Port &quot;b_q0[7]&quot; does not have an associated HD.PARTPIN_LOCS, which will prevent the partial routing of the signal &quot;b_q0[7]&quot;. Without this partial route, timing analysis to/from this port will not be accurate, and no routing information for this port can be exported." projectName="matrixmul.prj" solutionName="solution1" date="2023-04-12T18:30:59.462+0200" type="Warning"/>
        <logs message="WARNING: [Synth 8-3936] Found unconnected internal register 'tmp_7_reg_249_reg' and it is trimmed from '5' to '4' bits. [C:/hls/lab1/matrixmul.prj/solution1/impl/vhdl/matrixmul.vhd:215]&#xD;&#xA;---------------------------------------------------------------------------------&#xD;&#xA;Finished Cross Boundary and Area Optimization : Time (s): cpu = 00:00:09 ; elapsed = 00:00:13 . Memory (MB): peak = 665.953 ; gain = 423.145&#xD;&#xA;---------------------------------------------------------------------------------&#xD;&#xA;---------------------------------------------------------------------------------&#xD;&#xA;Start ROM, RAM, DSP and Shift Register Reporting&#xD;&#xA;---------------------------------------------------------------------------------&#xD;&#xA;&#xD;&#xA;DSP: Preliminary Mapping  Report (see note below)&#xD;&#xA;+-----------------------------+-------------+--------+--------+--------+--------+--------+------+------+------+------+-------+------+------+&#xD;&#xA;|Module Name                  | DSP Mapping | A Size | B Size | C Size | D Size | P Size | AREG | BREG | CREG | DREG | ADREG | MREG | PREG | &#xD;&#xA;+-----------------------------+-------------+--------+--------+--------+--------+--------+------+------+------+------+-------+------+------+&#xD;&#xA;|matrixmul_mac_mulbkb_DSP48_0 | C+A*B       | 8      | 8      | 16     | -      | 16     | 0    | 0    | 0    | -    | -     | 0    | 0    | &#xD;&#xA;+-----------------------------+-------------+--------+--------+--------+--------+--------+------+------+------+------+-------+------+------+&#xD;&#xA;&#xD;&#xA;Note: The table above is a preliminary report that shows the DSPs inferred at the current stage of the synthesis flow. Some DSP may be reimplemented as non DSP primitives later in the synthesis flow. Multiple instantiated DSPs are reported only once.&#xD;&#xA;---------------------------------------------------------------------------------&#xD;&#xA;Finished ROM, RAM, DSP and Shift Register Reporting&#xD;&#xA;---------------------------------------------------------------------------------&#xD;&#xA;&#xD;&#xA;Report RTL Partitions: &#xD;&#xA;+-+--------------+------------+----------+&#xD;&#xA;| |RTL Partition |Replication |Instances |&#xD;&#xA;+-+--------------+------------+----------+&#xD;&#xA;+-+--------------+------------+----------+&#xD;&#xA;---------------------------------------------------------------------------------&#xD;&#xA;Start Applying XDC Timing Constraints&#xD;&#xA;---------------------------------------------------------------------------------&#xD;&#xA;---------------------------------------------------------------------------------&#xD;&#xA;Finished Applying XDC Timing Constraints : Time (s): cpu = 00:00:19 ; elapsed = 00:00:24 . Memory (MB): peak = 667.520 ; gain = 424.711&#xD;&#xA;---------------------------------------------------------------------------------&#xD;&#xA;---------------------------------------------------------------------------------&#xD;&#xA;Start Timing Optimization&#xD;&#xA;---------------------------------------------------------------------------------&#xD;&#xA;---------------------------------------------------------------------------------&#xD;&#xA;Finished Timing Optimization : Time (s): cpu = 00:00:19 ; elapsed = 00:00:25 . Memory (MB): peak = 677.668 ; gain = 434.859&#xD;&#xA;---------------------------------------------------------------------------------&#xD;&#xA;&#xD;&#xA;Report RTL Partitions: &#xD;&#xA;+-+--------------+------------+----------+&#xD;&#xA;| |RTL Partition |Replication |Instances |&#xD;&#xA;+-+--------------+------------+----------+&#xD;&#xA;+-+--------------+------------+----------+&#xD;&#xA;---------------------------------------------------------------------------------&#xD;&#xA;Start Technology Mapping&#xD;&#xA;---------------------------------------------------------------------------------" projectName="matrixmul.prj" solutionName="solution1" date="2023-04-12T18:30:14.253+0200" type="Warning"/>
        <logs message="WARNING: [Synth 8-6014] Unused sequential element res_we0_reg was removed.  [C:/hls/lab1/matrixmul.prj/solution1/impl/vhdl/matrixmul.vhd:359]" projectName="matrixmul.prj" solutionName="solution1" date="2023-04-12T18:29:49.219+0200" type="Warning"/>
        <logs message="WARNING: [Synth 8-6014] Unused sequential element res_ce0_reg was removed.  [C:/hls/lab1/matrixmul.prj/solution1/impl/vhdl/matrixmul.vhd:348]" projectName="matrixmul.prj" solutionName="solution1" date="2023-04-12T18:29:49.202+0200" type="Warning"/>
        <logs message="WARNING: [Synth 8-6014] Unused sequential element b_ce0_reg was removed.  [C:/hls/lab1/matrixmul.prj/solution1/impl/vhdl/matrixmul.vhd:326]" projectName="matrixmul.prj" solutionName="solution1" date="2023-04-12T18:29:49.202+0200" type="Warning"/>
        <logs message="WARNING: [Synth 8-6014] Unused sequential element ap_ready_reg was removed.  [C:/hls/lab1/matrixmul.prj/solution1/impl/vhdl/matrixmul.vhd:315]" projectName="matrixmul.prj" solutionName="solution1" date="2023-04-12T18:29:49.186+0200" type="Warning"/>
        <logs message="WARNING: [Synth 8-5974] attribute &quot;use_dsp48&quot; has been deprecated, please use &quot;use_dsp&quot; instead " projectName="matrixmul.prj" solutionName="solution1" date="2023-04-12T18:29:49.168+0200" type="Warning"/>
      </packageLog>
      <csimLog/>
    </logs>
  </warningLogs>
</vivadoHLSLog:LogRoot>
