<stg><name>fir</name>


<trans_list>

<trans id="57" from="1" to="2">
<condition id="18">
<or_exp><and_exp></and_exp></or_exp>
</condition>
</trans>

<trans id="58" from="2" to="3">
<condition id="19">
<or_exp><and_exp></and_exp></or_exp>
</condition>
</trans>

<trans id="59" from="3" to="4">
<condition id="20">
<or_exp><and_exp></and_exp></or_exp>
</condition>
</trans>

<trans id="60" from="4" to="5">
<condition id="22">
<or_exp><and_exp></and_exp></or_exp>
</condition>
</trans>

<trans id="69" from="5" to="8">
<condition id="30">
<or_exp><and_exp><literal name="tmp_3" val="1"/>
</and_exp></or_exp>
</condition>
</trans>

<trans id="70" from="5" to="6">
<condition id="33">
<or_exp><and_exp><literal name="tmp_3" val="0"/>
</and_exp></or_exp>
</condition>
</trans>

<trans id="67" from="6" to="7">
<condition id="31">
<or_exp><and_exp></and_exp></or_exp>
</condition>
</trans>

<trans id="68" from="7" to="5">
<condition id="32">
<or_exp><and_exp></and_exp></or_exp>
</condition>
</trans>
</trans_list>



<state_list>

<state id="1" st_id="1">

<operation id="9" st_id="1" stage="2" lat="2">
<core>RAM</core>
<MemPortIdVec>0 </MemPortIdVec>
<condition id="13">
<or_exp><and_exp></and_exp></or_exp>
</condition>

<Node id="12" bw="16" op_0_bw="16">
<![CDATA[
:7  %shift_reg_load = load i16* getelementptr inbounds ([58 x i16]* @shift_reg, i32 0, i32 57), align 2

]]></Node>
<StgValue><ssdm name="shift_reg_load"/></StgValue>
</operation>
</state>

<state id="2" st_id="2">

<operation id="10" st_id="2" stage="1" lat="2">
<core>RAM</core>
<MemPortIdVec>0 </MemPortIdVec>
<condition id="14">
<or_exp><and_exp></and_exp></or_exp>
</condition>

<Node id="12" bw="16" op_0_bw="16">
<![CDATA[
:7  %shift_reg_load = load i16* getelementptr inbounds ([58 x i16]* @shift_reg, i32 0, i32 57), align 2

]]></Node>
<StgValue><ssdm name="shift_reg_load"/></StgValue>
</operation>
</state>

<state id="3" st_id="3">

<operation id="11" st_id="3" stage="1" lat="1">
<core>NULL</core>
<MemPortIdVec></MemPortIdVec>
<condition id="15">
<or_exp><and_exp></and_exp></or_exp>
</condition>

<Node id="13" bw="26" op_0_bw="16">
<![CDATA[
:8  %tmp_1_cast = sext i16 %shift_reg_load to i26

]]></Node>
<StgValue><ssdm name="tmp_1_cast"/></StgValue>
</operation>

<operation id="12" st_id="3" stage="1" lat="1">
<core>DSP48</core>
<MemPortIdVec></MemPortIdVec>
<condition id="15">
<or_exp><and_exp></and_exp></or_exp>
</condition>

<Node id="14" bw="26" op_0_bw="26" op_1_bw="26">
<![CDATA[
:9  %acc = mul i26 %tmp_1_cast, -378

]]></Node>
<StgValue><ssdm name="acc"/></StgValue>
</operation>
</state>

<state id="4" st_id="4">

<operation id="13" st_id="4" stage="1" lat="1">
<core>NULL</core>
<MemPortIdVec></MemPortIdVec>
<condition id="16">
<or_exp><and_exp></and_exp></or_exp>
</condition>

<Node id="5" bw="0" op_0_bw="0" op_1_bw="16">
<![CDATA[
:0  call void (...)* @_ssdm_op_SpecBitsMap(i16* %y) nounwind, !map !7

]]></Node>
<StgValue><ssdm name=""/></StgValue>
</operation>

<operation id="14" st_id="4" stage="1" lat="1">
<core>NULL</core>
<MemPortIdVec></MemPortIdVec>
<condition id="16">
<or_exp><and_exp></and_exp></or_exp>
</condition>

<Node id="6" bw="0" op_0_bw="0" op_1_bw="16">
<![CDATA[
:1  call void (...)* @_ssdm_op_SpecBitsMap(i16 %x) nounwind, !map !13

]]></Node>
<StgValue><ssdm name=""/></StgValue>
</operation>

<operation id="15" st_id="4" stage="1" lat="1">
<core>NULL</core>
<MemPortIdVec></MemPortIdVec>
<condition id="16">
<or_exp><and_exp></and_exp></or_exp>
</condition>

<Node id="7" bw="0" op_0_bw="0" op_1_bw="0">
<![CDATA[
:2  call void (...)* @_ssdm_op_SpecTopModule([4 x i8]* @fir_str) nounwind

]]></Node>
<StgValue><ssdm name=""/></StgValue>
</operation>

<operation id="16" st_id="4" stage="1" lat="1">
<core>s_axilite</core>
<MemPortIdVec></MemPortIdVec>
<condition id="16">
<or_exp><and_exp></and_exp></or_exp>
</condition>

<Node id="8" bw="16" op_0_bw="16" op_1_bw="16">
<![CDATA[
:3  %x_read = call i16 @_ssdm_op_Read.s_axilite.i16(i16 %x) nounwind

]]></Node>
<StgValue><ssdm name="x_read"/></StgValue>
</operation>

<operation id="17" st_id="4" stage="1" lat="1">
<core>NULL</core>
<MemPortIdVec></MemPortIdVec>
<condition id="16">
<or_exp><and_exp></and_exp></or_exp>
</condition>

<Node id="9" bw="0" op_0_bw="0" op_1_bw="32" op_2_bw="0" op_3_bw="32" op_4_bw="32" op_5_bw="0" op_6_bw="32" op_7_bw="32" op_8_bw="0" op_9_bw="0" op_10_bw="0" op_11_bw="32" op_12_bw="32" op_13_bw="32" op_14_bw="32" op_15_bw="0" op_16_bw="0">
<![CDATA[
:4  call void (...)* @_ssdm_op_SpecInterface(i32 0, [10 x i8]* @p_str, i32 0, i32 0, [1 x i8]* @p_str1, i32 0, i32 0, [7 x i8]* @p_str2, [1 x i8]* @p_str1, [1 x i8]* @p_str1, i32 0, i32 0, i32 0, i32 0, [1 x i8]* @p_str1, [1 x i8]* @p_str1) nounwind

]]></Node>
<StgValue><ssdm name=""/></StgValue>
</operation>

<operation id="18" st_id="4" stage="1" lat="1">
<core>NULL</core>
<MemPortIdVec></MemPortIdVec>
<condition id="16">
<or_exp><and_exp></and_exp></or_exp>
</condition>

<Node id="10" bw="0" op_0_bw="0" op_1_bw="16" op_2_bw="0" op_3_bw="32" op_4_bw="32" op_5_bw="0" op_6_bw="32" op_7_bw="32" op_8_bw="0" op_9_bw="0" op_10_bw="0" op_11_bw="32" op_12_bw="32" op_13_bw="32" op_14_bw="32" op_15_bw="0" op_16_bw="0">
<![CDATA[
:5  call void (...)* @_ssdm_op_SpecInterface(i16* %y, [10 x i8]* @p_str, i32 0, i32 0, [1 x i8]* @p_str1, i32 0, i32 0, [7 x i8]* @p_str2, [1 x i8]* @p_str1, [1 x i8]* @p_str1, i32 0, i32 0, i32 0, i32 0, [1 x i8]* @p_str1, [1 x i8]* @p_str1) nounwind

]]></Node>
<StgValue><ssdm name=""/></StgValue>
</operation>

<operation id="19" st_id="4" stage="1" lat="1">
<core>NULL</core>
<MemPortIdVec></MemPortIdVec>
<condition id="16">
<or_exp><and_exp></and_exp></or_exp>
</condition>

<Node id="11" bw="0" op_0_bw="0" op_1_bw="16" op_2_bw="0" op_3_bw="32" op_4_bw="32" op_5_bw="0" op_6_bw="32" op_7_bw="32" op_8_bw="0" op_9_bw="0" op_10_bw="0" op_11_bw="32" op_12_bw="32" op_13_bw="32" op_14_bw="32" op_15_bw="0" op_16_bw="0">
<![CDATA[
:6  call void (...)* @_ssdm_op_SpecInterface(i16 %x, [10 x i8]* @p_str, i32 0, i32 0, [1 x i8]* @p_str1, i32 0, i32 0, [7 x i8]* @p_str2, [1 x i8]* @p_str1, [1 x i8]* @p_str1, i32 0, i32 0, i32 0, i32 0, [1 x i8]* @p_str1, [1 x i8]* @p_str1) nounwind

]]></Node>
<StgValue><ssdm name=""/></StgValue>
</operation>

<operation id="20" st_id="4" stage="1" lat="1">
<core>NULL</core>
<MemPortIdVec></MemPortIdVec>
<condition id="16">
<or_exp><and_exp></and_exp></or_exp>
</condition>

<Node id="15" bw="37" op_0_bw="26">
<![CDATA[
:10  %acc_cast = sext i26 %acc to i37

]]></Node>
<StgValue><ssdm name="acc_cast"/></StgValue>
</operation>

<operation id="21" st_id="4" stage="1" lat="1">
<core>NULL</core>
<MemPortIdVec></MemPortIdVec>
<condition id="16">
<or_exp><and_exp></and_exp></or_exp>
</condition>

<Node id="16" bw="0" op_0_bw="0">
<![CDATA[
:11  br label %1

]]></Node>
<StgValue><ssdm name=""/></StgValue>
</operation>
</state>

<state id="5" st_id="5">

<operation id="22" st_id="5" stage="1" lat="1">
<core>NULL</core>
<MemPortIdVec></MemPortIdVec>
<condition id="-1">
<or_exp><and_exp></and_exp></or_exp>
</condition>

<Node id="18" bw="37" op_0_bw="37" op_1_bw="0">
<![CDATA[
:0  %acc1 = phi i37 [ %acc_cast, %0 ], [ %acc_2, %2 ]

]]></Node>
<StgValue><ssdm name="acc1"/></StgValue>
</operation>

<operation id="23" st_id="5" stage="1" lat="1">
<core>NULL</core>
<MemPortIdVec></MemPortIdVec>
<condition id="-1">
<or_exp><and_exp></and_exp></or_exp>
</condition>

<Node id="19" bw="6" op_0_bw="6" op_1_bw="0">
<![CDATA[
:1  %i = phi i6 [ -7, %0 ], [ %i_1, %2 ]

]]></Node>
<StgValue><ssdm name="i"/></StgValue>
</operation>

<operation id="24" st_id="5" stage="1" lat="1">
<core>Cmp</core>
<MemPortIdVec></MemPortIdVec>
<condition id="-1">
<or_exp><and_exp></and_exp></or_exp>
</condition>

<Node id="20" bw="1" op_0_bw="6" op_1_bw="6">
<![CDATA[
:2  %tmp_3 = icmp eq i6 %i, 0

]]></Node>
<StgValue><ssdm name="tmp_3"/></StgValue>
</operation>

<operation id="25" st_id="5" stage="1" lat="1">
<core>NULL</core>
<MemPortIdVec></MemPortIdVec>
<condition id="-1">
<or_exp><and_exp></and_exp></or_exp>
</condition>

<Node id="21" bw="0" op_0_bw="1" op_1_bw="0" op_2_bw="0">
<![CDATA[
:3  br i1 %tmp_3, label %3, label %2

]]></Node>
<StgValue><ssdm name=""/></StgValue>
</operation>

<operation id="26" st_id="5" stage="1" lat="1">
<core>NULL</core>
<MemPortIdVec></MemPortIdVec>
<condition id="0">
<or_exp><and_exp><literal name="tmp_3" val="0"/>
</and_exp></or_exp>
</condition>

<Node id="23" bw="32" op_0_bw="6">
<![CDATA[
:0  %i_cast1 = zext i6 %i to i32

]]></Node>
<StgValue><ssdm name="i_cast1"/></StgValue>
</operation>

<operation id="27" st_id="5" stage="1" lat="1">
<core>AddSub</core>
<MemPortIdVec></MemPortIdVec>
<condition id="0">
<or_exp><and_exp><literal name="tmp_3" val="0"/>
</and_exp></or_exp>
</condition>

<Node id="28" bw="6" op_0_bw="6" op_1_bw="6">
<![CDATA[
:5  %i_1 = add i6 %i, -1

]]></Node>
<StgValue><ssdm name="i_1"/></StgValue>
</operation>

<operation id="28" st_id="5" stage="1" lat="1">
<core>NULL</core>
<MemPortIdVec></MemPortIdVec>
<condition id="0">
<or_exp><and_exp><literal name="tmp_3" val="0"/>
</and_exp></or_exp>
</condition>

<Node id="29" bw="32" op_0_bw="6">
<![CDATA[
:6  %i_1_cast = zext i6 %i_1 to i32

]]></Node>
<StgValue><ssdm name="i_1_cast"/></StgValue>
</operation>

<operation id="29" st_id="5" stage="1" lat="1">
<core>NULL</core>
<MemPortIdVec></MemPortIdVec>
<condition id="0">
<or_exp><and_exp><literal name="tmp_3" val="0"/>
</and_exp></or_exp>
</condition>

<Node id="30" bw="6" op_0_bw="16" op_1_bw="32" op_2_bw="32">
<![CDATA[
:7  %shift_reg_addr = getelementptr inbounds [58 x i16]* @shift_reg, i32 0, i32 %i_1_cast

]]></Node>
<StgValue><ssdm name="shift_reg_addr"/></StgValue>
</operation>

<operation id="30" st_id="5" stage="2" lat="2">
<core>RAM</core>
<MemPortIdVec>0 </MemPortIdVec>
<condition id="0">
<or_exp><and_exp><literal name="tmp_3" val="0"/>
</and_exp></or_exp>
</condition>

<Node id="31" bw="16" op_0_bw="6">
<![CDATA[
:8  %shift_reg_load_1 = load i16* %shift_reg_addr, align 2

]]></Node>
<StgValue><ssdm name="shift_reg_load_1"/></StgValue>
</operation>

<operation id="31" st_id="5" stage="1" lat="1">
<core>NULL</core>
<MemPortIdVec></MemPortIdVec>
<condition id="0">
<or_exp><and_exp><literal name="tmp_3" val="0"/>
</and_exp></or_exp>
</condition>

<Node id="33" bw="6" op_0_bw="16" op_1_bw="32" op_2_bw="32">
<![CDATA[
:10  %c_addr = getelementptr inbounds [59 x i16]* @c, i32 0, i32 %i_cast1

]]></Node>
<StgValue><ssdm name="c_addr"/></StgValue>
</operation>

<operation id="32" st_id="5" stage="2" lat="2">
<core>ROM_nP</core>
<MemPortIdVec>0 </MemPortIdVec>
<condition id="0">
<or_exp><and_exp><literal name="tmp_3" val="0"/>
</and_exp></or_exp>
</condition>

<Node id="34" bw="16" op_0_bw="6">
<![CDATA[
:11  %c_load = load i16* %c_addr, align 2

]]></Node>
<StgValue><ssdm name="c_load"/></StgValue>
</operation>
</state>

<state id="6" st_id="6">

<operation id="33" st_id="6" stage="1" lat="2">
<core>RAM</core>
<MemPortIdVec>0 </MemPortIdVec>
<condition id="0">
<or_exp><and_exp><literal name="tmp_3" val="0"/>
</and_exp></or_exp>
</condition>

<Node id="31" bw="16" op_0_bw="6">
<![CDATA[
:8  %shift_reg_load_1 = load i16* %shift_reg_addr, align 2

]]></Node>
<StgValue><ssdm name="shift_reg_load_1"/></StgValue>
</operation>

<operation id="34" st_id="6" stage="1" lat="2">
<core>ROM_nP</core>
<MemPortIdVec>0 </MemPortIdVec>
<condition id="0">
<or_exp><and_exp><literal name="tmp_3" val="0"/>
</and_exp></or_exp>
</condition>

<Node id="34" bw="16" op_0_bw="6">
<![CDATA[
:11  %c_load = load i16* %c_addr, align 2

]]></Node>
<StgValue><ssdm name="c_load"/></StgValue>
</operation>

<operation id="35" st_id="6" stage="1" lat="1">
<core>NULL</core>
<MemPortIdVec></MemPortIdVec>
<condition id="0">
<or_exp><and_exp><literal name="tmp_3" val="0"/>
</and_exp></or_exp>
</condition>

<Node id="39" bw="6" op_0_bw="16" op_1_bw="32" op_2_bw="32">
<![CDATA[
:16  %shift_reg_addr_1 = getelementptr inbounds [58 x i16]* @shift_reg, i32 0, i32 %i_cast1

]]></Node>
<StgValue><ssdm name="shift_reg_addr_1"/></StgValue>
</operation>

<operation id="36" st_id="6" stage="1" lat="1">
<core>RAM</core>
<MemPortIdVec>1 </MemPortIdVec>
<condition id="0">
<or_exp><and_exp><literal name="tmp_3" val="0"/>
</and_exp></or_exp>
</condition>

<Node id="40" bw="0" op_0_bw="16" op_1_bw="6">
<![CDATA[
:17  store i16 %shift_reg_load_1, i16* %shift_reg_addr_1, align 2

]]></Node>
<StgValue><ssdm name=""/></StgValue>
</operation>
</state>

<state id="7" st_id="7">

<operation id="37" st_id="7" stage="1" lat="1">
<core>NULL</core>
<MemPortIdVec></MemPortIdVec>
<condition id="0">
<or_exp><and_exp><literal name="tmp_3" val="0"/>
</and_exp></or_exp>
</condition>

<Node id="24" bw="32" op_0_bw="32" op_1_bw="64" op_2_bw="64" op_3_bw="64">
<![CDATA[
:1  %empty = call i32 (...)* @_ssdm_op_SpecLoopTripCount(i64 57, i64 57, i64 57) nounwind

]]></Node>
<StgValue><ssdm name="empty"/></StgValue>
</operation>

<operation id="38" st_id="7" stage="1" lat="1">
<core>NULL</core>
<MemPortIdVec></MemPortIdVec>
<condition id="0">
<or_exp><and_exp><literal name="tmp_3" val="0"/>
</and_exp></or_exp>
</condition>

<Node id="25" bw="0" op_0_bw="0" op_1_bw="0">
<![CDATA[
:2  call void (...)* @_ssdm_op_SpecLoopName([5 x i8]* @p_str3) nounwind

]]></Node>
<StgValue><ssdm name=""/></StgValue>
</operation>

<operation id="39" st_id="7" stage="1" lat="1">
<core>NULL</core>
<MemPortIdVec></MemPortIdVec>
<condition id="0">
<or_exp><and_exp><literal name="tmp_3" val="0"/>
</and_exp></or_exp>
</condition>

<Node id="26" bw="32" op_0_bw="32" op_1_bw="0">
<![CDATA[
:3  %tmp = call i32 (...)* @_ssdm_op_SpecRegionBegin([5 x i8]* @p_str3) nounwind

]]></Node>
<StgValue><ssdm name="tmp"/></StgValue>
</operation>

<operation id="40" st_id="7" stage="1" lat="1">
<core>NULL</core>
<MemPortIdVec></MemPortIdVec>
<condition id="0">
<or_exp><and_exp><literal name="tmp_3" val="0"/>
</and_exp></or_exp>
</condition>

<Node id="27" bw="0" op_0_bw="0" op_1_bw="32" op_2_bw="32" op_3_bw="32" op_4_bw="32" op_5_bw="0">
<![CDATA[
:4  call void (...)* @_ssdm_op_SpecPipeline(i32 -1, i32 1, i32 1, i32 0, [1 x i8]* @p_str1) nounwind

]]></Node>
<StgValue><ssdm name=""/></StgValue>
</operation>

<operation id="41" st_id="7" stage="1" lat="1">
<core>NULL</core>
<MemPortIdVec></MemPortIdVec>
<condition id="0">
<or_exp><and_exp><literal name="tmp_3" val="0"/>
</and_exp></or_exp>
</condition>

<Node id="32" bw="32" op_0_bw="16">
<![CDATA[
:9  %tmp_cast = sext i16 %shift_reg_load_1 to i32

]]></Node>
<StgValue><ssdm name="tmp_cast"/></StgValue>
</operation>

<operation id="42" st_id="7" stage="1" lat="1">
<core>NULL</core>
<MemPortIdVec></MemPortIdVec>
<condition id="0">
<or_exp><and_exp><literal name="tmp_3" val="0"/>
</and_exp></or_exp>
</condition>

<Node id="35" bw="32" op_0_bw="16">
<![CDATA[
:12  %tmp_2_cast = sext i16 %c_load to i32

]]></Node>
<StgValue><ssdm name="tmp_2_cast"/></StgValue>
</operation>

<operation id="43" st_id="7" stage="1" lat="1">
<core>DSP48</core>
<MemPortIdVec></MemPortIdVec>
<condition id="0">
<or_exp><and_exp><literal name="tmp_3" val="0"/>
</and_exp></or_exp>
</condition>

<Node id="36" bw="32" op_0_bw="32" op_1_bw="32">
<![CDATA[
:13  %tmp_6 = mul i32 %tmp_2_cast, %tmp_cast

]]></Node>
<StgValue><ssdm name="tmp_6"/></StgValue>
</operation>

<operation id="44" st_id="7" stage="1" lat="1">
<core>NULL</core>
<MemPortIdVec></MemPortIdVec>
<condition id="0">
<or_exp><and_exp><literal name="tmp_3" val="0"/>
</and_exp></or_exp>
</condition>

<Node id="37" bw="37" op_0_bw="32">
<![CDATA[
:14  %tmp_6_cast = sext i32 %tmp_6 to i37

]]></Node>
<StgValue><ssdm name="tmp_6_cast"/></StgValue>
</operation>

<operation id="45" st_id="7" stage="1" lat="1">
<core>DSP48</core>
<MemPortIdVec></MemPortIdVec>
<condition id="0">
<or_exp><and_exp><literal name="tmp_3" val="0"/>
</and_exp></or_exp>
</condition>

<Node id="38" bw="37" op_0_bw="37" op_1_bw="37">
<![CDATA[
:15  %acc_2 = add i37 %tmp_6_cast, %acc1

]]></Node>
<StgValue><ssdm name="acc_2"/></StgValue>
</operation>

<operation id="46" st_id="7" stage="1" lat="1">
<core>NULL</core>
<MemPortIdVec></MemPortIdVec>
<condition id="0">
<or_exp><and_exp><literal name="tmp_3" val="0"/>
</and_exp></or_exp>
</condition>

<Node id="41" bw="32" op_0_bw="32" op_1_bw="0" op_2_bw="32">
<![CDATA[
:18  %empty_4 = call i32 (...)* @_ssdm_op_SpecRegionEnd([5 x i8]* @p_str3, i32 %tmp) nounwind

]]></Node>
<StgValue><ssdm name="empty_4"/></StgValue>
</operation>

<operation id="47" st_id="7" stage="1" lat="1">
<core>NULL</core>
<MemPortIdVec></MemPortIdVec>
<condition id="0">
<or_exp><and_exp><literal name="tmp_3" val="0"/>
</and_exp></or_exp>
</condition>

<Node id="42" bw="0" op_0_bw="0">
<![CDATA[
:19  br label %1

]]></Node>
<StgValue><ssdm name=""/></StgValue>
</operation>
</state>

<state id="8" st_id="8">

<operation id="48" st_id="8" stage="1" lat="1">
<core>NULL</core>
<MemPortIdVec></MemPortIdVec>
<condition id="17">
<or_exp><and_exp></and_exp></or_exp>
</condition>

<Node id="44" bw="31" op_0_bw="37">
<![CDATA[
:0  %tmp_1 = trunc i37 %acc1 to i31

]]></Node>
<StgValue><ssdm name="tmp_1"/></StgValue>
</operation>

<operation id="49" st_id="8" stage="1" lat="1">
<core>NULL</core>
<MemPortIdVec></MemPortIdVec>
<condition id="17">
<or_exp><and_exp></and_exp></or_exp>
</condition>

<Node id="45" bw="26" op_0_bw="16">
<![CDATA[
:1  %tmp_4_cast = sext i16 %x_read to i26

]]></Node>
<StgValue><ssdm name="tmp_4_cast"/></StgValue>
</operation>

<operation id="50" st_id="8" stage="1" lat="1">
<core>DSP48</core>
<MemPortIdVec></MemPortIdVec>
<condition id="17">
<or_exp><and_exp></and_exp></or_exp>
</condition>

<Node id="46" bw="26" op_0_bw="26" op_1_bw="26">
<![CDATA[
:2  %tmp_5 = mul i26 -378, %tmp_4_cast

]]></Node>
<StgValue><ssdm name="tmp_5"/></StgValue>
</operation>

<operation id="51" st_id="8" stage="1" lat="1">
<core>NULL</core>
<MemPortIdVec></MemPortIdVec>
<condition id="17">
<or_exp><and_exp></and_exp></or_exp>
</condition>

<Node id="47" bw="31" op_0_bw="26">
<![CDATA[
:3  %tmp_5_cast = sext i26 %tmp_5 to i31

]]></Node>
<StgValue><ssdm name="tmp_5_cast"/></StgValue>
</operation>

<operation id="52" st_id="8" stage="1" lat="1">
<core>DSP48</core>
<MemPortIdVec></MemPortIdVec>
<condition id="17">
<or_exp><and_exp></and_exp></or_exp>
</condition>

<Node id="48" bw="31" op_0_bw="31" op_1_bw="31">
<![CDATA[
:4  %acc_1 = add i31 %tmp_5_cast, %tmp_1

]]></Node>
<StgValue><ssdm name="acc_1"/></StgValue>
</operation>

<operation id="53" st_id="8" stage="1" lat="1">
<core>RAM</core>
<MemPortIdVec>1 </MemPortIdVec>
<condition id="17">
<or_exp><and_exp></and_exp></or_exp>
</condition>

<Node id="49" bw="0" op_0_bw="16" op_1_bw="16">
<![CDATA[
:5  store i16 %x_read, i16* getelementptr inbounds ([58 x i16]* @shift_reg, i32 0, i32 0), align 2

]]></Node>
<StgValue><ssdm name=""/></StgValue>
</operation>

<operation id="54" st_id="8" stage="1" lat="1">
<core>NULL</core>
<MemPortIdVec></MemPortIdVec>
<condition id="17">
<or_exp><and_exp></and_exp></or_exp>
</condition>

<Node id="50" bw="16" op_0_bw="16" op_1_bw="31" op_2_bw="32" op_3_bw="32">
<![CDATA[
:6  %tmp_8 = call i16 @_ssdm_op_PartSelect.i16.i31.i32.i32(i31 %acc_1, i32 15, i32 30)

]]></Node>
<StgValue><ssdm name="tmp_8"/></StgValue>
</operation>

<operation id="55" st_id="8" stage="1" lat="1">
<core>s_axilite</core>
<MemPortIdVec></MemPortIdVec>
<condition id="17">
<or_exp><and_exp></and_exp></or_exp>
</condition>

<Node id="51" bw="0" op_0_bw="0" op_1_bw="16" op_2_bw="16">
<![CDATA[
:7  call void @_ssdm_op_Write.s_axilite.i16P(i16* %y, i16 %tmp_8) nounwind

]]></Node>
<StgValue><ssdm name=""/></StgValue>
</operation>

<operation id="56" st_id="8" stage="1" lat="1">
<core>NULL</core>
<MemPortIdVec></MemPortIdVec>
<condition id="17">
<or_exp><and_exp></and_exp></or_exp>
</condition>

<Node id="52" bw="0">
<![CDATA[
:8  ret void

]]></Node>
<StgValue><ssdm name=""/></StgValue>
</operation>
</state>
</state_list>


<ports>
<port id="71" name="y" dir="1" iftype="0">
<core>NULL</core><StgValue><ssdm name="y"/></StgValue>
</port>
<port id="72" name="x" dir="0" iftype="0">
<core>NULL</core><StgValue><ssdm name="x"/></StgValue>
</port>
<port id="73" name="shift_reg" dir="2" iftype="1">
<core>RAM</core><StgValue><ssdm name="shift_reg"/><MemPortTyVec>1 0 </MemPortTyVec>
</StgValue>
</port>
<port id="74" name="c" dir="0" iftype="1">
<core>ROM_nP</core><StgValue><ssdm name="c"/><MemPortTyVec>1 </MemPortTyVec>
</StgValue>
</port>
</ports>


<dataflows>
<dataflow id="76" from="StgValue_75" to="shift_reg_load" fromId="75" toId="9">
</dataflow>
<dataflow id="77" from="StgValue_75" to="shift_reg_load" fromId="75" toId="10">
</dataflow>
<dataflow id="78" from="shift_reg_load" to="tmp_1_cast" fromId="10" toId="11">
</dataflow>
<dataflow id="79" from="tmp_1_cast" to="acc" fromId="11" toId="12">
</dataflow>
<dataflow id="81" from="StgValue_80" to="acc" fromId="80" toId="12">
</dataflow>
<dataflow id="83" from="_ssdm_op_SpecBitsMap" to="StgValue_13" fromId="82" toId="13">
</dataflow>
<dataflow id="84" from="y" to="StgValue_13" fromId="71" toId="13">
</dataflow>
<dataflow id="85" from="_ssdm_op_SpecBitsMap" to="StgValue_14" fromId="82" toId="14">
</dataflow>
<dataflow id="86" from="x" to="StgValue_14" fromId="72" toId="14">
</dataflow>
<dataflow id="88" from="_ssdm_op_SpecTopModule" to="StgValue_15" fromId="87" toId="15">
</dataflow>
<dataflow id="90" from="fir_str" to="StgValue_15" fromId="89" toId="15">
</dataflow>
<dataflow id="92" from="_ssdm_op_Read.s_axilite.i16" to="x_read" fromId="91" toId="16">
</dataflow>
<dataflow id="93" from="x" to="x_read" fromId="72" toId="16">
</dataflow>
<dataflow id="95" from="_ssdm_op_SpecInterface" to="StgValue_17" fromId="94" toId="17">
</dataflow>
<dataflow id="97" from="StgValue_96" to="StgValue_17" fromId="96" toId="17">
</dataflow>
<dataflow id="99" from="p_str" to="StgValue_17" fromId="98" toId="17">
</dataflow>
<dataflow id="100" from="StgValue_96" to="StgValue_17" fromId="96" toId="17">
</dataflow>
<dataflow id="101" from="StgValue_96" to="StgValue_17" fromId="96" toId="17">
</dataflow>
<dataflow id="103" from="p_str1" to="StgValue_17" fromId="102" toId="17">
</dataflow>
<dataflow id="104" from="StgValue_96" to="StgValue_17" fromId="96" toId="17">
</dataflow>
<dataflow id="105" from="StgValue_96" to="StgValue_17" fromId="96" toId="17">
</dataflow>
<dataflow id="107" from="p_str2" to="StgValue_17" fromId="106" toId="17">
</dataflow>
<dataflow id="108" from="p_str1" to="StgValue_17" fromId="102" toId="17">
</dataflow>
<dataflow id="109" from="p_str1" to="StgValue_17" fromId="102" toId="17">
</dataflow>
<dataflow id="110" from="StgValue_96" to="StgValue_17" fromId="96" toId="17">
</dataflow>
<dataflow id="111" from="StgValue_96" to="StgValue_17" fromId="96" toId="17">
</dataflow>
<dataflow id="112" from="StgValue_96" to="StgValue_17" fromId="96" toId="17">
</dataflow>
<dataflow id="113" from="StgValue_96" to="StgValue_17" fromId="96" toId="17">
</dataflow>
<dataflow id="114" from="p_str1" to="StgValue_17" fromId="102" toId="17">
</dataflow>
<dataflow id="115" from="p_str1" to="StgValue_17" fromId="102" toId="17">
</dataflow>
<dataflow id="116" from="_ssdm_op_SpecInterface" to="StgValue_18" fromId="94" toId="18">
</dataflow>
<dataflow id="117" from="y" to="StgValue_18" fromId="71" toId="18">
</dataflow>
<dataflow id="118" from="p_str" to="StgValue_18" fromId="98" toId="18">
</dataflow>
<dataflow id="119" from="StgValue_96" to="StgValue_18" fromId="96" toId="18">
</dataflow>
<dataflow id="120" from="StgValue_96" to="StgValue_18" fromId="96" toId="18">
</dataflow>
<dataflow id="121" from="p_str1" to="StgValue_18" fromId="102" toId="18">
</dataflow>
<dataflow id="122" from="StgValue_96" to="StgValue_18" fromId="96" toId="18">
</dataflow>
<dataflow id="123" from="StgValue_96" to="StgValue_18" fromId="96" toId="18">
</dataflow>
<dataflow id="124" from="p_str2" to="StgValue_18" fromId="106" toId="18">
</dataflow>
<dataflow id="125" from="p_str1" to="StgValue_18" fromId="102" toId="18">
</dataflow>
<dataflow id="126" from="p_str1" to="StgValue_18" fromId="102" toId="18">
</dataflow>
<dataflow id="127" from="StgValue_96" to="StgValue_18" fromId="96" toId="18">
</dataflow>
<dataflow id="128" from="StgValue_96" to="StgValue_18" fromId="96" toId="18">
</dataflow>
<dataflow id="129" from="StgValue_96" to="StgValue_18" fromId="96" toId="18">
</dataflow>
<dataflow id="130" from="StgValue_96" to="StgValue_18" fromId="96" toId="18">
</dataflow>
<dataflow id="131" from="p_str1" to="StgValue_18" fromId="102" toId="18">
</dataflow>
<dataflow id="132" from="p_str1" to="StgValue_18" fromId="102" toId="18">
</dataflow>
<dataflow id="133" from="_ssdm_op_SpecInterface" to="StgValue_19" fromId="94" toId="19">
</dataflow>
<dataflow id="134" from="x" to="StgValue_19" fromId="72" toId="19">
</dataflow>
<dataflow id="135" from="p_str" to="StgValue_19" fromId="98" toId="19">
</dataflow>
<dataflow id="136" from="StgValue_96" to="StgValue_19" fromId="96" toId="19">
</dataflow>
<dataflow id="137" from="StgValue_96" to="StgValue_19" fromId="96" toId="19">
</dataflow>
<dataflow id="138" from="p_str1" to="StgValue_19" fromId="102" toId="19">
</dataflow>
<dataflow id="139" from="StgValue_96" to="StgValue_19" fromId="96" toId="19">
</dataflow>
<dataflow id="140" from="StgValue_96" to="StgValue_19" fromId="96" toId="19">
</dataflow>
<dataflow id="141" from="p_str2" to="StgValue_19" fromId="106" toId="19">
</dataflow>
<dataflow id="142" from="p_str1" to="StgValue_19" fromId="102" toId="19">
</dataflow>
<dataflow id="143" from="p_str1" to="StgValue_19" fromId="102" toId="19">
</dataflow>
<dataflow id="144" from="StgValue_96" to="StgValue_19" fromId="96" toId="19">
</dataflow>
<dataflow id="145" from="StgValue_96" to="StgValue_19" fromId="96" toId="19">
</dataflow>
<dataflow id="146" from="StgValue_96" to="StgValue_19" fromId="96" toId="19">
</dataflow>
<dataflow id="147" from="StgValue_96" to="StgValue_19" fromId="96" toId="19">
</dataflow>
<dataflow id="148" from="p_str1" to="StgValue_19" fromId="102" toId="19">
</dataflow>
<dataflow id="149" from="p_str1" to="StgValue_19" fromId="102" toId="19">
</dataflow>
<dataflow id="150" from="acc" to="acc_cast" fromId="12" toId="20">
</dataflow>
<dataflow id="151" from="acc_cast" to="acc1" fromId="20" toId="22">
<condition id="42">
<or_exp><and_exp></and_exp></or_exp>
</condition>
</dataflow>
<dataflow id="152" from="StgValue_21" to="acc1" fromId="21" toId="22">
</dataflow>
<dataflow id="153" from="acc_2" to="acc1" fromId="45" toId="22">
<BackEdge/>
<condition id="43">
<or_exp><and_exp><literal name="tmp_3" val="0"/>
</and_exp></or_exp>
</condition>
</dataflow>
<dataflow id="154" from="StgValue_47" to="acc1" fromId="47" toId="22">
<BackEdge/>
</dataflow>
<dataflow id="156" from="StgValue_155" to="i" fromId="155" toId="23">
<condition id="44">
<or_exp><and_exp></and_exp></or_exp>
</condition>
</dataflow>
<dataflow id="157" from="StgValue_21" to="i" fromId="21" toId="23">
</dataflow>
<dataflow id="158" from="i_1" to="i" fromId="27" toId="23">
<BackEdge/>
<condition id="45">
<or_exp><and_exp><literal name="tmp_3" val="0"/>
</and_exp></or_exp>
</condition>
</dataflow>
<dataflow id="159" from="StgValue_47" to="i" fromId="47" toId="23">
<BackEdge/>
</dataflow>
<dataflow id="160" from="i" to="tmp_3" fromId="23" toId="24">
</dataflow>
<dataflow id="162" from="StgValue_161" to="tmp_3" fromId="161" toId="24">
</dataflow>
<dataflow id="163" from="tmp_3" to="StgValue_25" fromId="24" toId="25">
</dataflow>
<dataflow id="164" from="i" to="i_cast1" fromId="23" toId="26">
</dataflow>
<dataflow id="165" from="i" to="i_1" fromId="23" toId="27">
</dataflow>
<dataflow id="167" from="StgValue_166" to="i_1" fromId="166" toId="27">
</dataflow>
<dataflow id="168" from="i_1" to="i_1_cast" fromId="27" toId="28">
</dataflow>
<dataflow id="169" from="shift_reg" to="shift_reg_addr" fromId="73" toId="29">
</dataflow>
<dataflow id="170" from="StgValue_96" to="shift_reg_addr" fromId="96" toId="29">
</dataflow>
<dataflow id="171" from="i_1_cast" to="shift_reg_addr" fromId="28" toId="29">
</dataflow>
<dataflow id="172" from="shift_reg_addr" to="shift_reg_load_1" fromId="29" toId="30">
</dataflow>
<dataflow id="173" from="c" to="c_addr" fromId="74" toId="31">
</dataflow>
<dataflow id="174" from="StgValue_96" to="c_addr" fromId="96" toId="31">
</dataflow>
<dataflow id="175" from="i_cast1" to="c_addr" fromId="26" toId="31">
</dataflow>
<dataflow id="176" from="c_addr" to="c_load" fromId="31" toId="32">
</dataflow>
<dataflow id="177" from="shift_reg_addr" to="shift_reg_load_1" fromId="29" toId="33">
</dataflow>
<dataflow id="178" from="c_addr" to="c_load" fromId="31" toId="34">
</dataflow>
<dataflow id="179" from="shift_reg" to="shift_reg_addr_1" fromId="73" toId="35">
</dataflow>
<dataflow id="180" from="StgValue_96" to="shift_reg_addr_1" fromId="96" toId="35">
</dataflow>
<dataflow id="181" from="i_cast1" to="shift_reg_addr_1" fromId="26" toId="35">
</dataflow>
<dataflow id="182" from="shift_reg_load_1" to="StgValue_36" fromId="33" toId="36">
</dataflow>
<dataflow id="183" from="shift_reg_addr_1" to="StgValue_36" fromId="35" toId="36">
</dataflow>
<dataflow id="185" from="_ssdm_op_SpecLoopTripCount" to="empty" fromId="184" toId="37">
</dataflow>
<dataflow id="187" from="StgValue_186" to="empty" fromId="186" toId="37">
</dataflow>
<dataflow id="188" from="StgValue_186" to="empty" fromId="186" toId="37">
</dataflow>
<dataflow id="189" from="StgValue_186" to="empty" fromId="186" toId="37">
</dataflow>
<dataflow id="191" from="_ssdm_op_SpecLoopName" to="StgValue_38" fromId="190" toId="38">
</dataflow>
<dataflow id="193" from="p_str3" to="StgValue_38" fromId="192" toId="38">
</dataflow>
<dataflow id="195" from="_ssdm_op_SpecRegionBegin" to="tmp" fromId="194" toId="39">
</dataflow>
<dataflow id="196" from="p_str3" to="tmp" fromId="192" toId="39">
</dataflow>
<dataflow id="198" from="_ssdm_op_SpecPipeline" to="StgValue_40" fromId="197" toId="40">
</dataflow>
<dataflow id="200" from="StgValue_199" to="StgValue_40" fromId="199" toId="40">
</dataflow>
<dataflow id="202" from="StgValue_201" to="StgValue_40" fromId="201" toId="40">
</dataflow>
<dataflow id="203" from="StgValue_201" to="StgValue_40" fromId="201" toId="40">
</dataflow>
<dataflow id="204" from="StgValue_96" to="StgValue_40" fromId="96" toId="40">
</dataflow>
<dataflow id="205" from="p_str1" to="StgValue_40" fromId="102" toId="40">
</dataflow>
<dataflow id="206" from="shift_reg_load_1" to="tmp_cast" fromId="33" toId="41">
</dataflow>
<dataflow id="207" from="c_load" to="tmp_2_cast" fromId="34" toId="42">
</dataflow>
<dataflow id="208" from="tmp_2_cast" to="tmp_6" fromId="42" toId="43">
</dataflow>
<dataflow id="209" from="tmp_cast" to="tmp_6" fromId="41" toId="43">
</dataflow>
<dataflow id="210" from="tmp_6" to="tmp_6_cast" fromId="43" toId="44">
</dataflow>
<dataflow id="211" from="tmp_6_cast" to="acc_2" fromId="44" toId="45">
</dataflow>
<dataflow id="212" from="acc1" to="acc_2" fromId="22" toId="45">
</dataflow>
<dataflow id="214" from="_ssdm_op_SpecRegionEnd" to="empty_4" fromId="213" toId="46">
</dataflow>
<dataflow id="215" from="p_str3" to="empty_4" fromId="192" toId="46">
</dataflow>
<dataflow id="216" from="tmp" to="empty_4" fromId="39" toId="46">
</dataflow>
<dataflow id="217" from="acc1" to="tmp_1" fromId="22" toId="48">
</dataflow>
<dataflow id="218" from="x_read" to="tmp_4_cast" fromId="16" toId="49">
</dataflow>
<dataflow id="219" from="StgValue_80" to="tmp_5" fromId="80" toId="50">
</dataflow>
<dataflow id="220" from="tmp_4_cast" to="tmp_5" fromId="49" toId="50">
</dataflow>
<dataflow id="221" from="tmp_5" to="tmp_5_cast" fromId="50" toId="51">
</dataflow>
<dataflow id="222" from="tmp_5_cast" to="acc_1" fromId="51" toId="52">
</dataflow>
<dataflow id="223" from="tmp_1" to="acc_1" fromId="48" toId="52">
</dataflow>
<dataflow id="224" from="x_read" to="StgValue_53" fromId="16" toId="53">
</dataflow>
<dataflow id="226" from="StgValue_225" to="StgValue_53" fromId="225" toId="53">
</dataflow>
<dataflow id="228" from="_ssdm_op_PartSelect.i16.i31.i32.i32" to="tmp_8" fromId="227" toId="54">
</dataflow>
<dataflow id="229" from="acc_1" to="tmp_8" fromId="52" toId="54">
</dataflow>
<dataflow id="231" from="StgValue_230" to="tmp_8" fromId="230" toId="54">
</dataflow>
<dataflow id="233" from="StgValue_232" to="tmp_8" fromId="232" toId="54">
</dataflow>
<dataflow id="235" from="_ssdm_op_Write.s_axilite.i16P" to="StgValue_55" fromId="234" toId="55">
</dataflow>
<dataflow id="236" from="y" to="StgValue_55" fromId="71" toId="55">
</dataflow>
<dataflow id="237" from="tmp_8" to="StgValue_55" fromId="54" toId="55">
</dataflow>
<dataflow id="238" from="tmp_3" to="StgValue_5" fromId="24" toId="5">
</dataflow>
<dataflow id="239" from="tmp_3" to="StgValue_6" fromId="24" toId="6">
</dataflow>
<dataflow id="240" from="tmp_3" to="StgValue_7" fromId="24" toId="7">
</dataflow>
</dataflows>


</stg>
